SA2 Code,SA2 Label,Asthma (%) All ages,Asthma (%) 60 years and over,Asthma (%) 70 years and over
801051125,Duntroon,13.4,0,0
801071132,Tuggeranong - West,NA,0,0
801011112,West Belconnen,NA,0,0
801011012,Gooromon,NA,0,0
206051131,Port Melbourne Industrial,NA,0,0
507051189,Rockingham Lakes,NA,0,0
504031063,Malaga,NA,0,0
117011325,Sydney Airport,NA,0,0
801011111,Molonglo Corridor,NA,0,0
128021537,Royal National Park,NA,0,0
801031031,Hume,NA,0,0
801101138,Molonglo - North,NA,0,0
505031106,Neerabup National Park,NA,0,0
506011111,Ashendon - Lesley,NA,0,0
504031055,Avon Valley National Park,NA,0,0
125031486,Smithfield Industrial,NA,0,0
701011003,East Point,NA,0,0
125031487,Yennora Industrial,NA,0,0
117011324,Port Botany Industrial,NA,0,0
603011068,Wilderness - East,NA,0,0
801031032,Kowen,NA,0,0
206041120,Flemington Racecourse,NA,0,0
124011451,Blue Mountains - North,NA,NA,0
107021135,Illawarra Catchment Reserve,NA,NA,0
701011001,Darwin Airport,NA,NA,0
501021011,Davenport,NA,NA,0
124021456,Blue Mountains - South,NA,NA,0
801061130,Fyshwick,NA,NA,0
302031036,Brisbane Airport,NA,NA,0
205021080,Alps - East,NA,NA,0
210051248,Melbourne Airport,NA,NA,0
127021521,Wetherill Park Industrial,NA,NA,0
507011155,Henderson,NA,NA,0
308031221,Shoalwater Bay,NA,NA,0
319021510,North Burnett,NA,NA,0
504021052,Malmalling - Reservoir,NA,NA,0
205031092,Wilsons Promontory,NA,NA,0
701031033,Koolpinyah,NA,NA,0
208031184,Braeside,NA,NA,0
116031318,Prospect Reservoir,NA,NA,0
127021518,Horsley Park - Kemps Creek,7.6,7.1,6.9
119021363,Canterbury (South) - Campsie,5.6,6.9,7
120031396,Homebush,5.2,7.1,7.1
119031368,Hurstville,5.4,6.8,7.2
120031391,Burwood - Croydon,5.9,7.4,7.5
120031392,Canterbury (North) - Ashbury,7.3,7.6,7.5
119041376,Bexley,6.4,7.4,7.6
116021309,Glenwood,7.2,7.6,7.6
125011473,Homebush Bay - Silverwater,5.9,7.8,7.6
118011344,Dover Heights,7.5,7.9,7.6
119041381,Rockdale - Banksia,5.7,7.5,7.7
119041379,Kogarah Bay - Carlton - Allawah,6.5,7.7,7.8
120031395,Haberfield - Summer Hill,7.9,8.1,7.8
127021520,St Johns Park - Wakeley,7.7,8.2,7.8
119041378,Kogarah,5.7,7.6,7.9
119031374,South Hurstville - Blakehurst,6.6,7.7,7.9
120031390,Ashfield,6.2,7.8,7.9
120011384,Concord West - North Strathfield,5.6,7.7,8
119041377,Kingsgrove (South) - Bardwell Park,7.3,7.8,8
119021364,Kingsgrove (North) - Earlwood,8,8.1,8
120011383,Concord - Mortlake - Cabarita,7.6,8.3,8
208021178,Caulfield - South,8,8.3,8
505011076,Iluka - Burns Beach,8,8.7,8
119041375,Arncliffe - Bardwell Valley,5.9,7.8,8.1
126021497,Eastwood - Denistone,6.4,7.9,8.1
117031337,Sydney - Haymarket - The Rocks,4.9,8,8.1
505021093,Stirling - Osborne Park,7.1,8.1,8.1
119041380,Monterey - Brighton-le-Sands - Kyeemagh,7.3,8.1,8.1
208021177,Caulfield - North,7.6,8.2,8.1
701031032,Humpty Doo,8.3,8.5,8.1
101021011,Queanbeyan Region,8.7,8.5,8.1
212031306,Lynbrook - Lyndhurst,6.1,7.8,8.2
207011153,Kew,7.6,8.3,8.2
504011048,Noranda,7.9,8.4,8.2
503021040,North Perth,8.1,8.4,8.2
127011506,Cobbitty - Leppington,7.9,8.5,8.2
501011003,Busselton Region,8.2,8.5,8.2
126021503,West Ryde - Meadowbank,6.1,8.1,8.3
206041122,Melbourne,4.5,8.2,8.3
117011322,Mascot - Eastlakes,6.5,8.2,8.3
303031060,Eight Mile Plains,6.2,8.3,8.3
207011147,Balwyn,7.1,8.3,8.3
119031371,Oatley - Hurstville Grove,7.6,8.3,8.3
118011343,Double Bay - Bellevue Hill,7.7,8.4,8.3
117021328,Sydenham - Tempe - St Peters,8.5,8.4,8.3
115031299,Bilpin - Colo - St Albans,8.7,8.4,8.3
206061138,Toorak,7.8,8.5,8.3
120011386,Five Dock - Abbotsford,7.9,8.5,8.3
509021239,Gingin - Dandaragan,8.5,8.6,8.3
509021236,Chittering,8.7,8.6,8.3
506031131,Willetton,6.5,8.2,8.4
120031393,Croydon Park - Enfield,7.6,8.3,8.4
118011341,Bondi Junction - Waverly,7.3,8.5,8.4
601021005,Cambridge,8.8,8.5,8.4
118011339,Bondi - Tamarama - Bronte,7.6,8.6,8.4
317011452,Middle Ridge,8.1,8.6,8.4
115031300,Kurrajong Heights - Ebenezer,8.9,8.6,8.4
214021378,Flinders,8.9,8.7,8.4
305011105,Brisbane City,6.2,8.9,8.4
210011228,Keilor,8.8,8.9,8.4
119031370,Narwee - Beverly Hills,6.9,8.1,8.5
304011081,Jindalee - Mount Ommaney,8,8.6,8.5
118011340,Bondi Beach - North Bondi,7.5,8.7,8.5
207011149,Camberwell,7.8,8.7,8.5
120011385,Drummoyne - Rodd Point,8.1,8.7,8.5
507011152,Coogee,8.4,8.8,8.5
208041195,Malvern East,7.8,8.9,8.5
120031394,Dulwich Hill - Lewisham,8.5,8.9,8.5
119031369,Mortdale - Penshurst,7,8.3,8.6
506031125,Canning Vale - West,7.3,8.3,8.6
119021367,Roselands,7.5,8.3,8.6
116021310,Parklea - Kellyville Ridge,7.4,8.4,8.6
507041180,Leeming,7.8,8.5,8.6
506071147,South Perth - Kensington,7.6,8.8,8.6
303011051,Carindale,8,8.8,8.6
208021179,Elsternwick,8.2,8.8,8.6
206051129,Elwood,8,9,8.6
101021012,Queanbeyan West - Jerrabomberra,9.6,9,8.6
210011230,Niddrie - Essendon West,8.8,9.1,8.6
314011384,Dayboro,9.1,9.1,8.6
504031068,The Vines,8.6,9.2,8.6
125041492,Parramatta - Rosehill,5.1,8.4,8.7
206041118,Docklands,5.4,8.7,8.7
208021176,Carnegie,6.9,8.7,8.7
118011345,Paddington - Moore Park,7.8,8.7,8.7
119041382,Sans Souci - Ramsgate,8,8.7,8.7
402051051,Highbury - Dernancourt,8.4,8.8,8.7
127021510,Bossley Park - Abbotsbury,8.6,9,8.7
501011004,Margaret River,8.4,9.1,8.7
507041176,Bateman,7.4,8.5,8.8
206041126,Southbank,5.6,8.6,8.8
125021476,Carlingford,7.1,8.6,8.8
505021086,Dianella,7.7,8.7,8.8
507041175,Applecross - Ardross,7.7,8.7,8.8
303031064,Rochedale - Burbank,7.3,8.8,8.8
127011505,Austral - Greendale,9.2,8.9,8.8
117011321,Botany,8,9,8.8
126021498,Gladesville - Huntleys Point,8,9,8.8
207011150,Glen Iris - East,8.4,9,8.8
117021327,Petersham - Stanmore,9,9,8.8
317011450,Highfields,9,9,8.8
121011398,Chatswood (East) - Artarmon,6.2,8.5,8.9
115011291,Baulkham Hills (West) - Bella Vista,7.8,8.6,8.9
506071146,Manning - Waterford,7.5,8.7,8.9
126021501,North Ryde - East Ryde,7.6,8.9,8.9
503021039,Mount Lawley - Inglewood,8.1,8.9,8.9
208011169,Brighton (Vic.),8.3,8.9,8.9
209011201,Ivanhoe East - Eaglemont,8.4,8.9,8.9
501011001,Augusta,8.6,8.9,8.9
208021182,Ormond - Glen Huntly,6.8,9,8.9
507041184,Winthrop,8.6,9,8.9
206051128,Albert Park,7.8,9.1,8.9
505011079,Mullaloo - Kallaroo,8.4,9.1,8.9
401021010,Uraidla - Summertown,9,9.1,8.9
107031140,Kiama Hinterland - Gerringong,9.3,9.1,8.9
124031463,Mulgoa - Luddenham - Orchard Hills,9.3,9.3,8.9
122011418,Balgowlah - Clontarf - Seaforth,8.3,9.5,8.9
509011232,Little Grove - Elleker,8.7,8.8,9
507011148,Banjup,7.9,9,9
505021096,Wembley Downs - Churchlands - Woodlands,8.1,9,9
117031329,Darlinghurst,7.3,9.1,9
505021095,Tuart Hill - Joondanna,7.5,9.2,9
209031214,Research - North Warrandyte,9.4,9.4,9
304041104,Upper Kedron - Ferny Grove,9.5,9.5,9
801011006,Dunlop,9,9.6,9
126021500,Macquarie Park - Marsfield,5.9,8.6,9.1
115041302,Rouse Hill - Beaumont Hills,8.2,8.7,9.1
507041179,Bull Creek,7.3,8.8,9.1
506041133,Canning Vale - East,7,8.9,9.1
207021156,Bulleen,8.3,8.9,9.1
125021478,Oatlands - Dundas Valley,7.2,9,9.1
208021174,Bentleigh - McKinnon,8,9,9.1
115021297,Dural - Kenthurst - Wisemans Ferry,8.8,9,9.1
304021086,Bellbowrie - Moggill,8.3,9.2,9.1
122031428,Frenchs Forest - Belrose,8.5,9.2,9.1
505021089,Karrinyup - Gwelup - Carine,8.6,9.2,9.1
314011387,Samford Valley,9.1,9.2,9.1
504021050,Glen Forrest - Darlington,9.1,9.2,9.1
304021088,Chapel Hill,8.3,9.3,9.1
208041194,Malvern - Glen Iris,8.4,9.3,9.1
213021346,Williamstown,8.7,9.3,9.1
505011075,Hillarys,8.7,9.3,9.1
506061144,Serpentine - Jarrahdale,8.8,9.3,9.1
701011004,Fannie Bay - The Gardens,8.1,9.4,9.1
207011146,Ashburton (Vic.),8.5,9.4,9.1
107031139,Kiama Downs - Minnamurra,9.5,9.4,9.1
126011495,Epping - North Epping,6.6,8.5,9.2
117031334,Pyrmont - Ultimo,5.8,8.7,9.2
127031523,Chipping Norton - Moorebank,7.7,8.9,9.2
114021289,Southern Highlands,9.1,9,9.2
125031481,Granville - Clyde,7.3,9.1,9.2
505021097,Yokine - Coolbinia - Menora,7.8,9.1,9.2
212041310,Clayton South,6.8,9.2,9.2
507041178,Booragoon,8.2,9.2,9.2
208011170,Brighton East,8.8,9.2,9.2
114021284,Bowral,9.1,9.2,9.2
304021090,Kenmore,8.3,9.3,9.2
208011168,Beaumaris,9,9.3,9.2
125021477,Ermington - Rydalmere,7.7,9.4,9.2
212041314,Keysborough,7.7,9.4,9.2
118021348,Coogee - Clovelly,8,9.4,9.2
309011224,Broadbeach Waters,8.7,9.4,9.2
206051130,Port Melbourne,8.3,9.5,9.2
401071023,Goodwood - Millswood,8.5,9.5,9.2
208031190,Mentone,8.6,9.5,9.2
208031193,Mordialloc - Parkdale,8.9,9.5,9.2
210011229,Keilor East,9.2,9.5,9.2
305021118,Norman Park,9,9.6,9.2
506051141,Lesmurdie - Bickley - Carmel,9.5,9.6,9.2
305041132,Ashgrove,9.2,9.7,9.2
314011385,Eatons Hill,9.6,9.7,9.2
506031129,Riverton - Shelley - Rossmoyne,7.1,8.9,9.3
119031372,Peakhurst - Lugarno,8.3,9,9.3
115011290,Baulkham Hills (East),7.6,9.1,9.3
122031427,Forestville - Killarney Heights,8.3,9.1,9.3
207021159,Templestowe,8.3,9.1,9.3
801091101,Farrer,8.8,9.1,9.3
504021053,Mundaring,9.2,9.2,9.3
117031333,Potts Point - Woolloomooloo,7.5,9.3,9.3
301031019,Wakerley,8.2,9.3,9.3
121011402,Willoughby - Castle Cove - Northbridge,8.5,9.3,9.3
121021404,Berowra - Brooklyn - Cowan,8.9,9.3,9.3
207011155,Surrey Hills (West) - Canterbury,8.3,9.4,9.3
401071024,Unley - Parkside,8.5,9.4,9.3
120021388,Leichhardt - Annandale,8.8,9.4,9.3
208011173,Sandringham - Black Rock,8.9,9.5,9.3
506051140,Kalamunda - Maida Vale - Gooseberry Hill,9.3,9.5,9.3
304031093,Corinda,8.7,9.6,9.3
304031092,Chelmer - Graceville,8.9,9.6,9.3
303041071,Tarragindi,9.1,9.6,9.3
214021382,Mount Martha,9.5,9.7,9.3
128021535,Menai - Lucas Heights - Woronora,9.7,9.7,9.3
121041414,Crows Nest - Waverton,7.5,9.1,9.4
122031426,Dee Why - North Curl Curl,7.4,9.3,9.4
503021043,Wembley - West Leederville - Glendalough,7.5,9.3,9.4
301011002,Belmont - Gumdale,8.7,9.3,9.4
206051133,St Kilda,7.5,9.5,9.4
401031012,Glenside - Beaumont,7.9,9.5,9.4
122031429,Freshwater - Brookvale,8.2,9.5,9.4
212041309,Clarinda - Oakleigh South,8.5,9.5,9.4
208011171,Cheltenham - Highett (West),8.8,9.5,9.4
505011072,Duncraig,8.8,9.5,9.4
801041047,Nicholls,9,9.5,9.4
309031239,Paradise Point - Hollywell,9.2,9.6,9.4
401021004,Aldgate - Stirling,9.5,9.6,9.4
123011434,Elderslie - Harrington Park,9.8,9.8,9.4
123031446,Douglas Park - Appin,8.8,8.9,9.5
506011113,Forrestdale - Harrisdale - Piara Waters,6.5,9,9.5
119011360,Revesby,8.1,9.2,9.5
120021389,Lilyfield - Rozelle,8.5,9.3,9.5
121021406,Normanhurst - Thornleigh - Westleigh,8.5,9.3,9.5
121041416,Neutral Bay - Kirribilli,7.6,9.4,9.5
208021181,Murrumbeena,7.7,9.4,9.5
601051031,Sandy Bay,8,9.4,9.5
207011148,Balwyn North,8.3,9.4,9.5
401061022,Walkerville,8.3,9.5,9.5
121021403,Asquith - Mount Colah,9,9.5,9.5
208031189,Edithvale - Aspendale,9.1,9.5,9.5
401031011,Burnside - Wattle Park,8.4,9.6,9.5
125041494,Winston Hills,8.7,9.6,9.5
507041181,Melville,9.2,9.6,9.5
309101267,Benowa,8.4,9.7,9.5
214021381,Mount Eliza,9.5,9.7,9.5
305011108,Kangaroo Point,7.7,9.8,9.5
305021114,Bulimba,8.6,9.8,9.5
208011172,Hampton,9.2,9.8,9.5
122011419,Manly - Fairlight,7.8,9.9,9.5
306011138,Brinsmead,9.9,10.2,9.5
121011399,Chatswood (West) - Lane Cove North,7.1,9.2,9.6
117031330,Erskineville - Alexandria,7.6,9.2,9.6
126011496,Pennant Hills - Cheltenham,8.1,9.2,9.6
207021157,Doncaster,7.5,9.3,9.6
125031485,Merrylands - Holroyd,7.5,9.4,9.6
119011359,Panania - Milperra - Picnic Point,8.5,9.5,9.6
304021087,Brookfield - Kenmore Hills,8.7,9.5,9.6
505011083,Woodvale,8.7,9.5,9.6
503011031,Claremont (WA),8.5,9.6,9.6
305031125,Hendra,8.8,9.6,9.6
114011272,Berry - Kangaroo Valley,9.5,9.6,9.6
305031128,Newstead - Bowen Hills,7.9,9.7,9.6
125031482,Greystanes - Pemulwuy,9.1,9.7,9.6
314011382,Albany Creek,9.5,9.7,9.6
209031211,Kinglake,10.2,9.7,9.6
127021514,Edensor Park,9.7,9.9,9.6
311031318,Munruben - Park Ridge South,10,9.9,9.6
127021517,Greenfield Park - Prairiewood,9.3,10,9.6
506061143,Mundijong,9.4,10,9.6
127021515,Fairfield,8.3,9.5,9.7
119011356,Condell Park,8.8,9.5,9.7
503021042,Subiaco - Shenton Park,7.9,9.6,9.7
126021499,Hunters Hill - Woolwich,8.8,9.6,9.7
211031268,Ringwood North,9.2,9.6,9.7
206061137,South Yarra - East,7.4,9.7,9.7
305031122,Clayfield,8.2,9.7,9.7
505011078,Kingsley,9,9.7,9.7
305011109,New Farm,8.4,10,9.7
127011595,Hinchinbrook,9.7,10.2,9.7
302011023,Bridgeman Downs,8.8,9.2,9.8
207021424,Doncaster East (North),8.1,9.4,9.8
801071084,Monash,9,9.5,9.8
128011531,Sylvania - Taren Point,8.6,9.6,9.8
213051466,Point Cook - South,8.2,9.8,9.8
122031424,Beacon Hill - Narraweena,8.9,9.8,9.8
128021536,Oyster Bay - Como - Jannali,9.5,9.9,9.8
309051243,Currumbin Valley - Tallebudgera,9.5,9.9,9.8
304041103,The Gap,9.7,10,9.8
213011329,Cairnlea,9.3,10.1,9.8
305041134,Bardon,9.3,10.1,9.8
207011154,Kew East,9.9,10.4,9.8
304011085,Westlake,9.9,10.4,9.8
303051073,Calamvale - Stretton,7.4,9.4,9.9
120021387,Balmain,8.5,9.6,9.9
117031335,Redfern - Chippendale,6.8,9.7,9.9
305021116,Hawthorne,8.6,9.7,9.9
208031183,Aspendale Gardens - Waterways,9.3,9.7,9.9
125011582,Auburn - Central,7.3,9.8,9.9
212051320,Clayton,6.2,9.9,9.9
401061020,Nailsworth - Broadview,8.4,9.9,9.9
503011034,Mosman Park - Peppermint Grove,8.7,9.9,9.9
801091099,Chifley,9.1,9.9,9.9
124011454,Springwood - Winmalee,10.3,9.9,9.9
122031431,Narrabeen - Collaroy,8.9,10,9.9
122031425,Cromer,9.1,10,9.9
206051134,St Kilda East,8.8,10.1,9.9
122021420,Avalon - Palm Beach,9.5,10.1,9.9
118011346,Rose Bay - Vaucluse - Watsons Bay,9.7,10.1,9.9
112011242,Lennox Head - Skennars Head,9.9,10.1,9.9
209031213,Plenty - Yarrambat,10.2,10.1,9.9
206011106,Brunswick East,9.1,10.2,9.9
127011594,Green Valley,9.7,10.2,9.9
127011593,Cecil Hills,10.1,10.2,9.9
127011597,West Hoxton - Middleton Grange,10.2,10.3,9.9
318021468,Annandale,10,10.5,9.9
313031371,Woodford - D'Aguilar,10.8,10.5,9.9
213041360,Taylors Hill,8.3,9.4,10
127031524,Holsworthy - Wattle Grove,8.2,9.5,10
303041069,Robertson,6.9,9.7,10
207021160,Templestowe Lower,8.6,9.7,10
211021262,Warrandyte - Wonga Park,9.6,9.7,10
117031336,Surry Hills,6.9,9.8,10
505021092,Scarborough,8.1,9.9,10
122031430,Manly Vale - Allambie Heights,8.9,10,10
401051019,St Peters - Marden,8.9,10,10
505021094,Trigg - North Beach - Watermans Bay,9.2,10,10
123011433,Camden - Ellis Lane,9.9,10,10
101031016,Jindabyne - Berridale,10.6,10.1,10
303021057,Holland Park West,8.5,10.2,10
208021426,Bentleigh East (North),9.1,10.2,10
208021180,Hughesdale,8.4,10.3,10
504021049,Chidlow,10.2,10.5,10
801011026,Weetangera,10.5,10.6,10
117031338,Waterloo - Beaconsfield,6.4,9.8,10.1
125041491,Northmead,6.4,9.8,10.1
121031407,Gordon - Killara,8.4,9.8,10.1
206011109,Pascoe Vale South,9.7,9.9,10.1
401031013,Toorak Gardens,8.3,10,10.1
119021362,Belmore - Belfield,8.8,10,10.1
128011530,Miranda - Yowie Bay,8.8,10,10.1
404031109,West Beach,9,10,10.1
507021164,East Fremantle,9.8,10.1,10.1
128021533,Heathcote - Waterfall,10,10.1,10.1
305031121,Ascot,8.6,10.2,10.1
213031350,Seddon - Kingsville,9.3,10.3,10.1
304031096,St Lucia,7.3,10.4,10.1
209021429,Preston - West,9.4,10.4,10.1
124051469,Erskine Park,10.9,10.6,10.1
403041077,Flagstaff Hill,9.7,10.9,10.1
115041301,Pitt Town - McGraths Hill,9.5,9.5,10.2
125011583,Auburn - North,6.5,9.8,10.2
505031103,Madeley - Darch - Landsdale,8.1,9.8,10.2
212051322,Glen Waverley - West,7.6,9.9,10.2
124031465,Warragamba - Silverdale,9.7,9.9,10.2
503011035,Nedlands - Dalkeith - Crawley,8.9,10.1,10.2
208031188,Cheltenham - Highett (East),9.4,10.3,10.2
107041147,Helensburgh,10.4,10.3,10.2
504031057,Beechboro,8.9,10.5,10.2
208021427,Bentleigh East (South),9.6,10.5,10.2
304011084,Seventeen Mile Rocks - Sinnamon Park,9.8,10.5,10.2
401061021,Prospect,9.4,10.7,10.2
119021573,Lakemba,7.5,10,10.3
206031116,Moonee Ponds,8.4,10.1,10.3
128011529,Gymea - Grays Point,9.4,10.1,10.3
125011586,Lidcombe,8.1,10.2,10.3
115011296,West Pennant Hills,9.3,10.2,10.3
601041026,Taroona - Bonnet Hill,10.2,10.2,10.3
125011585,Berala,8.2,10.3,10.3
801061064,Griffith (ACT),9,10.3,10.3
209011200,Ivanhoe,9.4,10.3,10.3
107041148,Thirroul - Austinmer - Coalcliff,10.2,10.3,10.3
304031094,Indooroopilly,8.3,10.4,10.3
213011337,Sunshine North,8.8,10.4,10.3
212051325,Mulgrave,8.9,10.4,10.3
304011082,Middle Park - Jamboree Heights,9.7,10.5,10.3
407021157,Tatiara,9.8,10.5,10.3
124031460,Glenmore Park - Regentville,10.1,10.5,10.3
503011033,Floreat,10.2,10.6,10.3
101051540,Goulburn Region,10.9,10.7,10.3
127021516,Fairfield - West,8.9,10.1,10.4
801051058,O'Connor (ACT),9.1,10.2,10.4
209021205,Kingsbury,7.8,10.3,10.4
127021511,Cabramatta - Lansvale,8.8,10.3,10.4
122021423,Warriewood - Mona Vale,9.3,10.3,10.4
121031409,Pymble,9.4,10.3,10.4
122021422,Newport - Bilgola,9.6,10.4,10.4
306051168,Kuranda,10.8,10.4,10.4
507011160,Spearwood,9.6,10.5,10.4
117021326,Marrickville,10.3,10.5,10.4
101061542,Yass Region,10.7,10.5,10.4
207011152,Hawthorn East,8.9,10.6,10.4
102011029,Box Head - MacMasters Beach,10.5,10.6,10.4
127011596,Hoxton Park - Carnes Hill - Horningsea Park,10.3,10.7,10.4
212021299,Narre Warren North,10.6,10.7,10.4
801011013,Hawker,10.2,10.8,10.4
801011021,McKellar,10.6,11,10.4
801061069,Red Hill (ACT),10.2,11.2,10.4
801011011,Giralang,11.2,11.7,10.4
211021261,Donvale - Park Orchards,9.1,10,10.5
507041182,Murdoch - Kardinya,8.8,10.1,10.5
801041040,Gungahlin,8.8,10.3,10.5
510031272,Karratha,9.5,10.3,10.5
504011047,Morley,8.9,10.5,10.5
601021012,South Arm,10.9,10.5,10.5
506041132,Beckenham - Kenwick - Langford,8.1,10.6,10.5
128021538,Sutherland - Kirrawee,9.2,10.6,10.5
102011038,Saratoga - Davistown,10.6,10.6,10.5
204031069,Bright - Mount Beauty,10.8,10.6,10.5
213021341,Altona,9.8,10.7,10.5
505011071,Currambine - Kinross,9.7,10.8,10.5
209021428,Preston - East,9.5,11.1,10.5
801011007,Evatt,11.2,11.5,10.5
303061077,Kuraby,8.1,10.2,10.6
125031484,Guildford West - Merrylands West,8.2,10.3,10.6
509011226,Albany Region,10.4,10.4,10.6
212051321,Glen Waverley - East,8,10.5,10.6
125031479,Chester Hill - Sefton,8.7,10.5,10.6
603021069,Bruny Island - Kettering,10.6,10.5,10.6
206071139,Abbotsford,8.5,10.6,10.6
212051327,Wheelers Hill,9.2,10.6,10.6
301021011,Sheldon - Mount Cotton,9.6,10.6,10.6
206071140,Carlton North - Princes Hill,9.7,10.7,10.6
207011151,Hawthorn,8.8,10.8,10.6
127021519,Smithfield - Wetherill Park,9.9,10.8,10.6
404011092,Henley Beach,10,10.8,10.6
206071145,Yarra - North,10.1,10.8,10.6
302021029,Chermside West,10.1,10.8,10.6
306021156,Whitfield - Edge Hill,10.1,10.8,10.6
505011080,Ocean Reef,10.1,10.8,10.6
401041014,Athelstone,10.2,10.8,10.6
504031062,Lockridge - Kiara,9.6,10.9,10.6
210011231,Strathmore,10.6,11,10.6
801011016,Kaleen,10.4,11.3,10.6
212031303,Cranbourne South,9.7,10.5,10.7
121031410,St Ives,9.4,10.6,10.7
308051531,Boyne Island - Tannum Sands,10.5,10.6,10.7
117031332,Newtown - Camperdown - Darlington,8.8,10.7,10.7
212051324,Mount Waverley - South,8.8,10.7,10.7
209031212,Panton Hill - St Andrews,10.7,10.7,10.7
206061135,Armadale,9.6,10.8,10.7
306011141,Redlynch,10.1,10.8,10.7
801061062,Deakin,10.1,10.8,10.7
801091110,Torrens,10.4,10.8,10.7
106021116,Maitland - North,10.7,10.8,10.7
506041135,Huntingdale - Southern River,9,10.9,10.7
127021509,Bonnyrigg Heights - Bonnyrigg,10.4,10.9,10.7
801081094,Holder,10.6,10.9,10.7
124041468,Yarramundi - Londonderry,11.1,10.9,10.7
318021487,Oonoonba,10.1,11,10.7
112031252,Murwillumbah Region,11,11,10.7
304021089,Fig Tree Pocket,10,11.1,10.7
215031403,Robinvale,10.3,11.1,10.7
102011030,Calga - Kulnura,11,11.1,10.7
403041076,Coromandel Valley,10.3,11.2,10.7
213021344,Newport,10.8,11.4,10.7
801011017,Latham,11.4,11.9,10.7
506031127,Cannington - Queens Park,6.7,10.1,10.8
801091104,Isaacs,9.3,10.2,10.8
121011400,Lane Cove - Greenwich,8.7,10.5,10.8
119021574,Wiley Park,8.3,10.6,10.8
127021513,Canley Vale - Canley Heights,9.3,10.6,10.8
122021421,Bayview - Elanora Heights,9.9,10.7,10.8
213051464,Point Cook - East,9.4,10.8,10.8
121031412,Wahroonga (East) - Warrawee,9.6,10.8,10.8
209011203,Viewbank - Yallambie,10,10.8,10.8
308031219,Rockhampton Region - North,10.8,10.9,10.8
310041296,Bellbird Park - Brookwater,10.1,11,10.8
503021038,Mount Hawthorn - Leederville,10.2,11,10.8
128021534,Illawong - Alfords Point,10.7,11,10.8
309101268,Bundall,10.3,11.1,10.8
203021042,Highton,10.7,11.1,10.8
505011082,Sorrento - Marmion,10.9,11.1,10.8
504031060,Gidgegannup,11.2,11.1,10.8
801071076,Fadden,11.3,11.1,10.8
507011260,Jandakot,10.4,11.3,10.8
308051535,Gladstone Hinterland,11.4,11.3,10.8
315011400,Tablelands,12,11.5,10.8
206031114,Essendon - Aberfeldie,8.6,10.5,10.9
303061078,Runcorn,7.8,10.6,10.9
116021312,Riverstone - Marsden Park,9.4,10.6,10.9
303061080,Sunnybank Hills,8.3,10.7,10.9
506031128,Parkwood - Ferndale - Lynwood,9,10.7,10.9
404031106,Lockleys,9.3,10.9,10.9
303031066,Wishart,9.4,10.9,10.9
403031067,Blackwood,10,10.9,10.9
801091100,Curtin,10.5,10.9,10.9
101061541,Yass,10.9,10.9,10.9
103041079,Orange Region,10.9,10.9,10.9
105031103,Dubbo Region,11.3,10.9,10.9
401041015,Paradise - Newton,9.3,11,10.9
509011228,Denmark,10.9,11,10.9
401021005,Hahndorf - Echunga,10.9,11.1,10.9
505011074,Heathridge - Connolly,10.2,11.2,10.9
206011108,Coburg,10.7,11.2,10.9
202011023,Maiden Gully,11.3,11.2,10.9
114011273,Callala Bay - Currarong,11.8,11.2,10.9
801011019,Macgregor (ACT),9.7,11.3,10.9
311051327,Shailer Park,10.7,11.4,10.9
318021489,Townsville - South,11.2,11.4,10.9
114011281,Tomerong - Wandandian - Woollamia,11.4,11.4,10.9
801011001,Aranda,10.7,11.5,10.9
213011332,Keilor Downs,11,11.5,10.9
318021470,Bohle Plains,11,11.6,10.9
206041124,Parkville,7.8,10.5,11
211041273,Vermont South,8.9,10.6,11
209041431,Epping - East,9.1,10.6,11
125011584,Auburn - South,8.5,10.7,11
119011572,Bankstown - South,9.1,10.7,11
505021090,Nollamara - Westminster,7.8,10.8,11
504011045,Bayswater - Embleton - Bedford,9.7,10.9,11
506021123,Victoria Park - Lathlain - Burswood,8.6,11,11
120031576,Strathfield South,10,11,11
404011091,Flinders Park,10,11,11
306011139,Clifton Beach - Kewarra Beach,10.3,11,11
306011140,Freshwater - Stratford,10.3,11,11
124011449,Blackheath - Megalong Valley,11.2,11,11
106041127,Muswellbrook Region,11.6,11,11
206041125,South Yarra - West,9.3,11.1,11
504031056,Ballajura,10.3,11.1,11
202011024,Strathfieldsaye,11.2,11.1,11
801081091,Chapman,10.9,11.2,11
506011115,Mount Nasura - Mount Richon - Bedfordale,11,11.2,11
401021003,Adelaide Hills,11.2,11.2,11
118021565,Kingsford,8.6,11.3,11
115011557,Castle Hill - West,10.7,11.3,11
504031065,Middle Swan - Herne Hill,11.1,11.3,11
209031210,Hurstbridge,11.4,11.3,11
309081261,Robina,10.3,11.4,11
118021564,Kensington (NSW),9.2,11.5,11
209041435,South Morang (North),10.7,11.5,11
112021249,Lismore Region,11.6,11.5,11
309041241,Guanaba - Springbrook,11.4,11.6,11
511041287,Geraldton - North,11.4,11.7,11
801011009,Flynn (ACT),11.7,11.7,11
801011025,Spence,11.6,11.8,11
213051366,Truganina,7.5,10.7,11.1
209041437,Wollert,8.4,10.7,11.1
119011354,Bass Hill - Georges Hall,9.6,10.8,11.1
503011030,City Beach,10.2,10.8,11.1
123021440,Ingleburn - Denham Court,9,10.9,11.1
209011198,Heidelberg - Rosanna,9.6,10.9,11.1
206041123,North Melbourne,7.8,11,11.1
212051323,Mount Waverley - North,9,11,11.1
403031065,Belair,10,11,11.1
121031408,Lindfield - Roseville,10.1,11,11.1
501021010,Dardanup,11.2,11,11.1
403031069,Mitcham (SA),9.9,11.1,11.1
209041220,Mill Park - North,10.4,11.1,11.1
212041318,Springvale South,9,11.2,11.1
123021442,Macquarie Fields - Glenfield,9.1,11.2,11.1
506041137,Thornlie,9.5,11.2,11.1
305031124,Hamilton (Qld),10,11.2,11.1
309011227,Mermaid Beach - Broadbeach,10.1,11.2,11.1
510011262,Broome,10.4,11.3,11.1
507011158,North Coogee,10.4,11.4,11.1
214011376,Skye - Sandhurst,10.7,11.4,11.1
302021030,Geebung,10.7,11.4,11.1
106011113,Singleton Region,11.5,11.4,11.1
801071079,Gowrie (ACT),11.6,11.4,11.1
318011464,Ingham,12,11.4,11.1
504031059,Ellenbrook,9.9,11.5,11.1
505011073,Greenwood - Warwick,10.7,11.5,11.1
124051470,St Clair,11.4,11.7,11.1
801011022,Melba,11.4,11.7,11.1
702051067,Katherine,10.6,12,11.1
801011014,Higgins,11.4,12,11.1
119011571,Bankstown - North,8.8,10.8,11.2
120031575,Strathfield,8.7,11,11.2
121041417,North Sydney - Lavender Bay,8.9,11,11.2
117011323,Pagewood - Hillsdale - Daceyville,9.1,11,11.2
121031411,Turramurra,10,11,11.2
507051191,Singleton - Golden Bay - Secret Harbour,10.1,11,11.2
212041317,Springvale,8.4,11.1,11.2
309081259,Clear Island Waters,10.1,11.1,11.2
209031209,Eltham,10.8,11.1,11.2
305031123,Grange,11,11.1,11.2
801081096,Stirling,11.1,11.1,11.2
506071145,Como,9.3,11.2,11.2
504011044,Bassendean - Eden Hill - Ashfield,10.4,11.2,11.2
101021008,Karabar,11.8,11.2,11.2
213041463,Caroline Springs,10.1,11.3,11.2
402021035,Virginia - Waterloo Corner,10.2,11.3,11.2
801061063,Forrest,10.2,11.3,11.2
503011032,Cottesloe,10.4,11.3,11.2
209041221,Mill Park - South,10.5,11.3,11.2
317011457,Toowoomba - East,10.8,11.3,11.2
303031062,Mansfield (Qld),10,11.4,11.2
505021084,Balcatta - Hamersley,10.2,11.4,11.2
118011347,Woollahra,10.3,11.4,11.2
302021027,Aspley,10.5,11.4,11.2
213021343,Altona North,10.7,11.4,11.2
304021091,Pinjarra Hills - Pullenvale,10.7,11.4,11.2
301031018,Tingalpa,10.4,11.5,11.2
505011081,Padbury,10.5,11.5,11.2
303011047,Camp Hill,10.7,11.5,11.2
317011445,Cambooya - Wyreema,11.5,11.6,11.2
801071074,Chisholm,11.5,11.7,11.2
123011435,Mount Annan - Currans Hill,11.6,11.8,11.2
313041376,Upper Caboolture,12,11.9,11.2
403041075,Clarendon,11.7,12,11.2
127031522,Casula,8.8,10.7,11.3
119021366,Punchbowl,9.6,10.9,11.3
123031447,Picton - Tahmoor - Buxton,10.9,10.9,11.3
123031448,The Oaks - Oakdale,11.1,10.9,11.3
123031445,Bargo,11.1,11,11.3
206071144,Richmond (Vic.),9.5,11.1,11.3
209011202,Montmorency - Briar Hill,10.6,11.2,11.3
118021568,Maroubra - West,9.6,11.3,11.3
801051057,Lyneham,9.6,11.3,11.3
401011002,North Adelaide,9.5,11.4,11.3
123021441,Leumeah - Minto Heights,10.6,11.4,11.3
316051434,Noosa Heads,11,11.4,11.3
122031432,Terrey Hills - Duffys Forest,11.1,11.4,11.3
501011002,Busselton,11.1,11.4,11.3
312021344,Eimeo - Rural View,10.5,11.5,11.3
123021438,Claymore - Eagle Vale - Raby,11.4,11.5,11.3
209021208,Reservoir - West,10.2,11.7,11.3
506051139,High Wycombe,11.1,11.7,11.3
123021444,Rosemeadow - Glen Alpine,11.2,11.7,11.3
311051324,Cornubia - Carbrook,11.5,11.7,11.3
215011389,Horsham Region,11.7,11.7,11.3
306051170,Mareeba,12.2,11.7,11.3
318011461,Burdekin,12.3,11.7,11.3
801081098,Weston,11,11.8,11.3
506061142,Byford,10.4,12,11.3
801071071,Banks,12.5,12,11.3
210051442,Craigieburn - North,10,12.1,11.3
306031160,Johnstone,12.5,12.1,11.3
801011010,Fraser,12.2,12.2,11.3
114021288,Robertson - Fitzroy Falls,11.2,11.1,11.4
121041415,Mosman,9.8,11.2,11.4
121011401,St Leonards - Naremburn,8.7,11.3,11.4
123021443,Minto - St Andrews,9.2,11.3,11.4
111031228,Merewether - The Junction,10.2,11.3,11.4
301031017,Murarrie,10.2,11.3,11.4
303031061,Macgregor (Qld),8.4,11.4,11.4
504011046,Maylands,8.9,11.4,11.4
206041119,East Melbourne,9.7,11.4,11.4
213021345,Seabrook,10.8,11.4,11.4
309031235,Arundel,10.4,11.5,11.4
801011024,Scullin,10.4,11.5,11.4
309011228,Mermaid Waters,10.7,11.5,11.4
504021054,Swan View - Greenmount - Midvale,11.1,11.5,11.4
214011373,Frankston South,10.9,11.6,11.4
309031240,Runaway Bay,10.9,11.6,11.4
317011455,Rangeville,11.2,11.6,11.4
312021357,Walkerston - Eton,11.3,11.6,11.4
208031186,Chelsea - Bonbeach,10.7,11.7,11.4
801011008,Florey,10.7,11.7,11.4
801051055,Downer,10.7,11.7,11.4
801061070,Yarralumla,10.8,11.7,11.4
112031253,Pottsville,11.3,11.7,11.4
214021383,Point Nepean,11.9,11.7,11.4
507021165,Fremantle,10.7,11.8,11.4
318021469,Belgian Gardens - Pallarenda,10.9,11.8,11.4
309051244,Mudgeeraba - Bonogin,11.1,11.8,11.4
401021006,Lobethal - Woodside,11.4,11.8,11.4
403021060,Marino - Seaview Downs,11.2,11.9,11.4
203021046,Newtown (Vic.),11.9,11.9,11.4
313021369,Wamuran,12.3,12.1,11.4
701021016,Coconut Grove,7.7,11,11.5
311061335,Underwood,8.5,11,11.5
125041489,North Parramatta,7.9,11.1,11.5
125031480,Fairfield - East,9.3,11.1,11.5
121041413,Cremorne - Cammeray,9.7,11.3,11.5
206041117,Carlton,7,11.4,11.5
213011336,Sunshine,8.7,11.4,11.5
118021350,Malabar - La Perouse - Chifley,10.3,11.4,11.5
118021566,Maroubra - North,10.5,11.4,11.5
403031068,Colonel Light Gardens,10.3,11.5,11.5
107031138,Kiama,11.4,11.5,11.5
402021033,One Tree Hill,11.4,11.5,11.5
304031095,Sherwood,10.3,11.6,11.5
209041430,Doreen,10.8,11.6,11.5
319041517,Craignish - Dundowran Beach,11.1,11.6,11.5
402031038,Windsor Gardens,9.1,11.7,11.5
401041016,Rostrevor - Magill,10,11.7,11.5
505011070,Craigie - Beldon,10.7,11.7,11.5
212041313,Dingley Village,10.8,11.7,11.5
318011465,Ingham Region,12.3,11.7,11.5
312021350,Ooralea - Bakers Creek,10.6,11.8,11.5
401021007,Mount Barker,11.2,11.8,11.5
210051246,Greenvale - Bulla,11.7,11.8,11.5
107031136,Albion Park - Macquarie Pass,12.3,11.8,11.5
801041046,Ngunnawal,10.6,11.9,11.5
316081549,Noosa Hinterland,11.9,11.9,11.5
306031161,Tully,11.7,12,11.5
313041375,Narangba,11.9,12,11.5
104021086,Coramba - Nana Glen - Bucca,12.3,12,11.5
507011161,Success - Hammond Park,8.7,11.1,11.6
213031349,Maribyrnong,9.5,11.1,11.6
125041490,North Rocks,9.6,11.1,11.6
801041048,Palmerston,9.9,11.1,11.6
119011358,Padstow,9.9,11.2,11.6
123021437,Campbelltown - Woodbine,9.7,11.3,11.6
116011308,Seven Hills - Toongabbie,9.4,11.4,11.6
801091102,Garran,9.8,11.4,11.6
211031265,Croydon Hills - Warranwood,11.2,11.4,11.6
801091105,Lyons (ACT),10,11.5,11.6
308031209,Glenlee - Rockyview,11.7,11.5,11.6
506011116,Roleystone,11.3,11.6,11.6
305031130,Windsor,10,11.7,11.6
114011274,Culburra Beach,11.7,11.7,11.6
107031142,Shellharbour - Oak Flats,12,11.7,11.6
124011453,Lawson - Hazelbrook - Linden,12.5,11.7,11.6
303041068,Moorooka,10.1,11.8,11.6
309011225,Burleigh Heads,11,11.8,11.6
309041242,Tamborine - Canungra,11.5,11.8,11.6
801071082,Kambah,11.6,11.8,11.6
801071073,Calwell,11.9,11.8,11.6
306051166,Atherton,12.1,11.8,11.6
104021083,Bellingen,12.7,11.8,11.6
213021342,Altona Meadows,11,11.9,11.6
309021231,Currumbin - Tugun,11.3,12,11.6
404011090,Beverley,10.6,12.1,11.6
801081097,Waramanga,11.3,12.1,11.6
507021166,Fremantle - South,11.4,12.1,11.6
210011226,Airport West,12.1,12.1,11.6
306031159,Innisfail,12.2,12.2,11.6
102011028,Avoca Beach - Copacabana,12.2,12.3,11.6
306031158,Babinda,12.5,12.3,11.6
305041136,Red Hill (Qld),10.8,12.4,11.6
107011132,Horsley - Kembla Grange,12.4,12.4,11.6
119031373,Riverwood,8.9,11.1,11.7
302011024,Carseldine,9.9,11.3,11.7
211041270,Mitcham (Vic.),9.6,11.4,11.7
125011587,Regents Park,9.3,11.5,11.7
507041177,Bicton - Palmyra,10.8,11.6,11.7
209011197,Greensborough,10.9,11.6,11.7
305021113,Balmoral,10.5,11.7,11.7
312021348,Mount Pleasant - Glenella,10.5,11.8,11.7
507011154,Hamilton Hill,10.7,11.8,11.7
404011095,Seaton - Grange,10.8,11.8,11.7
106011109,Cessnock Region,11.8,11.8,11.7
212021454,Endeavour Hills - South,10.6,11.9,11.7
801071090,Wanniassa,11.5,11.9,11.7
212041316,Noble Park North,10,12,11.7
314021390,North Lakes - Mango Hill,10.3,12,11.7
303011049,Carina,10.6,12,11.7
314011386,The Hills District,11.7,12,11.7
306021149,Kanimbla - Mooroobool,11.3,12.1,11.7
309051245,Reedy Creek - Andrews,11.1,12.2,11.7
211041269,Forest Hill,9.2,11.2,11.8
503021041,Perth City,8.1,11.3,11.8
116011303,Blacktown (East) - Kings Park,8.5,11.4,11.8
207021425,Doncaster East (South),9.1,11.4,11.8
116011306,Doonside - Woodcroft,9.3,11.4,11.8
302011026,McDowall,11.1,11.5,11.8
127021512,Cabramatta West - Mount Pritchard,10.4,11.6,11.8
801081093,Fisher,11.3,11.6,11.8
316061443,Maroochy Hinterland,11.5,11.6,11.8
506021119,East Victoria Park - Carlisle,9,11.7,11.8
304011083,Riverhills,10.4,11.7,11.8
801091103,Hughes,10.7,11.7,11.8
301031015,Manly - Lota,11,11.7,11.8
115021298,Galston - Laughtondale,11.4,11.7,11.8
114021287,Moss Vale - Berrima,11.5,11.7,11.8
102021049,Jilliby - Yarramalong,11.6,11.7,11.8
309071253,Hope Island,10.7,11.8,11.8
204021067,Wangaratta Region,12.1,11.8,11.8
206051132,South Melbourne,9.6,11.9,11.8
302021031,Kedron - Gordon Park,10.8,11.9,11.8
309101269,Main Beach,10.9,11.9,11.8
302021034,Wavell Heights,11,11.9,11.8
309011226,Burleigh Waters,11.3,11.9,11.8
505031105,Mindarie - Quinns Rocks - Jindalee,10.4,12,11.8
206011105,Brunswick,10.8,12,11.8
301031016,Manly West,11.5,12,11.8
215031405,Swan Hill Region,12,12,11.8
801011023,Page,10.3,12.1,11.8
303011050,Carina Heights,10.5,12.1,11.8
305031120,Alderley,10.6,12.1,11.8
302021033,Stafford Heights,11.6,12.1,11.8
213011340,Taylors Lakes,11.7,12.1,11.8
316061441,Glass House Mountains,11.7,12.1,11.8
318011460,Ayr,12.6,12.1,11.8
205051100,Longford - Loch Sport,12.8,12.1,11.8
309021230,Coolangatta,11.2,12.2,11.8
801011005,Cook,11.5,12.2,11.8
306041164,Daintree,12.4,12.2,11.8
511031280,Kalgoorlie - North,11.2,12.3,11.8
304041101,Mitchelton,11.4,12.3,11.8
407021155,Naracoorte Region,12.5,12.3,11.8
407021158,Wattle Range,12.6,12.3,11.8
102021051,Ourimbah - Fountaindale,12.2,12.4,11.8
305031119,Albion,10,11.5,11.9
506021122,Rivervale - Kewdale - Cloverdale,8.8,11.6,11.9
507051185,Baldivis,10,11.6,11.9
601051028,Lenah Valley - Mount Stuart,11.4,11.6,11.9
213051465,Point Cook - North,9.8,11.7,11.9
114021285,Hill Top - Colo Vale,11.8,11.7,11.9
504021051,Helena Valley - Koongamia,11.2,11.8,11.9
511031279,Kalgoorlie,10.6,11.9,11.9
316051435,Noosaville,11.6,11.9,11.9
309071254,Jacobs Well - Alberton,11.7,11.9,11.9
316021418,Buddina - Minyama,11.4,12,11.9
106031124,Tea Gardens - Hawks Nest,11.8,12,11.9
113021262,Tumut Region,12.5,12,11.9
206011107,Brunswick West,10.8,12.1,11.9
801011015,Holt,11.5,12.1,11.9
106031119,Anna Bay,11.8,12.1,11.9
603031074,Triabunna - Bicheno,12,12.1,11.9
112011237,Ballina Region,12.2,12.1,11.9
215031401,Gannawarra,12.5,12.1,11.9
506051138,Forrestfield - Wattle Grove,10.4,12.2,11.9
109021179,Wentworth-Balranald Region,12.2,12.2,11.9
311041321,Jimboomba,12.5,12.2,11.9
601041024,Margate - Snug,12.5,12.2,11.9
104021088,Korora - Emerald Beach,12.7,12.2,11.9
309021233,Elanora,12.1,12.3,11.9
308051530,Agnes Water - Miriam Vale,12.6,12.3,11.9
313021364,Burpengary - East,12.1,12.4,11.9
101021007,Braidwood,12.7,12.4,11.9
205051102,Rosedale,12.7,12.4,11.9
210051443,Craigieburn - South,10.3,12.5,11.9
313021367,Elimbah,12.5,12.5,11.9
101021009,Queanbeyan,12,12.7,11.9
303051075,Parkinson - Drewvale,9,10.5,12
801071080,Greenway,9.4,11.7,12
801091106,Mawson,10,11.7,12
204011057,Mansfield (Vic.),11.5,11.7,12
801071081,Isabella Plains,11.2,11.8,12
204011058,Nagambie,11.4,11.8,12
209041217,Bundoora - West,10.1,11.9,12
127011504,Ashcroft - Busby - Miller,10.3,11.9,12
303011048,Cannon Hill,10.6,11.9,12
301011003,Birkdale,11,11.9,12
114021286,Mittagong,11.6,11.9,12
112011243,Mullumbimby,11.7,11.9,12
507011159,South Lake - Cockburn Central,10.5,12,12
801011020,Macquarie,10.5,12,12
404031105,Fulham,11,12,12
311021310,Wolffdene - Bahrs Scrub,11.6,12,12
313041374,Morayfield,11.7,12,12
124011452,Katoomba - Leura,12.1,12,12
212041460,Noble Park - West,9.1,12.1,12
404031107,Plympton,9.6,12.1,12
601051032,South Hobart - Fern Tree,11.4,12.1,12
312021351,Pioneer Valley,11.5,12.1,12
317011458,Toowoomba - West,11.7,12.1,12
215031400,Buloke,12.2,12.1,12
306051169,Malanda - Yungaburra,12.6,12.1,12
118021569,Randwick - North,10.8,12.2,12
301031021,Wynnum West - Hemmant,10.8,12.2,12
212051326,Oakleigh - Huntingdale,10.4,12.3,12
302041041,Bracken Ridge,10.9,12.3,12
212021453,Endeavour Hills - North,11,12.3,12
112031250,Kingscliff - Fingal Head,11.9,12.3,12
112011239,Brunswick Heads - Ocean Shores,12,12.3,12
113021260,Tumbarumba,12.5,12.3,12
407021150,Grant,12.6,12.3,12
604031094,North West,12.8,12.3,12
102021055,Tuggerah - Kangy Angy,11.8,12.4,12
314011383,Cashmere,11.9,12.4,12
801071087,Richardson,12.5,12.4,12
306021148,Gordonvale - Trinity,12.6,12.4,12
604011076,Burnie - Ulverstone Region,12.8,12.4,12
801051127,Reid,10.7,12.5,12
309021234,Palm Beach,11.7,12.5,12
511031278,Boulder,12.1,12.5,12
107011546,Port Kembla - Warrawong,13.5,12.6,12
403021059,Hallett Cove,11.7,12.8,12
407031163,Loxton Region,13.3,13,12
121021577,Hornsby - East,8.4,11.4,12.1
211041271,Nunawading,9.9,11.6,12.1
125041493,Toongabbie - Constitution Hill,9.4,11.7,12.1
211041272,Vermont,9.9,11.7,12.1
119011357,Greenacre - Mount Lewis,10.4,11.7,12.1
308031213,Norman Gardens,10.6,11.7,12.1
302011025,Everton Park,10.9,11.8,12.1
310011275,Oxley (Qld),9.9,11.9,12.1
116021563,Quakers Hill,10.9,11.9,12.1
112011238,Bangalow,11.7,11.9,12.1
305031131,Wooloowin - Lutwyche,10.3,12,12.1
801091108,Pearce,11.2,12,12.1
801051056,Hackett,11.4,12,12.1
126021590,Putney,11.6,12,12.1
118021570,Randwick - South,10.1,12.1,12.1
316051438,Tewantin,12,12.1,12.1
601041023,Kingston Beach - Blackmans Bay,12.2,12.1,12.1
303021053,Coorparoo,10.2,12.2,12.1
209041433,Epping - West,10.4,12.2,12.1
309061249,Pacific Pines - Gaven,10.9,12.2,12.1
316051437,Sunshine Beach,11.6,12.2,12.1
114011282,Ulladulla,12.2,12.2,12.1
124011455,Wentworth Falls,12.4,12.2,12.1
208031191,Moorabbin - Heatherton,11.5,12.3,12.1
214021380,Mornington,12.1,12.3,12.1
125041588,Pendle Hill - Girraween,8.7,12.4,12.1
316011415,Mountain Creek,11.3,12.4,12.1
316021423,Parrearra - Warana,11.9,12.4,12.1
309071255,Ormeau - Yatala,11.5,12.5,12.1
309021232,Currumbin Waters,12.2,12.6,12.1
216011408,Lockington - Gunbower,13.9,12.7,12.1
307031188,Stanthorpe Region,13.1,12.8,12.1
116031315,Hassall Grove - Plumpton,9.9,11.8,12.2
101031015,Cooma Region,12.9,12,12.2
401051018,Payneham - Felixstow,10.1,12.1,12.2
505031101,Clarkson,10.1,12.1,12.2
309091263,Ashmore,10.8,12.1,12.2
404011096,West Lakes,11.3,12.1,12.2
106031123,Seaham - Woodville,12.1,12.1,12.2
212041459,Noble Park - East,8.7,12.2,12.2
213031351,West Footscray - Tottenham,10.2,12.2,12.2
505011077,Joondalup - Edgewater,10.2,12.2,12.2
312021343,East Mackay,11,12.2,12.2
106031125,Williamtown - Medowie - Karuah,11.9,12.2,12.2
124041466,Richmond - Clarendon,12,12.2,12.2
213011335,St Albans - South,10,12.3,12.2
309011229,Miami,11.1,12.3,12.2
309071256,Oxenford - Maudsland,11.1,12.3,12.2
502011021,Dawesville - Bouvard,11.4,12.3,12.2
107041144,Balgownie - Fairy Meadow,11.7,12.3,12.2
302041042,Brighton (Qld),11.7,12.3,12.2
102011039,Terrigal - North Avoca,11.8,12.3,12.2
505031100,Carramar,10.1,12.4,12.2
316021421,Golden Beach - Pelican Waters,12.1,12.4,12.2
205031090,Leongatha,12.5,12.4,12.2
407031168,Renmark Region,12.9,12.5,12.2
604031096,Waratah,13.4,12.5,12.2
306011142,Trinity Beach - Smithfield,11.5,12.6,12.2
504031067,Stratton - Jane Brook,12.1,12.6,12.2
801081092,Duffy,12.5,12.6,12.2
318021486,Northern Beaches,12.8,12.8,12.2
405031123,Port Pirie Region,12.8,13,12.2
207031166,Burwood East,8.6,11.3,12.3
204011060,Seymour Region,11.1,11.6,12.3
303051072,Algester,9.4,11.7,12.3
507051187,Port Kennedy,10.9,11.7,12.3
125031483,Guildford - South Granville,9.6,11.9,12.3
601051029,Mount Nelson - Dynnyrne,11,11.9,12.3
119011361,Yagoona - Birrong,10.3,12,12.3
316061440,Caloundra Hinterland,11.7,12,12.3
306021153,Mount Sheridan,11.4,12.1,12.3
101031013,Bombala,12.8,12.1,12.3
503011036,Swanbourne - Mount Claremont,11,12.2,12.3
113031266,Temora,12.6,12.2,12.3
505031108,Wanneroo,10.4,12.3,12.3
601051027,Hobart,11,12.3,12.3
309071252,Helensvale,11.1,12.3,12.3
311061329,Daisy Hill,11.1,12.3,12.3
311031313,Chambers Flat - Logan Reserve,11.3,12.3,12.3
301031020,Wynnum,11.4,12.3,12.3
211051279,Monbulk - Silvan,11.5,12.3,12.3
107031141,Shellharbour - Flinders,12.4,12.3,12.3
124011450,Blaxland - Warrimoo - Lapstone,12.8,12.3,12.3
306041165,Port Douglas,11.4,12.4,12.3
316021422,Moffat Beach - Battery Hill,12.1,12.4,12.3
511011274,Esperance,12.4,12.4,12.3
507011153,Coolbellup,10.7,12.5,12.3
311061334,Springwood,10.9,12.5,12.3
213011334,St Albans - North,10.4,12.6,12.3
210051250,Tullamarine,11.6,12.6,12.3
308051539,West Gladstone,11.7,12.6,12.3
407021154,Naracoorte,11.7,12.6,12.3
107011134,Unanderra - Mount Kembla,12.2,12.6,12.3
215011393,West Wimmera,12.5,12.6,12.3
112011241,Evans Head,12.8,12.6,12.3
319011493,Bargara - Burnett Heads,12.5,12.7,12.3
801011004,Charnwood,12.6,12.7,12.3
110021192,Inverell Region - East,12.7,12.7,12.3
319011494,Branyan - Kensington,12.9,12.7,12.3
108011153,Forster-Tuncurry Region,13.2,12.7,12.3
319011499,Bundaberg Region - South,12.9,12.8,12.3
305011110,South Brisbane,9.3,13,12.3
603011066,Derwent Valley,13.1,13.2,12.3
303051074,Pallara - Willawong,9,10.6,12.4
210021232,Gisborne,9.8,11.4,12.4
213051365,Tarneit,8.7,11.7,12.4
127031598,Liverpool,8.8,11.7,12.4
207031167,Surrey Hills (East) - Mont Albert,9.9,11.7,12.4
210051444,Craigieburn - West,8.6,12,12.4
507011163,Yangebup,10.6,12.1,12.4
308051536,Kin Kora - Sun Valley,12,12.1,12.4
117031331,Glebe - Forest Lodge,9.5,12.3,12.4
209041223,Thomastown,10.7,12.3,12.4
309061247,Highland Park,11.9,12.4,12.4
123021436,Bradbury - Wedderburn,12,12.4,12.4
303021059,Yeronga,10.8,12.5,12.4
310041304,Springfield Lakes,10.9,12.5,12.4
307021181,Millmerran,12.3,12.5,12.4
801061067,Narrabundah,11.2,12.6,12.4
801081095,Rivett,12,12.6,12.4
114011276,Huskisson - Vincentia,12.4,12.6,12.4
215031402,Kerang,12.6,12.6,12.4
101061544,Young Region,12.7,12.6,12.4
316021417,Aroona - Currimundi,12.9,12.6,12.4
318011463,Dalrymple,12.9,12.6,12.4
204031071,Myrtleford,13.1,12.6,12.4
305021117,Morningside - Seven Hills,10.6,12.7,12.4
309031236,Biggera Waters,10.7,12.7,12.4
509021241,Moora,11.9,12.7,12.4
102011041,Wamberal - Forresters Beach,12.2,12.7,12.4
101031014,Cooma,13.4,12.7,12.4
109021177,Hay,12.7,12.8,12.4
205011077,Mount Baw Baw Region,12.8,12.8,12.4
319011498,Bundaberg Region - North,13,12.8,12.4
501031020,Pemberton,13.2,12.8,12.4
404031108,Richmond (SA),11.3,12.9,12.4
305021115,East Brisbane,11.3,13.1,12.4
601011002,Brighton - Pontville,14.5,13.7,12.4
207031164,Box Hill North,9.3,11.6,12.5
127031600,Prestons - Edmondson Park,9.8,11.8,12.5
801071077,Gilmore,12,11.8,12.5
121021579,Waitara - Wahroonga (West),9,11.9,12.5
115011558,Cherrybrook,10.3,12,12.5
211011255,Lysterfield,11,12,12.5
505031098,Alexander Heights - Koondoola,9.8,12.1,12.5
213041359,Rockbank - Mount Cottrell,12.1,12.2,12.5
507051188,Rockingham,11,12.3,12.5
308051534,Gladstone,11.2,12.3,12.5
309061246,Carrara,11.3,12.3,12.5
301021009,Redland Bay,11.5,12.4,12.5
509011229,Gnowangerup,12,12.4,12.5
213031352,Yarraville,11.6,12.5,12.5
211051276,Healesville - Yarra Glen,11.8,12.5,12.5
301011006,Wellington Point,11.9,12.5,12.5
202021031,Woodend,12.8,12.5,12.5
113031264,Gundagai,13,12.5,12.5
116031314,Glendenning - Dean Park,10.3,12.6,12.5
213011338,Sunshine West,10.7,12.6,12.5
311061332,Rochedale South - Priestdale,11.2,12.6,12.5
316021420,Caloundra - West,12,12.6,12.5
306021145,Cairns City,9.9,12.7,12.5
306011143,Yorkeys Knob - Machans Beach,12,12.7,12.5
509021244,Toodyay,12.7,12.7,12.5
316021424,Wurtulla - Birtinya,12,12.8,12.5
302041043,Deagon,12.1,12.8,12.5
509031247,Kulin,12.1,12.8,12.5
509021238,Dowerin,12.6,12.8,12.5
102021056,Warnervale - Wadalba,12.7,12.8,12.5
509031250,Wagin,12.7,12.8,12.5
110021193,Inverell Region - West,12.8,12.8,12.5
317011449,Gowrie (Qld),12.9,12.8,12.5
113021261,Tumut,13,12.8,12.5
407031166,Murray Bridge Region,13.7,12.9,12.5
305011107,Highgate Hill,11.1,13,12.5
213011339,Sydenham,11.4,13,12.5
509021242,Mukinbudin,12.5,13,12.5
210051445,Mickleham - Yuroke,10.7,13.1,12.5
511041286,Geraldton - East,13.8,13.6,12.5
601061034,Dodges Ferry - Lewisham,14.4,14.7,12.5
801051061,Watson,10.8,12,12.6
506021118,Belmont - Ascot - Redcliffe,9.9,12.3,12.6
801071078,Gordon (ACT),11.9,12.4,12.6
309071258,Upper Coomera - Willow Vale,11,12.5,12.6
509011233,McKail - Willyung,12.3,12.5,12.6
306051167,Herberton,12.9,12.5,12.6
301021012,Thornlands,11.3,12.6,12.6
301021008,Ormiston,11.5,12.6,12.6
501021252,Gelorup - Stratham,13,12.6,12.6
113031267,Wagga Wagga - East,12.8,12.7,12.6
215021395,Irymple,13,12.7,12.6
316061442,Landsborough,12,12.8,12.6
112011236,Ballina,12.6,12.8,12.6
405041128,Yorke Peninsula - South,12.7,12.8,12.6
509031246,Brookton,12.8,12.8,12.6
110041205,Tamworth Region,13.5,12.8,12.6
110011188,Armidale Region - South,13.9,12.8,12.6
102011035,Narara,12.5,12.9,12.6
406011130,Eyre Peninsula,12.9,12.9,12.6
509021243,Northam,12.9,12.9,12.6
216031419,Shepparton Region - West,13,12.9,12.6
306021157,Woree,12.3,13,12.6
124031457,Cambridge Park,12.7,13,12.6
407021151,Kingston - Robe,12.8,13,12.6
311041322,Logan Village,13.6,13,12.6
302021032,Stafford,11.5,13.1,12.6
403041088,Willunga,12.6,13.1,12.6
307031187,Stanthorpe,13.4,13.1,12.6
801011002,Belconnen,9.1,13.2,12.6
601011003,Old Beach - Otago,14.1,13.6,12.6
211011258,Rowville - South,10.1,11.8,12.7
212021293,Berwick - North,11.4,12.5,12.7
115011559,Kellyville,11.6,12.5,12.7
316011414,Buderim - South,11.6,12.6,12.7
111011209,Glendale - Cardiff - Hillsborough,12.3,12.6,12.7
319021507,Kingaroy Region - South,12.9,12.6,12.7
106031121,Nelson Bay Peninsula,12.3,12.7,12.7
113031271,Wagga Wagga Region,12.9,12.7,12.7
307021179,Crows Nest - Rosalie,12.9,12.7,12.7
110021194,Tenterfield,13,12.7,12.7
303031063,Mount Gravatt,10.8,12.8,12.7
210051249,Roxburgh Park - Somerton,11.6,12.8,12.7
102011040,Umina - Booker Bay - Patonga,12.5,12.8,12.7
405031121,Peterborough - Mount Remarkable,12.7,12.8,12.7
401021008,Mount Barker Region,12.8,12.8,12.7
407021156,Penola,12.8,12.8,12.7
601021007,Howrah - Tranmere,12.9,12.8,12.7
103041076,Blayney,13.2,12.8,12.7
110041200,Gunnedah Region,13.4,12.8,12.7
303021055,Greenslopes,9.8,12.9,12.7
212041312,Dandenong North,10.5,12.9,12.7
102011031,Erina - Green Point,12.4,12.9,12.7
209031215,Wattle Glen - Diamond Creek,13,12.9,12.7
110041201,Quirindi,13.6,12.9,12.7
213011330,Deer Park - Derrimut,10.6,13,12.7
404011093,Hindmarsh - Brompton,11.4,13,12.7
313031370,Kilcoy,12.2,13,12.7
304041100,Keperra,12.4,13,12.7
102011033,Kariong,12.9,13,12.7
310021281,Lowood,12.9,13,12.7
319011502,Walkervale - Avenell Heights,13.2,13,12.7
604021090,Quoiba - Spreyton,13.2,13,12.7
108011151,Bulahdelah - Stroud,13.3,13,12.7
110041199,Gunnedah,13.4,13,12.7
124031458,Castlereagh - Cranebrook,12.3,13.1,12.7
306021144,Bentley Park,12.3,13.1,12.7
319051526,Tinana,13.4,13.1,12.7
107041145,Corrimal - Tarrawanna - Bellambi,13,13.2,12.7
210051245,Gladstone Park - Westmeadows,12.7,13.3,12.7
307031186,Southern Downs - West,13.5,13.4,12.7
305041133,Auchenflower,11.6,13.6,12.7
116011304,Blacktown (North) - Marayong,10,12.2,12.8
601051033,West Hobart,11.8,12.4,12.8
301011004,Capalaba,11.3,12.5,12.8
316061444,Palmwoods,12,12.5,12.8
509011231,Kojonup,12.4,12.6,12.8
319021508,Monto - Eidsvold,12.5,12.6,12.8
604031097,West Coast (Tas.),13.4,12.6,12.8
401051017,Norwood (SA),10.5,12.7,12.8
301021007,Cleveland,11.4,12.7,12.8
501031017,Bridgetown - Boyup Brook,12.7,12.7,12.8
101061543,Young,12.9,12.7,12.8
505021088,Innaloo - Doubleview,10.6,12.8,12.8
102011037,Point Clare - Koolewong,12.2,12.8,12.8
113031269,Wagga Wagga - South,12.8,12.8,12.8
113031265,Junee,13.1,12.8,12.8
307021183,Wambo,12.5,12.9,12.8
104011081,Grafton Region,13.3,12.9,12.8
319021503,Gayndah - Mundubbera,12.5,13,12.8
405031120,Jamestown,12.5,13,12.8
509031248,Murray,12.6,13,12.8
306021147,Edmonton,12.7,13,12.8
110041203,Tamworth - North,12.9,13.1,12.8
509021245,York - Beverley,12.9,13.1,12.8
110021191,Inverell,13.2,13.1,12.8
504031058,Bullsbrook,13.2,13.1,12.8
101041020,Bega-Eden Hinterland,13.9,13.1,12.8
509021240,Merredin,12.5,13.2,12.8
318021483,Magnetic Island,13.1,13.2,12.8
407031170,Waikerie,13.3,13.2,12.8
407031169,The Coorong,13.6,13.2,12.8
101041024,Eurobodalla Hinterland,13.9,13.2,12.8
307031185,Southern Downs - East,13.4,13.3,12.8
307031184,Clifton - Greenmount,13.4,13.4,12.8
511041288,Geraldton - South,12.9,13.6,12.8
217031476,Otway,11.2,12.1,12.9
303061079,Sunnybank,8.9,12.5,12.9
213031348,Footscray,9.5,12.6,12.9
505031104,Marangaroo,10.7,12.6,12.9
405011115,Tanunda,12.2,12.6,12.9
407011147,Strathalbyn Region,11.7,12.7,12.9
502011026,Mandurah - East,12.3,12.7,12.9
509011230,Katanning,11.5,12.8,12.9
316011413,Buderim - North,11.9,12.8,12.9
502011022,Falcon - Wannanup,12,12.8,12.9
111011214,Warners Bay - Boolaroo,12.6,12.8,12.9
124041467,Windsor - Bligh Park,12.8,12.8,12.9
407031161,Karoonda - Lameroo,12.8,12.8,12.9
213011331,Delahey,11.6,12.9,12.9
308011191,Central Highlands - West,12.4,12.9,12.9
604021092,Turners Beach - Forth,13.2,12.9,12.9
213051467,Werribee - East,11.1,13.1,12.9
303041070,Salisbury - Nathan,11.7,13.1,12.9
107041150,Woonona - Bulli - Russell Vale,12.8,13.1,12.9
210051441,Craigieburn - Central,11.7,13.2,12.9
213051468,Werribee - West,12.2,13.2,12.9
102021047,Chittaway Bay - Tumbi Umbi,13.1,13.2,12.9
319051525,Maryborough Region - South,13.1,13.2,12.9
319051524,Maryborough (Qld),13.3,13.2,12.9
213011333,Kings Park (Vic.),11.5,13.3,12.9
124051580,Colyton - Oxley Park,12.3,13.3,12.9
102021053,The Entrance,13.2,13.3,12.9
403041083,McLaren Vale,12.7,13.4,12.9
203011034,Bannockburn,13.4,13.6,12.9
209041216,Bundoora - North,9.5,11.7,13
207031161,Blackburn,9.8,11.9,13
207031162,Blackburn South,10.1,12.1,13
213031347,Braybrook,9.3,12.3,13
507031169,Bertram - Wellard (West),8.7,12.4,13
211011259,Wantirna,9.9,12.4,13
115011294,Glenhaven,11.4,12.4,13
121021578,Hornsby - West,10.8,12.5,13
801071072,Bonython,11.8,12.7,13
116031319,Rooty Hill - Minchinbury,9.8,12.8,13
126021591,Ryde,10.2,12.8,13
212021294,Berwick - South,11.3,12.8,13
507051190,Safety Bay - Shoalwater,11.9,12.8,13
111011208,Charlestown - Dudley,12.6,12.8,13
109031183,Deniliquin Region,12.8,12.8,13
209041219,Lalor,11.2,12.9,13
102011036,Niagara Park - Lisarow,12.6,12.9,13
109011175,Albury Region,12.7,12.9,13
801091109,Phillip,9.3,13,13
302041044,Sandgate - Shorncliffe,11.8,13,13
402051049,Golden Grove,12.1,13,13
109011176,Lavington,12.3,13,13
306021146,Earlville - Bayview Heights,12.3,13,13
509031249,Narrogin,12.7,13,13
109031185,Tocumwal - Finley - Jerilderie,13,13,13
319021504,Gin Gin,13.1,13,13
604011081,Somerset,13.1,13,13
109031181,Corowa Region,13.2,13,13
602011049,Trevallyn,13.2,13,13
206061136,Prahran - Windsor,11.2,13.1,13
317011451,Lockyer Valley - West,13,13.1,13
113031263,Cootamundra,13.6,13.1,13
106041129,Scone Region,13.7,13.1,13
604011083,West Ulverstone,13.9,13.1,13
304041098,Enoggera,11.5,13.2,13
213041355,Hillside,12.6,13.2,13
307021180,Jondaryan,12.6,13.2,13
405041127,Yorke Peninsula - North,12.9,13.2,13
318021476,Gulliver - Currajong - Vincent,13.1,13.3,13
310021278,Esk,13.3,13.3,13
319011492,Ashfield - Kepnock,13.4,13.3,13
112021245,Casino Region,13.5,13.3,13
101041018,Batemans Bay - South,14.2,13.3,13
302021028,Chermside,10,13.4,13
306021152,Manunda,11.5,13.4,13
319051522,Burrum - Fraser,13.3,13.4,13
407031162,Loxton,14,13.4,13
101041026,Moruya - Tuross Head,14.3,13.4,13
801061131,Kingston (ACT),11.8,13.5,13
310031288,Ipswich - North,13.1,13.5,13
311031316,Hillcrest,13.1,13.5,13
210031236,Coburg North,11.7,13.6,13
106021118,Thornton - Millers Forest,13.2,13.6,13
128021609,Woronora Heights,13.8,13.7,13
601021011,Rokeby,13.9,13.9,13
207031165,Burwood,8.2,12.3,13.1
125041589,Wentworthville - Westmead,8.5,12.8,13.1
502011027,Mandurah - North,10.5,12.8,13.1
307011178,Tara,12.6,12.8,13.1
215021398,Mildura Region,12.8,12.8,13.1
307021182,Pittsworth,12.8,12.8,13.1
209011196,Bundoora - East,10.7,12.9,13.1
801051050,Ainslie,11.9,12.9,13.1
405021117,Gilbert Valley,13.3,12.9,13.1
111011213,Valentine - Eleebana,12.9,13,13.1
307011175,Miles - Wandoan,12.9,13,13.1
204021065,Rutherglen,13.3,13,13.1
311041320,Greenbank,13.4,13,13.1
604031095,Smithton,13.5,13,13.1
319021509,Nanango,13.1,13.1,13.1
212051319,Ashwood - Chadstone,10.8,13.2,13.1
316031427,Maroochydore - Kuluin,11.8,13.2,13.1
316071546,Diddillibah - Rosemount,12.5,13.2,13.1
319011497,Bundaberg North - Gooburrum,13.3,13.2,13.1
204031068,Beechworth,13.5,13.2,13.1
318011462,Charters Towers,13.5,13.2,13.1
604011084,Wynyard,13.5,13.2,13.1
101041027,Narooma - Bermagui,14,13.2,13.1
210031237,Fawkner,10.5,13.3,13.1
318021472,Cranbrook,12.3,13.3,13.1
407031164,Mannum,13.5,13.3,13.1
501031018,Donnybrook - Balingup,13.5,13.3,13.1
604021085,Devonport,13.5,13.3,13.1
104011082,Maclean - Yamba - Iluka,13.6,13.3,13.1
208031185,Carrum - Patterson Lakes,13,13.4,13.1
101041023,Eden,14.7,13.4,13.1
601031018,Montrose - Rosetta,12.8,13.5,13.1
103041077,Orange,13.2,13.5,13.1
310021277,Boonah,13.3,13.5,13.1
107011131,Dapto - Avondale,13.7,13.5,13.1
105021097,Broken Hill,13.9,13.5,13.1
203011036,Winchelsea,13.4,13.6,13.1
312031361,Proserpine,13.4,13.6,13.1
101041021,Broulee - Tomakin,14.4,13.6,13.1
314021389,Murrumba Downs - Griffin,12.3,13.7,13.1
313041373,Deception Bay,13.5,13.7,13.1
216011406,Echuca,14.6,13.7,13.1
305041135,Paddington - Milton,12.2,13.8,13.1
801071075,Conder,12.5,12.6,13.2
115011556,Castle Hill - South,11.1,12.8,13.2
509011234,Plantagenet,12.5,12.9,13.2
308051533,Clinton - New Auckland,11.7,13,13.2
301021013,Victoria Point,12.1,13,13.2
309061250,Worongary - Tallai,12.1,13,13.2
208031187,Chelsea Heights,12.4,13,13.2
307011172,Chinchilla,12.9,13,13.2
306021154,Westcourt - Bungalow,10.7,13.1,13.2
101021010,Queanbeyan - East,12,13.1,13.2
601021008,Lindisfarne - Rose Bay,12.8,13.1,13.2
215021470,Mildura - South,13,13.1,13.2
405021119,Wakefield - Barunga West,13.2,13.1,13.2
110011189,Walcha,13.7,13.1,13.2
308031218,Rockhampton Region - East,13.2,13.2,13.2
602021055,Grindelwald - Lanena,13.2,13.2,13.2
316071547,Eumundi - Yandina,12.5,13.3,13.2
313011363,Bribie Island,13.4,13.3,13.2
114011280,Sussex Inlet - Berrara,13.5,13.3,13.2
402041171,Mawson Lakes - Globe Derby Park,10.5,13.4,13.2
403021062,Morphettville,11.8,13.4,13.2
507011259,Beeliar - Wattleup,11.8,13.4,13.2
310041299,Collingwood Park - Redbank,12.3,13.4,13.2
319011500,Millbank - Avoca,13.2,13.4,13.2
604021088,Miandetta - Don,13.5,13.4,13.2
101051539,Goulburn,13.3,13.5,13.2
604021089,Port Sorell,13.4,13.5,13.2
110041202,Tamworth - East,13.6,13.5,13.2
319051523,Granville,13.8,13.5,13.2
601031020,New Norfolk,13.8,13.5,13.2
304031097,Taringa,10.8,13.6,13.2
511041291,Morawa,13.1,13.6,13.2
105031102,Dubbo - West,13.5,13.6,13.2
310021282,Rosewood,13.6,13.7,13.2
603031073,Forestier - Tasman,13.8,13.7,13.2
504031061,Hazelmere - Guildford,13.2,13.8,13.2
212011289,Emerald - Cockatoo,13.9,13.8,13.2
407031160,Berri,14,13.8,13.2
318021484,Mount Louisa,13,14,13.2
603011067,Southern Midlands,13.9,14,13.2
113011256,Griffith (NSW),11.7,12.8,13.3
111011212,Swansea - Caves Beach,12.6,12.9,13.3
212031458,Narre Warren South (West),10.6,13,13.3
115011555,Castle Hill - North,11.6,13,13.3
212021455,Narre Warren - North East,12,13,13.3
307011174,Inglewood - Waggamba,13,13,13.3
209041434,Mernda,11,13.1,13.3
501021014,Harvey,12.6,13.1,13.3
509011225,Albany,12.6,13.1,13.3
501021016,Waroona,12.9,13.1,13.3
509011227,Bayonet Head - Lower King,13,13.1,13.3
215021399,Red Cliffs,13.6,13.1,13.3
209041224,Wallan,12.7,13.2,13.3
109031182,Deniliquin,13.4,13.2,13.3
501031019,Manjimup,13.7,13.2,13.3
316031428,Mooloolaba - Alexandra Headland,11.9,13.3,13.3
109031184,Moama,13.4,13.3,13.3
604011082,Ulverstone,13.5,13.3,13.3
105031099,Coonabarabran,13.6,13.3,13.3
105031106,Wellington,13.7,13.3,13.3
102011043,Wyoming,12.7,13.4,13.3
109011173,Albury - North,13,13.4,13.3
110021190,Glen Innes,13.5,13.4,13.3
114011283,Ulladulla Region,13.5,13.4,13.3
108011152,Forster,13.6,13.4,13.3
105031105,Narromine,13.7,13.4,13.3
109031180,Corowa,13.8,13.4,13.3
204031075,Yackandandah,13.8,13.4,13.3
204031070,Chiltern - Indigo Valley,13.9,13.4,13.3
108051170,Taree Region,14,13.4,13.3
309101270,Surfers Paradise,10.7,13.5,13.3
306021155,White Rock,12.4,13.5,13.3
102011042,Woy Woy - Blackwall,12.8,13.5,13.3
312021353,Seaforth - Calen,13.2,13.5,13.3
405041126,Wallaroo,13.4,13.5,13.3
311051323,Bethania - Waterford,12.6,13.6,13.3
316071545,Bli Bli,12.9,13.6,13.3
407031167,Renmark,13.3,13.6,13.3
112021247,Kyogle,13.6,13.6,13.3
511041292,Northampton - Mullewa - Greenough,13.4,13.7,13.3
114011277,North Nowra - Bomaderry,13.6,13.7,13.3
407021152,Millicent,14.1,13.7,13.3
407021173,Mount Gambier - East,13.7,13.8,13.3
305011112,West End,11.6,13.9,13.3
214021377,Dromana,14.2,13.9,13.3
211011254,Knoxfield - Scoresby,9.8,12.7,13.4
310031290,Karana Downs,12.1,13.2,13.4
601021010,Risdon Vale,14.1,13.2,13.4
305031126,Kelvin Grove - Herston,9.5,13.3,13.4
506041136,Maddington - Orange Grove - Martin,10.6,13.4,13.4
308031220,Rockhampton Region - West,13.5,13.4,13.4
105031104,Gilgandra,13.7,13.4,13.4
109021178,Wentworth - Buronga,13.8,13.4,13.4
405021116,Clare,14,13.4,13.4
403041071,Aberfoyle Park,12.2,13.5,13.4
310031289,Karalee - Barellan Point,12.7,13.5,13.4
106011112,Singleton,13.3,13.5,13.4
107041549,Wollongong - West,11.8,13.6,13.4
103011060,Bathurst Region,12.9,13.6,13.4
310041297,Camira - Gailes,13.3,13.6,13.4
601021004,Bellerive - Rosny,13.4,13.6,13.4
603011065,Central Highlands,13.4,13.6,13.4
101041019,Bega - Tathra,14.4,13.6,13.4
601031017,Glenorchy,12.7,13.7,13.4
107011545,Berkeley - Lake Heights - Cringila,13.6,13.7,13.4
308031206,Bouldercombe,13.8,13.7,13.4
104021087,Dorrigo,14.3,13.7,13.4
309031237,Coombabah,13.2,13.8,13.4
316051544,Peregian Springs,13.4,13.8,13.4
310021280,Lockyer Valley - East,13.6,13.8,13.4
212011292,Pakenham - South,12.3,13.9,13.4
311051325,Loganholme - Tanah Merah,13.3,13.9,13.4
214011374,Langwarrin,13.8,14,13.4
207031163,Box Hill,8.4,12,13.5
213041461,Burnside,10.5,12.6,13.5
116011307,Lalor Park - Kings Langley,11.5,13,13.5
115011553,Castle Hill - Central,10.9,13.2,13.5
310041303,Springfield,12.6,13.3,13.5
801011003,Bruce,10.5,13.4,13.5
111011206,Belmont - Bennetts Green,13.2,13.4,13.5
501021007,Capel,13.3,13.4,13.5
604011079,Penguin - Sulphur Creek,13.6,13.4,13.5
310041300,Goodna,11.6,13.5,13.5
402051053,Modbury Heights,12.6,13.5,13.5
216021411,Cobram,13.2,13.5,13.5
602021057,Westbury,13.2,13.5,13.5
303021058,Woolloongabba,10.2,13.6,13.5
601021006,Geilston Bay - Risdon,13.5,13.6,13.5
601031016,Derwent Park - Lutana,12.9,13.7,13.5
317011453,Newtown (Qld),13,13.7,13.5
319011501,Svensson Heights - Norville,13.7,13.7,13.5
504031066,Midland - Guildford,12.3,13.8,13.5
103041078,Orange - North,13.5,13.8,13.5
601021009,Mornington - Warrane,13.7,13.8,13.5
106041126,Muswellbrook,14,13.8,13.5
309081262,Varsity Lakes,12.1,13.9,13.5
213051361,Hoppers Crossing - North,12.8,13.9,13.5
307031189,Warwick,13.8,13.9,13.5
407031159,Barmera,14.4,13.9,13.5
312031359,Airlie - Whitsundays,13.1,14.1,13.5
402011027,Lewiston - Two Wells,15.2,14.9,13.5
211011260,Wantirna South,9.8,12.4,13.6
315021405,Mount Isa,11.6,12.8,13.6
501021012,Eaton - Pelican Point,12.6,13.2,13.6
303031065,Upper Mount Gravatt,10.7,13.3,13.6
308031208,Frenchville - Mount Archer,12.8,13.3,13.6
307011173,Goondiwindi,13.3,13.3,13.6
506011112,Camillo - Champion Lakes,12.1,13.4,13.6
501021015,East Bunbury - Glen Iris,12.8,13.4,13.6
204031072,Towong,13.5,13.4,13.6
505031107,Tapping - Ashby - Sinagra,11,13.5,13.6
102011032,Gosford - Springfield,12.1,13.5,13.6
111031225,Lambton - New Lambton,12.6,13.5,13.6
124031462,Kingswood - Werrington,11.5,13.6,13.6
303021056,Holland Park,11.7,13.6,13.6
308011192,Emerald,12.2,13.6,13.6
308031223,Yeppoon,13.4,13.6,13.6
405041124,Kadina,13.6,13.6,13.6
402031037,Northgate - Oakden - Gilles Plains,10.8,13.7,13.6
509021237,Cunderdin,13,13.7,13.6
102011034,Kincumber - Picketts Valley,13.1,13.7,13.6
601051030,New Town,12.7,13.8,13.6
108011154,Tuncurry,14,13.8,13.6
128011605,Lilli Pilli - Port Hacking - Dolans Bay,13.2,13.9,13.6
104021091,Woolgoolga - Arrawarra,13.7,13.9,13.6
305041137,Toowong,11.1,14,13.6
209021207,Reservoir - East,11.2,14,13.6
209041432,Epping - South,11.9,14,13.6
124051581,St Marys - North St Marys,12.5,14.1,13.6
511041285,Geraldton,13.2,14.1,13.6
318021480,Kelso,14.2,14.1,13.6
318021473,Deeragun,13.6,14.3,13.6
318021482,Kirwan - West,13.7,14.3,13.6
313041372,Burpengary,14.2,14.6,13.6
601061035,Sorell - Richmond,15.2,15.6,13.6
116011561,Blacktown (West),10.7,13.1,13.7
209041436,South Morang (South),11.4,13.1,13.7
111021216,Bonnells Bay - Silverwater,13.2,13.2,13.7
110031198,Narrabri Region,13.5,13.3,13.7
501021009,Collie,13.6,13.3,13.7
403011057,Glenelg (SA),11.6,13.4,13.7
302031035,Boondall,11.1,13.5,13.7
501021253,South Bunbury - Bunbury,12.5,13.5,13.7
319021505,Kingaroy,13.2,13.5,13.7
202031033,Loddon,13.3,13.5,13.7
108021156,Kempsey Region,13.6,13.5,13.7
602011039,Legana,13.6,13.5,13.7
302031039,Nudgee - Banyo,11.3,13.6,13.7
209011204,Watsonia,12.6,13.6,13.7
113011257,Griffith Region,13.2,13.6,13.7
401021009,Nairne,13.3,13.6,13.7
202031032,Bendigo Region - North,13.6,13.6,13.7
319011496,Bundaberg East - Kalkie,13.6,13.6,13.7
104011080,Grafton,13.8,13.6,13.7
801051124,Campbell,13,13.7,13.7
402051050,Greenwith,13.1,13.7,13.7
602021054,Deloraine,13.3,13.7,13.7
106041128,Scone,13.6,13.7,13.7
319021506,Kingaroy Region - North,14.2,13.7,13.7
506041134,Gosnells,11.6,13.8,13.7
313011362,Beachmere - Sandstone Point,14.3,13.8,13.7
108051169,Taree,14.6,13.8,13.7
102021044,Bateau Bay - Killarney Vale,13.9,13.9,13.7
210031440,Hadfield,12.4,14,13.7
204031074,Wodonga,13.9,14,13.7
507031261,Casuarina - Wandi,11.3,14.1,13.7
309081260,Merrimac,13.1,14.1,13.7
112021246,Goonellabah,14.2,14.3,13.7
203021047,North Geelong - Bell Park,14.8,14.4,13.7
105011094,Coonamble,14.4,15.2,13.7
111011211,Redhead,12.7,13.2,13.8
308031212,Mount Morgan,13.7,13.3,13.8
505021085,Balga - Mirrabooka,9.6,13.4,13.8
212021456,Narre Warren - South West,11.4,13.5,13.8
110031196,Moree Region,13.4,13.5,13.8
108021159,Nambucca Heads Region,13.6,13.5,13.8
405021118,Goyder,13.6,13.5,13.8
213011328,Ardeer - Albion,10.6,13.6,13.8
502011024,Halls Head - Erskine,12.1,13.6,13.8
206071142,Fitzroy,11.7,13.7,13.8
316031425,Coolum Beach,12.6,13.7,13.8
311031314,Crestmead,12.9,13.7,13.8
124031459,Emu Plains - Leonay,13.2,13.7,13.8
215021469,Mildura - North,13.3,13.7,13.8
311011305,Beaudesert,14.3,13.7,13.8
111011207,Belmont South - Blacksmiths,13.6,13.8,13.8
112031551,Terranora - North Tumblegum,14,13.8,13.8
108021155,Kempsey,14.2,13.8,13.8
106011110,Dungog,13.9,13.9,13.8
318021485,Mundingburra,12.9,14,13.8
317011459,Wilsonton,13.7,14,13.8
114011279,St Georges Basin - Erowal Bay,14.3,14,13.8
407021174,Mount Gambier - West,13.8,14.1,13.8
213051368,Werribee - South,13.6,14.2,13.8
112021244,Casino,14.4,14.2,13.8
128021607,Engadine,14.3,14.3,13.8
216031415,Mooroopna,14.3,14.3,13.8
406011131,Kimba - Cleve - Franklin Harbour,13.7,14.6,13.8
319031514,Gympie Region,14.7,14.7,13.8
210021235,Romsey,11.4,13.1,13.9
501021005,Australind - Leschenault,12.9,13.4,13.9
212031457,Narre Warren South (East),11.8,13.6,13.9
204011055,Euroa,13.3,13.6,13.9
316031426,Marcoola - Mudjimba,12.9,13.7,13.9
210051243,Campbellfield - Coolaroo,11.5,13.8,13.9
401011001,Adelaide,9.3,13.9,13.9
210051247,Meadow Heights,11.9,14,13.9
107041146,Figtree - Keiraville,13.2,14,13.9
128011606,Woolaware - Burraneer,13.4,14,13.9
301021527,Redland Islands,13.6,14,13.9
101041017,Batemans Bay,15.1,14,13.9
402041172,Pooraka - Cavan,11.7,14.1,13.9
402051055,St Agnes - Ridgehaven,13.3,14.1,13.9
108051167,Gloucester,14.6,14.1,13.9
318021471,Condon - Rasmussen,13.9,14.2,13.9
511041289,Irwin,14,14.2,13.9
604011080,Romaine - Havenview,14.2,14.3,13.9
319031515,Kilkivan,14.6,14.6,13.9
308041529,Biloela,12.7,14.9,13.9
111021220,Wangi Wangi - Rathmines,13.2,13.5,14
310011271,Darra - Sumner,11.8,13.6,14
206041121,Kensington (Vic.),11.1,13.7,14
109011174,Albury - South,13,13.7,14
602011046,Riverside,13.2,13.7,14
311051328,Waterford West,12.4,13.8,14
308031222,The Range - Allenstown,13.1,13.8,14
110031197,Narrabri,13.6,13.8,14
308031207,Emu Park,13.7,13.8,14
507041183,Willagee,12,14,14
311031311,Boronia Heights - Park Ridge,13.6,14,14
124031461,Jamisontown - South Penrith,13.3,14.1,14
402041041,Para Hills,13,14.2,14
210031438,Glenroy,10.7,14.3,14
112031254,Tweed Heads,13.7,14.3,14
217011423,Southern Grampians,14.2,14.3,14
211031452,Croydon South,13.7,14.4,14
205031087,Foster,14.5,14.4,14
318021481,Kirwan - East,13.6,14.5,14
319031511,Cooloola,14.9,14.9,14
210021234,Riddells Creek,11.6,13,14.1
213051363,Laverton,9.7,13.5,14.1
111021218,Morisset - Cooranbong,12.8,13.6,14.1
311031317,Marsden,12,13.7,14.1
106011107,Branxton - Greta - Pokolbin,13.6,13.8,14.1
602021056,Hadspen - Carrick,13.7,13.8,14.1
308031210,Gracemere,13.8,13.8,14.1
108021157,Macksville - Scotts Head,13.9,13.9,14.1
506011114,Kelmscott,12.9,14,14.1
404011094,Royal Park - Hendon - Albert Park,13,14,14.1
317011456,Toowoomba - Central,13.1,14,14.1
217031473,Colac Region,13.3,14,14.1
105031100,Dubbo - East,14,14,14.1
108021160,South West Rocks,14,14,14.1
303021052,Annerley,11.1,14.1,14.1
302041045,Taigum - Fitzgibbon,10.8,14.2,14.1
112011240,Byron Bay,12.7,14.2,14.1
318021478,Hermit Park - Rosslea,12.7,14.2,14.1
311021308,Edens Landing - Holmview,12.9,14.2,14.1
313051542,Scarborough - Newport - Moreton Island,13.5,14.2,14.1
316051543,Peregian Beach - Marcus Beach,14,14.2,14.1
601031015,Claremont (Tas.),14.2,14.2,14.1
211051285,Wandin - Seville,13.9,14.3,14.1
205041097,Traralgon,14.4,14.3,14.1
205041094,Churchill,15,14.3,14.1
318021479,Hyde Park - Pimlico,12.9,14.4,14.1
215011394,Yarriambiack,14.5,14.4,14.1
203021039,Geelong,13.7,14.5,14.1
107011547,Windang - Primbee,14.6,14.5,14.1
101041025,Merimbula - Tura Beach,15.2,14.5,14.1
205041096,Morwell,15.1,14.6,14.1
406011133,Port Lincoln,14.7,14.8,14.1
212011290,Koo Wee Rup,15.1,15,14.1
105011093,Cobar,13.6,15.3,14.1
312011338,Broadsound - Nebo,12.1,13.2,14.2
203031053,Torquay,12,13.4,14.2
108041165,Port Macquarie Region,12.4,13.4,14.2
319041521,Urangan - Wondunna,13.4,14,14.2
505031257,Two Rocks,12.8,14.1,14.2
111031222,Adamstown - Kotara,13,14.1,14.2
317011447,Drayton - Harristown,13,14.1,14.2
128011603,Caringbah South,13.4,14.2,14.2
206071143,Fitzroy North,12.7,14.3,14.2
203011035,Golden Plains - South,14,14.3,14.2
311031319,Regents Park - Heritage Park,13.4,14.4,14.2
205051104,Yarram,15,14.4,14.2
303021054,Fairfield - Dutton Park,11.5,14.5,14.2
128021608,Loftus - Yarrawarrah,14.3,14.5,14.2
214011375,Seaford (Vic.),13.6,14.6,14.2
108051171,Wingham,15.5,14.7,14.2
102021052,Summerland Point - Gwandalan,14.9,14.8,14.2
105011095,Nyngan - Warren,14,15.2,14.2
312011340,Collinsville,12.7,13.7,14.3
108041163,Port Macquarie - East,12.5,13.8,14.3
307011176,Roma,13.3,13.9,14.3
319041516,Booral - River Heads,13.4,13.9,14.3
211031266,Ringwood,11.8,14,14.3
113011258,Leeton,13.3,14,14.3
118021567,Maroubra - South,12,14.2,14.3
211031263,Bayswater North,13.2,14.2,14.3
309091265,Parkwood,12.4,14.3,14.3
128011604,Cronulla - Kurnell - Bundeena,13.2,14.3,14.3
602011042,Newstead,13.5,14.3,14.3
312021352,Sarina,13.7,14.3,14.3
215011390,Nhill Region,14,14.4,14.3
110041204,Tamworth - West,14.6,14.4,14.3
402041047,Salisbury East,13.6,14.5,14.3
112031552,Tweed Heads South,14.2,14.5,14.3
205021082,Bruthen - Omeo,14.3,14.5,14.3
215011387,Ararat Region,14.3,14.5,14.3
204031073,West Wodonga,14.6,14.5,14.3
205051101,Maffra,15.1,14.5,14.3
308041528,Banana,13.4,14.6,14.3
318021477,Heatley,13.6,14.6,14.3
601031013,Austins Ferry - Granton,14.3,14.6,14.3
217011420,Glenelg (Vic.),14.6,14.6,14.3
406011136,Whyalla,14.3,14.7,14.3
114011278,Nowra,14.6,14.8,14.3
212011288,Bunyip - Garfield,15.1,14.8,14.3
313021368,Morayfield - East,14.5,14.9,14.3
313021366,Caboolture - South,14.6,15,14.3
318021474,Douglas,12.7,15.1,14.3
506031124,Bentley - Wilson - St James,9.5,13.7,14.4
116011560,Blacktown (South),11.5,13.9,14.4
217031475,Corangamite - South,13.2,13.9,14.4
212041311,Dandenong,9.7,14.2,14.4
310011273,Forest Lake - Doolandella,11.3,14.2,14.4
308031216,Rockhampton - West,13.8,14.2,14.4
211031451,Croydon - West,13,14.3,14.4
312021354,Shoal Point - Bucasia,13.3,14.3,14.4
602031058,Dilston - Lilydale,13.7,14.3,14.4
306021151,Manoora,12.7,14.4,14.4
111031232,Stockton - Fullerton Cove,13.7,14.4,14.4
319041519,Point Vernon,14.1,14.4,14.4
204021064,Benalla Region,14.7,14.4,14.4
311031312,Browns Plains,12.7,14.5,14.4
308031211,Lakes Creek,13.3,14.5,14.4
318021475,Garbutt - West End,13.3,14.5,14.4
316061439,Beerwah,14,14.5,14.4
104021084,Coffs Harbour - North,14.3,14.5,14.4
106031120,Lemon Tree Passage - Tanilba Bay,14.3,14.5,14.4
402041040,Ingle Farm,12.7,14.6,14.4
312021349,North Mackay,13.1,14.6,14.4
108051168,Old Bar - Manning Point - Red Head,15.3,14.6,14.4
205051103,Sale,15.1,14.8,14.4
201031015,Golden Plains - North,15.1,14.9,14.4
406021142,Port Augusta,15.5,14.9,14.4
217011422,Portland,15,15,14.4
318021490,Townsville City - North Ward,13.9,15.1,14.4
309091264,Molendinar,11.9,13.9,14.5
210021233,Macedon,12.2,14,14.5
303041067,Coopers Plains,9.9,14.1,14.5
801051060,Turner,10.9,14.1,14.5
103031071,Lithgow Region,13.6,14.2,14.5
302031038,Northgate - Virginia,11.3,14.3,14.5
402051052,Hope Valley - Modbury,12.4,14.3,14.5
310041302,Redbank Plains,12.5,14.3,14.5
105031101,Dubbo - South,13.7,14.3,14.5
217031471,Camperdown,14,14.3,14.5
211031267,Ringwood East,12.7,14.4,14.5
108021158,Nambucca Heads,14.6,14.4,14.5
302011022,Bald Hills,13.6,14.5,14.5
313051380,Rothwell - Kippa-Ring,13.7,14.5,14.5
205041095,Moe - Newborough,15.3,14.6,14.5
311061330,Kingston (Qld.),12.4,14.7,14.5
407031165,Murray Bridge,14,14.7,14.5
104021089,Sawtell - Boambee,15.1,14.7,14.5
210031239,Pascoe Vale,12.2,14.8,14.5
215031404,Swan Hill,14.3,14.8,14.5
205031091,Phillip Island,14.9,14.8,14.5
215011386,Ararat,14.9,14.8,14.5
205031089,Korumburra,15.2,14.8,14.5
104021090,Urunga,15.6,14.8,14.5
201031014,Beaufort,14.8,14.9,14.5
319031512,Gympie - North,15,15.2,14.5
314021388,Dakabin - Kallangur,14.3,15.4,14.5
312011339,Clermont,12.6,13.6,14.6
602011043,Norwood (Tas.),13.6,14,14.6
108041162,Laurieton - Bonny Hills,13.2,14.1,14.6
217031472,Colac,13.6,14.2,14.6
110031195,Moree,14.1,14.2,14.6
209011199,Heidelberg West,11.8,14.3,14.6
407011149,Yankalilla,13.5,14.3,14.6
308031214,Park Avenue,13.7,14.4,14.6
312021355,Slade Point,13.8,14.4,14.6
103031074,Mudgee Region - West,13.9,14.4,14.6
507051186,Cooloongup,13.4,14.5,14.6
209041225,Whittlesea,14.8,14.5,14.6
403031070,Panorama,12.6,14.6,14.6
312021358,West Mackay,12.8,14.6,14.6
308031205,Berserker,13.4,14.6,14.6
602011048,Summerhill - Prospect,13.9,14.6,14.6
113031268,Wagga Wagga - North,14,14.7,14.6
215011391,St Arnaud,14.7,14.7,14.6
604021087,Latrobe,14.7,14.7,14.6
216031418,Shepparton Region - East,15.4,14.7,14.6
313051377,Clontarf,14,14.8,14.6
214021384,Rosebud - McCrae,14.7,14.8,14.6
201031013,Avoca,15,14.8,14.6
505031255,Alkimos - Eglinton,11.3,14.9,14.6
205031093,Wonthaggi - Inverloch,15.1,14.9,14.6
102021050,Lake Munmorah - Mannering Park,15.3,14.9,14.6
205021084,Lakes Entrance,14.9,15.1,14.6
127031599,Lurnea - Cartwright,11.1,14,14.7
312011337,Bowen,12.5,14,14.7
305031127,Newmarket,11.8,14.2,14.7
217031474,Corangamite - North,13.6,14.3,14.7
505031099,Butler - Merriwa - Ridgewood,11.4,14.4,14.7
505031102,Girrawheen,11.4,14.4,14.7
317011454,North Toowoomba - Harlaxton,13.8,14.5,14.7
405041125,Moonta,14.3,14.6,14.7
107041548,Wollongong - East,12.6,14.7,14.7
507031174,Parmelia - Orelia,12.7,14.7,14.7
211051275,Chirnside Park,13.8,14.8,14.7
217011421,Hamilton (Vic.),15,14.8,14.7
112031251,Murwillumbah,14.8,14.9,14.7
205021086,Paynesville,14.8,15.1,14.7
102021046,Budgewoi - Buff Point - Halekulani,15.4,15.2,14.7
211011256,Rowville - Central,12,13.8,14.8
111031226,Maryland - Fletcher - Minmi,13,14.4,14.8
204011056,Kilmore - Broadford,13.8,14.4,14.8
506011117,Seville Grove,12.3,14.6,14.8
407011145,Kangaroo Island,13.6,14.6,14.8
103031073,Mudgee Region - East,13.8,14.6,14.8
216021414,Yarrawonga,14.5,14.6,14.8
603021071,Geeveston - Dover,14.6,14.6,14.8
124031464,Penrith,12.4,14.7,14.8
309071251,Coomera,12.6,14.7,14.8
601031014,Berriedale - Chigwell,14.4,14.7,14.8
205041098,Yallourn North - Glengarry,15.3,14.9,14.8
110011187,Armidale Region - North,15.8,14.9,14.8
213051369,Wyndham Vale,12.6,15,14.8
216031417,Shepparton - South,13.8,15.1,14.8
205021085,Orbost,15,15.1,14.8
403021063,Sheidow Park - Trott Park,14.7,15.6,14.8
206071141,Collingwood,11.4,14.3,14.9
801051051,Braddon,11.4,14.4,14.9
302031040,Nundah,10.3,14.5,14.9
308031215,Parkhurst - Kawana,13.7,14.7,14.9
204011059,Seymour,14.2,14.7,14.9
311061333,Slacks Creek,12.6,14.8,14.9
403011056,Brighton (SA),13.1,14.8,14.9
312021342,Andergrove - Beaconsfield,13.4,14.8,14.9
309071257,Pimpama,12.9,14.9,14.9
201031017,Maryborough Region,15.2,15.1,14.9
311021309,Mount Warren Park,14.3,15.2,14.9
102021054,Toukley - Norah Head,15.2,15.3,14.9
102021045,Blue Haven - San Remo,15.5,15.3,14.9
104021085,Coffs Harbour - South,14.7,15.4,14.9
402051054,Redwood Park,14.9,15.4,14.9
403021058,Edwardstown,12.9,15.6,14.9
111021217,Edgeworth - Cameron Park,13.1,14.5,15
506011110,Armadale - Wungong - Brookdale,12.8,14.6,15
202021026,Bendigo Region - South,15.2,14.8,15
319041520,Torquay - Scarness - Kawungan,14.2,14.9,15
604021091,Sheffield - Railton,15.2,15,15
204021066,Wangaratta,15.6,15,15
202021029,Heathcote,15.3,15.1,15
403031066,Bellevue Heights,13,15.2,15
216031416,Shepparton - North,14,15.3,15
405011113,Mallala,14.6,15.3,15
107031143,Warilla,15.7,15.3,15
201011001,Alfredton,14.8,15.4,15
216011410,Rushworth,16.2,15.6,15
319031513,Gympie - South,15.7,15.9,15
212011287,Beaconsfield - Officer,14.7,16,15
507051193,Warnbro,13.5,14.7,15.1
202021028,Castlemaine Region,14.7,14.7,15.1
308031217,Rockhampton City,13.9,14.8,15.1
502011029,Pinjarra,14,14.8,15.1
312021356,South Mackay,13,14.9,15.1
602011044,Prospect Vale - Blackstone,14.4,14.9,15.1
602031061,Northern Midlands,14.9,15,15.1
107031137,Albion Park Rail,15.2,15.1,15.1
301011005,Thorneside,14,15.2,15.1
602011050,Waverley - St Leonards,15,15.2,15.1
204021063,Benalla,15.5,15.2,15.1
311021307,Eagleby,14,15.3,15.1
205021081,Bairnsdale,15,15.4,15.1
216011409,Rochester,16.6,15.7,15.1
217041479,Warrnambool - North,13.8,14.5,15.2
212021297,Hallam,11.7,14.6,15.2
127031601,Warwick Farm,10,14.7,15.2
211031450,Croydon - East,13.1,15,15.2
507051192,Waikiki,13.4,15,15.2
407011146,Strathalbyn,14.1,15,15.2
601031019,Moonah,13.7,15.2,15.2
316021419,Caloundra - Kings Beach,14.2,15.2,15.2
211051274,Belgrave - Selby,14.3,15.3,15.2
112031550,Banora Point,15,15.3,15.2
201011007,Smythes Creek,15.8,15.4,15.2
403041087,Seaford (SA),14.3,15.7,15.2
202011020,East Bendigo - Kennington,15.2,15.7,15.2
405031122,Port Pirie,15.3,15.7,15.2
202011021,Flora Hill - Spring Gully,15.5,15.7,15.2
217041478,Moyne - West,13.6,14.4,15.3
206031113,Ascot Vale,12.4,14.8,15.3
309091541,Southport - South,12.2,14.9,15.3
601041022,Kingston - Huntingfield,14.5,15.1,15.3
211051282,Mount Dandenong - Olinda,14.2,15.2,15.3
319041518,Pialba - Eli Waters,14.3,15.2,15.3
309061248,Nerang - Mount Nathan,13.9,15.3,15.3
310011276,Wacol,13.4,15.4,15.3
313051379,Redcliffe,14.4,15.4,15.3
110011186,Armidale,15.3,15.4,15.3
215011392,Stawell,15.3,15.5,15.3
201011003,Ballarat - North,15.2,15.6,15.3
102021057,Wyong,15.3,15.8,15.3
113011259,Narrandera,14.1,14.6,15.4
103031072,Mudgee,13.9,15.1,15.4
602031060,Longford,14.7,15.2,15.4
404011097,Woodville - Cheltenham,13,15.3,15.4
602011052,Youngtown - Relbia,14.7,15.3,15.4
402041048,Salisbury North,13.6,15.4,15.4
602011037,Kings Meadows - Punchbowl,14.6,15.4,15.4
211051278,Lilydale - Coldstream,14.8,15.4,15.4
407011148,Victor Harbor,14.6,15.5,15.4
205011078,Trafalgar (Vic.),15.5,15.5,15.4
505031258,Yanchep,13.2,15.6,15.4
403021061,Mitchell Park,12.8,15.7,15.4
213051362,Hoppers Crossing - South,13.4,15.8,15.4
216011407,Kyabram,16.8,15.8,15.4
202011022,Kangaroo Flat - Golden Square,15.5,15.9,15.4
203021038,Corio - Norlane,15.8,16,15.4
217041477,Moyne - East,13.4,14.2,15.5
212031301,Cranbourne East,9.9,14.6,15.5
501021008,College Grove - Carey Park,13.8,15,15.5
211051281,Mooroolbark,13.5,15.1,15.5
211051283,Mount Evelyn,14.6,15.3,15.5
202021030,Kyneton,15,15.3,15.5
215021396,Merbein,15.6,15.3,15.5
502011028,Mandurah - South,14.3,15.4,15.5
407011144,Goolwa - Port Elliot,14.7,15.4,15.5
405011112,Lyndoch,14.9,15.5,15.5
210041240,Sunbury,15.8,15.5,15.5
201021012,Gordon (Vic.),15.9,15.6,15.5
201011005,Buninyong,15.6,15.8,15.5
201031016,Maryborough (Vic.),16,15.8,15.5
601031021,West Moonah,14.5,15.9,15.5
403041089,Woodcroft,14.8,16.2,15.5
403021064,Warradale,13.9,16.3,15.5
403041078,Hackham - Onkaparinga Hills,15.9,16.5,15.5
402011025,Gawler - North,16.5,16.6,15.5
217041480,Warrnambool - South,13.6,14.7,15.6
212031308,Pearcedale - Tooradin,14.3,14.9,15.6
103031070,Lithgow,14.3,15.2,15.6
602031062,Perth - Evandale,14.6,15.4,15.6
312021346,Mackay,11.8,15.5,15.6
103011061,Oberon,15.2,15.7,15.6
106011108,Cessnock,15.2,15.7,15.6
211051284,Upwey - Tecoma,14.5,15.8,15.6
106021117,Maitland - West,15,15.8,15.6
602011051,West Launceston,15,15.8,15.6
604011078,Parklands - Camdale,16.2,15.8,15.6
113031270,Wagga Wagga - West,15.2,15.9,15.6
212011291,Pakenham - North,14.9,16.4,15.6
501021251,Dalyellup,12.4,14.5,15.7
602031100,Scottsdale - Bridport,14.6,15.3,15.7
603021070,Cygnet,15.5,15.4,15.7
301011001,Alexandra Hills,14.4,15.6,15.7
317011446,Darling Heights,13.1,15.7,15.7
405011114,Nuriootpa,15.1,15.8,15.7
205011079,Warragul,15.4,15.9,15.7
402031036,Enfield - Blair Athol,12.2,16,15.7
311021306,Beenleigh,14.3,16,15.7
203021043,Lara,16.3,16,15.7
201011002,Ballarat,15.4,16.1,15.7
112021248,Lismore,16.1,16.2,15.7
203021044,Leopold,16.7,16.2,15.7
203021040,Geelong West - Hamlyn Heights,15.9,16.3,15.7
403041072,Aldinga,15.5,16.6,15.7
309091540,Southport - North,11.5,15.4,15.8
501021254,Withers - Usher,14.1,15.4,15.8
302041046,Zillmere,12.4,15.6,15.8
317011448,Gatton,13.1,15.8,15.8
602011040,Mowbray,13.4,16,15.8
318021488,South Townsville - Railway Estate,15.1,16.2,15.8
102021048,Gorokan - Kanwal - Charmhaven,16,16.2,15.8
403041084,Morphett Vale - East,15.1,16.3,15.8
201021009,Bacchus Marsh Region,16,16.3,15.8
215011388,Horsham,16.3,16.3,15.8
115011554,Castle Hill - East,11.6,14.5,15.9
212031305,Hampton Park - Lynbrook,11.4,15.1,15.9
405011110,Barossa - Angaston,15,15.5,15.9
316011416,Sippy Downs,13.8,15.7,15.9
202021027,Castlemaine,15.5,15.7,15.9
210031439,Gowanbrae,13.5,15.8,15.9
128011602,Caringbah,13.7,15.8,15.9
404021099,Largs Bay - Semaphore,14.2,15.8,15.9
603021072,Huonville - Franklin,15.6,15.8,15.9
402021032,Munno Para West - Angle Vale,14.3,15.9,15.9
402041044,Paralowie,14.5,15.9,15.9
404021100,North Haven,14.6,16,15.9
211011257,Rowville - North,12.6,14.9,16
211051277,Kilsyth,14.4,15.8,16
109011172,Albury - East,15.3,15.9,16
106021114,Maitland,15,16.1,16
210041241,Sunbury - South,15.9,16.1,16
203021041,Grovedale,15.8,16.2,16
203021037,Belmont,15.9,16.3,16
106031122,Raymond Terrace,16.1,16.4,16
201011006,Delacombe,16.5,16.4,16
601011001,Bridgewater - Gagebrook,19.3,17.5,16
211011251,Bayswater,12.5,15.5,16.1
211051280,Montrose,14.6,15.8,16.1
116031313,Bidwill - Hebersham - Emerton,13.2,16,16.1
402021031,Elizabeth East,14.1,16,16.1
205011076,Drouin,15.7,16.1,16.1
318021491,Wulguru - Roseneath,16.3,16.2,16.1
602021053,Beauty Point - Beaconsfield,16.3,16.2,16.1
318021467,Aitkenvale,14.7,16.4,16.1
106011111,Kurri Kurri - Abermain,16,16.4,16.1
602011038,Launceston,15.7,16.7,16.1
502011023,Greenfields,14.3,15.9,16.2
216021413,Numurkah,16.1,15.9,16.2
210051242,Broadmeadows,12.5,16.2,16.2
507031170,Calista,13.4,16.2,16.2
213041357,Melton South,13.7,16.3,16.2
402041046,Salisbury,13.7,16.3,16.2
313021365,Caboolture,15.7,16.5,16.2
310031294,Ripley,14.5,16.7,16.2
310031285,Churchill - Yamanto,15.6,16.7,16.2
203021045,Newcomb - Moolap,17.2,16.8,16.2
216021412,Moira,15.8,15.7,16.3
212021295,Doveton,11.5,15.9,16.3
211011449,The Basin,14.5,16,16.3
103021069,West Wyalong,15.2,16.1,16.3
604011075,Acton - Upper Burnie,15.7,16.1,16.3
402021028,Craigmore - Blakeview,15,16.3,16.3
310031284,Bundamba,14.6,16.4,16.3
213041356,Melton,15.2,16.4,16.3
310031283,Brassall,15,16.5,16.3
319011495,Bundaberg,15,16.5,16.3
313051378,Margate - Woody Point,15.5,16.5,16.3
214021385,Somerville,16.5,16.5,16.3
202011025,White Hills - Ascot,15.8,16.6,16.3
314031394,Strathpine - Brendale,14.2,16.7,16.3
103011059,Bathurst - East,16.2,16.7,16.3
202011018,Bendigo,16.3,16.8,16.3
106021115,Maitland - East,15.7,16.7,16.4
314031393,Petrie,14.6,16.8,16.4
403041086,Reynella,15.4,16.9,16.4
116031316,Lethbridge Park - Tregear,12.5,16.1,16.5
602031059,George Town,15.6,16.1,16.5
103021064,Cowra Region,15.7,16.1,16.5
310031287,Ipswich - East,15,16.5,16.5
310031292,North Ipswich - Tivoli,15.5,16.5,16.5
201021011,Daylesford,16.1,16.5,16.5
214011370,Carrum Downs,15.2,16.8,16.5
502011025,Mandurah,13.7,15.8,16.6
116031317,Mount Druitt - Whalan,11.6,16,16.6
405011111,Light,15.9,16.4,16.6
201021010,Creswick - Clunes,16.4,16.5,16.6
311061331,Logan Central,12.8,16.7,16.6
402041043,Parafield Gardens,13.5,16.7,16.6
111031224,Hamilton - Broadmeadow,15.3,16.7,16.6
111031235,Wickham - Carrington - Tighes Hill,14.9,16.8,16.6
214011371,Frankston,15.7,16.9,16.6
402011026,Gawler - South,17.1,17.7,16.6
212031304,Cranbourne West,11.7,15.8,16.7
212031302,Cranbourne North,12.4,16.3,16.7
311051326,Loganlea,14.3,16.7,16.7
403041080,Happy Valley,15.2,16.7,16.7
604011077,Burnie - Wivenhoe,16.6,16.7,16.7
310031293,Raceview,15.1,16.8,16.7
206031115,Flemington,11.3,15.9,16.8
111021221,West Wallsend - Barnsley - Killingworth,15.8,16,16.8
211011446,Boronia,13.6,16.1,16.8
204011054,Alexandra,16.1,16.4,16.8
111031233,Wallsend - Elermore Vale,14.8,16.5,16.8
111031234,Waratah - North Lambton,14.5,16.6,16.8
211051286,Yarra Valley,15.9,16.6,16.8
602011041,Newnham - Mayfield,15.2,16.7,16.8
316071548,Nambour,15.6,16.8,16.8
214011372,Frankston North,16.3,17.1,16.8
206021111,Northcote,10.1,14.4,16.9
211011448,Ferntree Gully (South) - Upper Ferntree Gul,14.2,16.1,16.9
103021068,Parkes Region,15.3,16.2,16.9
103021062,Condobolin,15.7,16.4,16.9
311061336,Woodridge,12.5,16.6,16.9
309031238,Labrador,15,17.2,16.9
201011008,Wendouree - Miners Rest,17,17.2,16.9
203031049,Lorne - Anglesea,14.7,16.1,17
111031229,Newcastle - Cooks Hill,14,16.4,17.1
103021063,Cowra,16.3,16.7,17.1
213041353,Bacchus Marsh,16.3,17.1,17.1
211011447,Ferntree Gully (North),14,16.4,17.2
103021066,Grenfell,15.7,16.6,17.2
204011062,Yea,16.1,16.6,17.2
108041164,Port Macquarie - West,15.1,16.8,17.2
310011274,Inala - Richlands,12.7,16.9,17.2
602011047,South Launceston,15.1,16.9,17.2
602031064,St Helens - Scamander,16.3,16.9,17.2
111021219,Toronto - Awaba,16.4,16.9,17.3
214021379,Hastings - Somers,17.8,17.6,17.3
213041358,Melton West,15.8,17.7,17.3
108041166,Wauchope,15.5,16.7,17.4
111021215,Bolton Point - Teralba,16.5,16.8,17.4
103021065,Forbes,16.4,17.1,17.4
404021102,The Parks,12.7,17.2,17.4
111031227,Mayfield - Warabrook,15.3,17.3,17.4
314031391,Bray Park,15,17.6,17.4
202011019,California Gully - Eaglehawk,18,18,17.4
203031050,Ocean Grove - Barwon Heads,15.1,16.6,17.5
103021067,Parkes (NSW),16,17,17.6
310031291,Leichhardt - One Mile,16.5,18,17.6
602011045,Ravenswood,18.6,18,17.6
404021101,Port Adelaide,15.7,18.3,17.7
206021110,Alphington - Fairfield,10.7,15.2,17.8
310011272,Durack,12.4,16.9,17.8
314031392,Lawnton,15.3,18,17.8
310031295,Riverview,15.7,17.6,17.9
604021086,East Devonport,18.8,18.2,17.9
201011004,Ballarat - South,17.6,18.3,18
111011210,Mount Hutton - Windale,17.4,18.2,18.1
303051076,Rocklea - Acacia Ridge,14,17.5,18.2
403041074,Christies Beach,17.7,18.9,18.2
602011036,Invermay,16.1,18.1,18.4
212031300,Cranbourne,14.7,18.2,18.5
111031223,Beresfield - Hexham,17.5,18.4,18.6
103011058,Bathurst,17.3,18.7,18.9
402021034,Smithfield - Elizabeth North,16.9,19.2,19.3
310031286,Ipswich - Central,17.9,19.6,19.3
203031051,Portarlington,18,18.8,19.5
403041085,Morphett Vale - West,18.7,20,19.5
203031052,Point Lonsdale - Queenscliff,17.4,18.9,19.6
403041079,Hackham West - Huntfield Heights,19,20.3,19.8
206021112,Thornbury,12.2,17.4,19.9
403041073,Christie Downs,18.4,20.3,20
402021030,Elizabeth,17.2,20.3,20.2
203031048,Clifton Springs,18,19.5,20.3
402021029,Davoren Park,17.8,20.5,20.4
111031231,Shortland - Jesmond,15,20.6,20.6
114011275,Ettrema - Sassafras - Budawang,NA,NA,NA
801111140,ACT - South West,10.3,NA,NA
119011355,Chullora,8.7,NA,NA
701041042,Palmerston - South,8,NA,NA
127011592,Badgerys Creek,NA,NA,NA
205051099,Alps - West,NA,NA,NA
801041119,Kenny,NA,NA,NA
801041120,Moncrieff,9.4,NA,NA
101041022,Deua - Wadbilliga,NA,NA,NA
111031230,Newcastle Port - Kooragang,NA,NA,NA
801011018,Lawson,8,NA,NA
801041043,Hall,11.9,NA,NA
801111141,Namadgi,NA,NA,NA
801031115,Majura,NA,NA,NA
205031088,French Island,NA,NA,NA
507031173,Kwinana Industrial,NA,NA,NA
801031114,Canberra Airport,NA,NA,NA
507021167,O'Connor (WA),NA,NA,NA
503021037,Kings Park (WA),NA,NA,NA
506031130,Welshpool,NA,NA,NA
801041118,Jacka,10,NA,NA
403041082,Lonsdale,NA,NA,NA
312021345,Eungella Hinterland,NA,NA,NA
801071089,Tuggeranong,NA,NA,NA
304041099,Enoggera Reservoir,NA,NA,NA
308051532,Callemondah,NA,NA,NA
117011320,Banksmeadow,NA,NA,NA
701021012,Berrimah,8,NA,NA
507031172,Hope Valley - Postans,NA,NA,NA
701031035,Weddell,10.1,10.6,NA
702011049,Mount Johns,7.8,9.2,NA
701041044,Woodroffe,8.6,10.4,NA
801101135,Coombs,10,NA,NA
801071083,Macarthur,11.2,11,NA
801041037,Crace,8.4,10.2,NA
510021269,Port Hedland,9.5,10.8,NA
702011045,Charles,9.5,10,NA
308051538,Telina - Toolooa,10.7,10.8,NA
312021347,Mackay Harbour,10.6,NA,NA
801101139,Wright,11.1,12.9,NA
701041037,Driver,8.5,9.8,NA
801071088,Theodore,12.1,11.3,NA
702011047,Flynn (NT),9,10.5,NA
116021562,Acacia Gardens,10.6,11.2,NA
702011048,Larapinta,9.2,10.7,NA
305011111,Spring Hill,7.6,11.6,NA
801051054,Dickson,10,11.6,NA
701041039,Gray,10.1,12.2,NA
305011106,Fortitude Valley,8.6,12.5,NA
801041038,Forde,10,11.2,NA
801061129,Barton,11.5,13.2,NA
701041043,Rosebery - Bellamack,7.6,10.8,NA
510021270,South Hedland,9.5,11.3,NA
505031256,Carabooda - Pinjar,13.1,NA,NA
801071086,Oxley (ACT),11.9,11.9,NA
302031037,Eagle Farm - Pinkenba,10.9,12.8,NA
801051053,Civic,10.1,13,NA
801031113,Canberra East,12.2,13.3,NA
406021143,Roxby Downs,12.7,13.6,NA
312011341,Moranbah,12,13.3,NA
204011061,Upper Yarra Valley,16,NA,NA
701031034,Virginia,6.8,6.8,NA
701031031,Howard Springs,7.3,7.4,NA
801041044,Harrison,6.7,7.7,NA
701011008,Stuart Park,7,8.7,NA
701021013,Brinkin - Nakara,6.9,8.5,NA
701011009,Woolner - Bayview - Winnellie,7.3,8.7,NA
701041041,Palmerston - North,8,NA,NA
701021010,Alawa,7.2,8.5,NA
701021011,Anula,8,8.6,NA
701021020,Leanyer,7.4,8.3,NA
801091107,O'Malley,8.7,9,NA
701011006,Ludmilla - The Narrows,8.3,9.2,NA
801041035,Bonner,6.9,8.4,NA
701021022,Malak - Marrara,7.6,8.5,NA
701021025,Nightcliff,6.8,8.8,NA
701011007,Parap,7,8.7,NA
701021026,Rapid Creek,7.4,8.9,NA
701021018,Jingili,8.3,NA,NA
701021029,Wanguri,8,8.8,NA
701021028,Wagaman,6.7,8.5,NA
701021023,Millner,7.1,8.8,NA
701021024,Moil,7.6,8.8,NA
305031129,Wilston,8.6,8.9,NA
701021021,Lyons (NT),6.7,NA,NA
701021027,Tiwi,7.2,8.9,NA
701021030,Wulagi,7.8,9.1,NA
801041034,Amaroo,9.1,9.1,NA
801041039,Franklin,7.8,9.9,NA
701011005,Larrakeyah,6.9,9.2,NA
801041036,Casey,8.1,9.2,NA
701041040,Moulden,8.7,9.9,NA
701021019,Karama,7.8,9.1,NA
702011046,East Side,8.6,9.3,NA
701041036,Bakewell,8,10.4,NA
213041462,Burnside Heights,9.1,10.4,NA
702011051,Ross,9.7,9.6,NA
