SA2 Code,SA2 Label,Heart stroke vascular (%) All ages,Heart stroke vascular (%) 60 years and over,Heart stroke vascular (%) 70 years and over
801011012,Gooromon,NA,0,0
504031055,Avon Valley National Park,NA,0,0
506011111,Ashendon - Lesley,NA,0,0
507051189,Rockingham Lakes,NA,0,0
801071132,Tuggeranong - West,NA,0,0
206051131,Port Melbourne Industrial,NA,0,0
117011325,Sydney Airport,NA,0,0
603011068,Wilderness - East,NA,0,0
128021537,Royal National Park,NA,0,0
206041120,Flemington Racecourse,NA,0,0
801051125,Duntroon,NA,0,0
801011112,West Belconnen,NA,0,0
125031487,Yennora Industrial,NA,0,0
505031106,Neerabup National Park,NA,0,0
117011324,Port Botany Industrial,NA,0,0
125031486,Smithfield Industrial,NA,0,0
801031031,Hume,NA,0,0
801031032,Kowen,NA,0,0
801101138,Molonglo - North,NA,0,0
504031063,Malaga,NA,0,0
701011003,East Point,NA,0,0
801011111,Molonglo Corridor,NA,0,0
302031036,Brisbane Airport,NA,NA,0
504021052,Malmalling - Reservoir,NA,NA,0
507011155,Henderson,NA,NA,0
116031318,Prospect Reservoir,NA,NA,0
210051248,Melbourne Airport,NA,NA,0
801061130,Fyshwick,NA,NA,0
205031092,Wilsons Promontory,NA,NA,0
308031221,Shoalwater Bay,NA,NA,0
127021521,Wetherill Park Industrial,NA,NA,0
107021135,Illawarra Catchment Reserve,NA,NA,0
124021456,Blue Mountains - South,NA,NA,0
208031184,Braeside,NA,NA,0
319021510,North Burnett,NA,NA,0
701031033,Koolpinyah,NA,NA,0
501021011,Davenport,NA,NA,0
205021080,Alps - East,NA,NA,0
124011451,Blue Mountains - North,NA,NA,0
701011001,Darwin Airport,NA,NA,0
401021004,Aldgate - Stirling,NA,NA,17.6
402051053,Modbury Heights,NA,NA,17.8
122011419,Manly - Fairlight,NA,NA,18.2
207011149,Camberwell,NA,NA,18.3
501011002,Busselton,NA,NA,18.5
124011450,Blaxland - Warrimoo - Lapstone,NA,NA,18.6
506071147,South Perth - Kensington,NA,NA,18.7
208041194,Malvern - Glen Iris,NA,NA,18.9
207011153,Kew,NA,NA,19
207021425,Doncaster East (South),NA,NA,19
307031189,Warwick,NA,15,19.1
202021028,Castlemaine Region,NA,NA,19.1
206071144,Richmond (Vic.),NA,NA,19.2
401051018,Payneham - Felixstow,NA,NA,19.2
121011398,Chatswood (East) - Artarmon,NA,NA,19.3
121011402,Willoughby - Castle Cove - Northbridge,NA,NA,19.3
122021423,Warriewood - Mona Vale,NA,NA,19.3
309031240,Runaway Bay,NA,NA,19.3
112031253,Pottsville,NA,NA,19.4
505011082,Sorrento - Marmion,NA,NA,19.5
316031427,Maroochydore - Kuluin,NA,NA,19.5
301021527,Redland Islands,NA,NA,19.5
502011024,Halls Head - Erskine,NA,NA,19.5
309031238,Labrador,NA,NA,19.6
502011027,Mandurah - North,NA,NA,19.6
603021072,Huonville - Franklin,NA,14.3,19.7
214021382,Mount Martha,NA,15.2,19.7
403031069,Mitcham (SA),NA,NA,19.7
319011493,Bargara - Burnett Heads,NA,NA,19.7
601051031,Sandy Bay,5,14.7,19.8
602031064,St Helens - Scamander,NA,15,19.8
207011148,Balwyn North,NA,NA,19.8
602011048,Summerhill - Prospect,NA,NA,19.8
102011040,Umina - Booker Bay - Patonga,NA,NA,19.8
403041084,Morphett Vale - East,NA,NA,19.9
403021062,Morphettville,NA,NA,19.9
121031410,St Ives,NA,NA,19.9
506021122,Rivervale - Kewdale - Cloverdale,NA,NA,19.9
121031411,Turramurra,NA,NA,19.9
319041521,Urangan - Wondunna,NA,NA,19.9
401061021,Prospect,NA,NA,20
121031407,Gordon - Killara,NA,NA,20
207011150,Glen Iris - East,NA,NA,20
207021424,Doncaster East (North),NA,NA,20
401051017,Norwood (SA),NA,14.6,20.1
316021420,Caloundra - West,4.5,15.7,20.1
206051133,St Kilda,NA,NA,20.1
115011291,Baulkham Hills (West) - Bella Vista,NA,NA,20.1
316081549,Noosa Hinterland,NA,NA,20.1
121031409,Pymble,NA,NA,20.1
316071548,Nambour,NA,NA,20.1
122031431,Narrabeen - Collaroy,NA,NA,20.1
104021084,Coffs Harbour - North,NA,NA,20.1
207031161,Blackburn,NA,NA,20.1
402051055,St Agnes - Ridgehaven,NA,NA,20.1
403011056,Brighton (SA),NA,15.2,20.2
407011148,Victor Harbor,NA,16.3,20.2
204031073,West Wodonga,NA,NA,20.2
126021498,Gladesville - Huntleys Point,NA,NA,20.2
203031050,Ocean Grove - Barwon Heads,NA,NA,20.2
602021054,Deloraine,NA,NA,20.2
316051435,Noosaville,NA,NA,20.2
506051139,High Wycombe,NA,NA,20.2
509021240,Merredin,NA,NA,20.2
207021157,Doncaster,NA,NA,20.2
404011096,West Lakes,NA,15.2,20.3
302041041,Bracken Ridge,NA,NA,20.3
310021282,Rosewood,NA,NA,20.3
506071145,Como,NA,NA,20.3
208011169,Brighton (Vic.),NA,NA,20.3
202021027,Castlemaine,NA,NA,20.3
102011042,Woy Woy - Blackwall,NA,NA,20.3
401041015,Paradise - Newton,NA,15.8,20.4
309071258,Upper Coomera - Willow Vale,NA,NA,20.4
206051130,Port Melbourne,NA,NA,20.4
128021536,Oyster Bay - Como - Jannali,NA,NA,20.4
507041175,Applecross - Ardross,NA,NA,20.4
404031108,Richmond (SA),NA,NA,20.4
316011413,Buderim - North,NA,NA,20.4
402031037,Northgate - Oakden - Gilles Plains,NA,NA,20.4
309031237,Coombabah,NA,NA,20.4
407011144,Goolwa - Port Elliot,NA,NA,20.4
509011225,Albany,NA,NA,20.4
208011173,Sandringham - Black Rock,NA,15.2,20.5
126021503,West Ryde - Meadowbank,NA,NA,20.5
115011558,Cherrybrook,NA,NA,20.5
112011237,Ballina Region,NA,NA,20.5
506031129,Riverton - Shelley - Rossmoyne,NA,NA,20.5
604021091,Sheffield - Railton,NA,15.1,20.6
801071082,Kambah,NA,15.3,20.6
203021037,Belmont,NA,16.3,20.6
503021041,Perth City,NA,NA,20.6
505031098,Alexander Heights - Koondoola,NA,NA,20.6
402051051,Highbury - Dernancourt,NA,NA,20.6
204031069,Bright - Mount Beauty,NA,NA,20.6
506041134,Gosnells,NA,NA,20.6
317011446,Darling Heights,NA,NA,20.6
207021160,Templestowe Lower,NA,NA,20.6
302011023,Bridgeman Downs,NA,15.1,20.7
509021242,Mukinbudin,5.6,15.7,20.7
319041518,Pialba - Eli Waters,NA,17.1,20.7
112031250,Kingscliff - Fingal Head,NA,NA,20.7
118021350,Malabar - La Perouse - Chifley,NA,NA,20.7
403031067,Blackwood,NA,NA,20.7
101041025,Merimbula - Tura Beach,NA,NA,20.7
506041137,Thornlie,NA,15.7,20.8
507021165,Fremantle,NA,NA,20.8
506031131,Willetton,NA,NA,20.8
309071255,Ormeau - Yatala,NA,NA,20.8
309061246,Carrara,NA,NA,20.8
207031163,Box Hill,NA,NA,20.8
401061022,Walkerville,NA,NA,20.8
208011168,Beaumaris,NA,NA,20.8
504021054,Swan View - Greenmount - Midvale,NA,NA,20.8
211041270,Mitcham (Vic.),NA,NA,20.8
211031266,Ringwood,NA,NA,20.8
217041480,Warrnambool - South,NA,NA,20.8
505021097,Yokine - Coolbinia - Menora,NA,16.2,20.9
313011363,Bribie Island,9.6,17,20.9
309081262,Varsity Lakes,NA,NA,20.9
205031089,Korumburra,NA,NA,20.9
208021176,Carnegie,NA,NA,20.9
207031164,Box Hill North,NA,NA,20.9
316021417,Aroona - Currimundi,NA,NA,20.9
501021005,Australind - Leschenault,NA,NA,20.9
211041273,Vermont South,NA,NA,20.9
217011422,Portland,NA,NA,20.9
205021082,Bruthen - Omeo,NA,NA,20.9
211031267,Ringwood East,NA,NA,20.9
114021284,Bowral,NA,NA,20.9
405041125,Moonta,NA,16.3,21
316031425,Coolum Beach,NA,NA,21
601051028,Lenah Valley - Mount Stuart,NA,NA,21
125021476,Carlingford,NA,NA,21
110021194,Tenterfield,NA,NA,21
208021178,Caulfield - South,NA,NA,21
115011290,Baulkham Hills (East),NA,NA,21
304041100,Keperra,NA,NA,21
316071547,Eumundi - Yandina,NA,NA,21.1
503021039,Mount Lawley - Inglewood,NA,NA,21.1
119031369,Mortdale - Penshurst,NA,NA,21.1
118021348,Coogee - Clovelly,NA,NA,21.1
506031127,Cannington - Queens Park,NA,NA,21.1
301021009,Redland Bay,NA,NA,21.1
403041072,Aldinga,NA,NA,21.1
209011202,Montmorency - Briar Hill,NA,NA,21.1
407011149,Yankalilla,NA,NA,21.1
505021090,Nollamara - Westminster,NA,NA,21.1
302031035,Boondall,NA,NA,21.1
317011456,Toowoomba - Central,NA,NA,21.1
211041272,Vermont,NA,NA,21.1
211041269,Forest Hill,NA,NA,21.1
207031166,Burwood East,NA,NA,21.1
207011147,Balwyn,NA,16.2,21.2
505021096,Wembley Downs - Churchlands - Woodlands,NA,16.6,21.2
404011091,Flinders Park,NA,16.8,21.2
126011495,Epping - North Epping,NA,NA,21.2
126021500,Macquarie Park - Marsfield,NA,NA,21.2
206031116,Moonee Ponds,NA,NA,21.2
207021159,Templestowe,NA,NA,21.2
317011457,Toowoomba - East,NA,NA,21.2
108051170,Taree Region,NA,NA,21.2
505021089,Karrinyup - Gwelup - Carine,NA,NA,21.2
102011041,Wamberal - Forresters Beach,NA,NA,21.2
507011153,Coolbellup,NA,NA,21.2
314011382,Albany Creek,NA,NA,21.2
309031239,Paradise Point - Hollywell,NA,NA,21.2
112031550,Banora Point,NA,NA,21.2
112031552,Tweed Heads South,NA,NA,21.2
601041024,Margate - Snug,NA,16,21.3
214021384,Rosebud - McCrae,NA,17.2,21.3
108041164,Port Macquarie - West,NA,17.3,21.3
112011243,Mullumbimby,NA,NA,21.3
209031215,Wattle Glen - Diamond Creek,NA,NA,21.3
128011604,Cronulla - Kurnell - Bundeena,NA,NA,21.3
302021034,Wavell Heights,NA,NA,21.3
502011026,Mandurah - East,NA,NA,21.3
506031124,Bentley - Wilson - St James,NA,NA,21.3
207021156,Bulleen,NA,NA,21.3
117031335,Redfern - Chippendale,NA,15.2,21.4
507041181,Melville,NA,16.7,21.4
602011044,Prospect Vale - Blackstone,NA,16.8,21.4
403031070,Panorama,NA,17.2,21.4
511011274,Esperance,NA,17.4,21.4
112021249,Lismore Region,NA,NA,21.4
126021497,Eastwood - Denistone,NA,NA,21.4
209011197,Greensborough,NA,NA,21.4
120031394,Dulwich Hill - Lewisham,NA,NA,21.4
309071256,Oxenford - Maudsland,NA,NA,21.4
208021182,Ormond - Glen Huntly,NA,NA,21.4
115011555,Castle Hill - North,NA,NA,21.4
601061034,Dodges Ferry - Lewisham,NA,NA,21.4
404021100,North Haven,NA,NA,21.4
115021297,Dural - Kenthurst - Wisemans Ferry,NA,NA,21.4
507051185,Baldivis,NA,NA,21.4
507051193,Warnbro,NA,NA,21.4
507051188,Rockingham,NA,NA,21.4
401041016,Rostrevor - Magill,NA,17,21.5
112021248,Lismore,NA,NA,21.5
507011161,Success - Hammond Park,NA,NA,21.5
317011458,Toowoomba - West,NA,NA,21.5
108021159,Nambucca Heads Region,NA,NA,21.5
209011199,Heidelberg West,NA,NA,21.5
119031371,Oatley - Hurstville Grove,NA,NA,21.5
104021090,Urunga,NA,NA,21.5
119031374,South Hurstville - Blakehurst,NA,NA,21.5
211051286,Yarra Valley,NA,NA,21.5
117021326,Marrickville,NA,NA,21.5
403041080,Happy Valley,NA,NA,21.5
212051319,Ashwood - Chadstone,NA,NA,21.5
118021567,Maroubra - South,NA,NA,21.5
507051191,Singleton - Golden Bay - Secret Harbour,NA,NA,21.5
101041017,Batemans Bay,NA,NA,21.5
319031511,Cooloola,NA,NA,21.5
208031188,Cheltenham - Highett (East),NA,NA,21.5
307021183,Wambo,NA,NA,21.5
120031393,Croydon Park - Enfield,NA,15.6,21.6
109011176,Lavington,NA,16.5,21.6
509031250,Wagin,NA,16.7,21.6
122031428,Frenchs Forest - Belrose,NA,16.9,21.6
122031427,Forestville - Killarney Heights,NA,17,21.6
601021007,Howrah - Tranmere,6.5,17.4,21.6
124041466,Richmond - Clarendon,NA,17.5,21.6
120011384,Concord West - North Strathfield,NA,NA,21.6
115011559,Kellyville,NA,NA,21.6
207031167,Surrey Hills (East) - Mont Albert,NA,NA,21.6
313041372,Burpengary,NA,NA,21.6
107041150,Woonona - Bulli - Russell Vale,NA,NA,21.6
118021566,Maroubra - North,NA,NA,21.6
101041026,Moruya - Tuross Head,NA,NA,21.6
403041085,Morphett Vale - West,NA,NA,21.6
319021509,Nanango,NA,NA,21.6
509021237,Cunderdin,NA,NA,21.6
401051019,St Peters - Marden,NA,15.7,21.7
319031514,Gympie Region,6,15.9,21.7
204031074,Wodonga,NA,16.4,21.7
102011032,Gosford - Springfield,NA,16.4,21.7
602011041,Newnham - Mayfield,NA,16.8,21.7
303051073,Calamvale - Stretton,NA,NA,21.7
306021148,Gordonvale - Trinity,NA,NA,21.7
404021099,Largs Bay - Semaphore,NA,NA,21.7
126021501,North Ryde - East Ryde,NA,NA,21.7
301031021,Wynnum West - Hemmant,NA,NA,21.7
121021406,Normanhurst - Thornleigh - Westleigh,NA,NA,21.7
125041490,North Rocks,NA,NA,21.7
203021038,Corio - Norlane,NA,NA,21.7
124031461,Jamisontown - South Penrith,NA,NA,21.7
103011058,Bathurst,NA,NA,21.7
104011082,Maclean - Yamba - Iluka,NA,NA,21.7
302021027,Aspley,NA,NA,21.7
602011052,Youngtown - Relbia,NA,NA,21.7
205021084,Lakes Entrance,NA,NA,21.7
319041519,Point Vernon,NA,NA,21.7
319011497,Bundaberg North - Gooburrum,NA,NA,21.7
601021011,Rokeby,NA,16,21.8
403011057,Glenelg (SA),6,16.1,21.8
112031254,Tweed Heads,7,16.7,21.8
113031266,Temora,NA,17.3,21.8
604011084,Wynyard,NA,17.5,21.8
801041047,Nicholls,NA,NA,21.8
107041148,Thirroul - Austinmer - Coalcliff,NA,NA,21.8
309061247,Highland Park,NA,NA,21.8
305031121,Ascot,NA,NA,21.8
109011175,Albury Region,NA,NA,21.8
107041145,Corrimal - Tarrawanna - Bellambi,NA,NA,21.8
108021155,Kempsey,NA,NA,21.8
505021094,Trigg - North Beach - Watermans Bay,NA,NA,21.8
403021060,Marino - Seaview Downs,NA,NA,21.8
208031190,Mentone,NA,NA,21.8
214011371,Frankston,NA,NA,21.8
316021423,Parrearra - Warana,NA,NA,21.8
203021042,Highton,NA,NA,21.8
507011154,Hamilton Hill,NA,NA,21.8
319031512,Gympie - North,NA,NA,21.8
217011420,Glenelg (Vic.),NA,NA,21.8
217011421,Hamilton (Vic.),NA,NA,21.8
601021005,Cambridge,NA,16.5,21.9
125041493,Toongabbie - Constitution Hill,NA,17,21.9
505021084,Balcatta - Hamersley,NA,17.1,21.9
601031020,New Norfolk,NA,17.4,21.9
301021013,Victoria Point,NA,17.6,21.9
120031390,Ashfield,NA,NA,21.9
303041070,Salisbury - Nathan,NA,NA,21.9
119031370,Narwee - Beverly Hills,NA,NA,21.9
303041068,Moorooka,NA,NA,21.9
404021102,The Parks,NA,NA,21.9
128011530,Miranda - Yowie Bay,NA,NA,21.9
301031016,Manly West,NA,NA,21.9
404031106,Lockleys,NA,NA,21.9
604021087,Latrobe,NA,NA,21.9
212011292,Pakenham - South,NA,NA,21.9
115011294,Glenhaven,NA,NA,21.9
201011002,Ballarat,NA,NA,21.9
108041162,Laurieton - Bonny Hills,NA,NA,21.9
403031068,Colonel Light Gardens,NA,15.8,22
110011186,Armidale,NA,16.7,22
407031159,Barmera,NA,16.7,22
602031061,Northern Midlands,NA,17,22
502011025,Mandurah,NA,17.6,22
309021231,Currumbin - Tugun,NA,NA,22
308051535,Gladstone Hinterland,NA,NA,22
507011159,South Lake - Cockburn Central,NA,NA,22
505031103,Madeley - Darch - Landsdale,NA,NA,22
407031170,Waikerie,NA,NA,22
214021379,Hastings - Somers,NA,NA,22
214021381,Mount Eliza,NA,NA,22
114021287,Moss Vale - Berrima,NA,NA,22
317011447,Drayton - Harristown,NA,NA,22
505031105,Mindarie - Quinns Rocks - Jindalee,NA,16.4,22.1
604021089,Port Sorell,6.9,16.6,22.1
505021088,Innaloo - Doubleview,NA,16.7,22.1
316021422,Moffat Beach - Battery Hill,NA,16.7,22.1
119031372,Peakhurst - Lugarno,NA,17.1,22.1
317011459,Wilsonton,NA,17.4,22.1
403021059,Hallett Cove,NA,NA,22.1
116021563,Quakers Hill,NA,NA,22.1
301011003,Birkdale,NA,NA,22.1
302031039,Nudgee - Banyo,NA,NA,22.1
208031193,Mordialloc - Parkdale,NA,NA,22.1
604021092,Turners Beach - Forth,NA,NA,22.1
208031185,Carrum - Patterson Lakes,NA,NA,22.1
128011602,Caringbah,NA,NA,22.1
308031208,Frenchville - Mount Archer,NA,NA,22.1
310021281,Lowood,NA,NA,22.1
311011305,Beaudesert,NA,NA,22.1
109021178,Wentworth - Buronga,NA,NA,22.1
101041019,Bega - Tathra,NA,NA,22.1
505031102,Girrawheen,NA,NA,22.1
204031072,Towong,NA,NA,22.1
212051325,Mulgrave,NA,NA,22.1
319021505,Kingaroy,NA,NA,22.1
203021041,Grovedale,NA,NA,22.1
121021403,Asquith - Mount Colah,NA,16,22.2
601051027,Hobart,NA,16,22.2
313051379,Redcliffe,NA,16.9,22.2
309091541,Southport - South,NA,17.2,22.2
505021086,Dianella,NA,17.3,22.2
214021383,Point Nepean,NA,17.5,22.2
125041489,North Parramatta,NA,NA,22.2
209011200,Ivanhoe,NA,NA,22.2
206011107,Brunswick West,NA,NA,22.2
211011259,Wantirna,NA,NA,22.2
126021591,Ryde,NA,NA,22.2
504031056,Ballajura,NA,NA,22.2
309021234,Palm Beach,NA,NA,22.2
504021053,Mundaring,NA,NA,22.2
118021565,Kingsford,NA,NA,22.2
128021608,Loftus - Yarrawarrah,NA,NA,22.2
507011152,Coogee,NA,NA,22.2
311021306,Beenleigh,NA,NA,22.2
504021050,Glen Forrest - Darlington,NA,NA,22.2
212011288,Bunyip - Garfield,NA,NA,22.2
407031164,Mannum,NA,NA,22.2
107041548,Wollongong - East,NA,NA,22.2
301021007,Cleveland,NA,NA,22.2
101041018,Batemans Bay - South,NA,NA,22.2
205021085,Orbost,NA,NA,22.2
211011447,Ferntree Gully (North),NA,NA,22.2
319041520,Torquay - Scarness - Kawungan,NA,NA,22.2
211031451,Croydon - West,NA,NA,22.2
115011554,Castle Hill - East,NA,NA,22.2
315021405,Mount Isa,3.4,16,22.3
507021166,Fremantle - South,NA,16.2,22.3
403041077,Flagstaff Hill,NA,16.4,22.3
119011359,Panania - Milperra - Picnic Point,NA,16.9,22.3
313051542,Scarborough - Newport - Moreton Island,NA,16.9,22.3
316021419,Caloundra - Kings Beach,NA,16.9,22.3
403021064,Warradale,NA,17,22.3
102011029,Box Head - MacMasters Beach,NA,17.1,22.3
506041136,Maddington - Orange Grove - Martin,NA,17.3,22.3
214021380,Mornington,NA,17.9,22.3
303061078,Runcorn,NA,NA,22.3
125011586,Lidcombe,NA,NA,22.3
303061080,Sunnybank Hills,NA,NA,22.3
213031347,Braybrook,NA,NA,22.3
206021111,Northcote,NA,NA,22.3
310011273,Forest Lake - Doolandella,NA,NA,22.3
209011201,Ivanhoe East - Eaglemont,NA,NA,22.3
119031373,Riverwood,NA,NA,22.3
402041048,Salisbury North,NA,NA,22.3
208021179,Elsternwick,NA,NA,22.3
128011529,Gymea - Grays Point,NA,NA,22.3
205011076,Drouin,NA,NA,22.3
105031100,Dubbo - East,NA,NA,22.3
208021427,Bentleigh East (South),NA,NA,22.3
507011160,Spearwood,NA,NA,22.3
205031093,Wonthaggi - Inverloch,NA,NA,22.3
319051522,Burrum - Fraser,NA,NA,22.3
212051321,Glen Waverley - East,NA,NA,22.3
801081095,Rivett,NA,NA,22.3
111021215,Bolton Point - Teralba,NA,NA,22.3
205021086,Paynesville,NA,NA,22.3
319011500,Millbank - Avoca,NA,NA,22.3
208021174,Bentleigh - McKinnon,NA,16.8,22.4
507041182,Murdoch - Kardinya,NA,17,22.4
207031162,Blackburn South,NA,17.2,22.4
302011024,Carseldine,NA,17.3,22.4
309091263,Ashmore,NA,17.3,22.4
302021028,Chermside,NA,17.6,22.4
104011080,Grafton,NA,17.6,22.4
207031165,Burwood,NA,17.9,22.4
502011028,Mandurah - South,NA,18.1,22.4
112021247,Kyogle,NA,NA,22.4
112021245,Casino Region,NA,NA,22.4
206031113,Ascot Vale,NA,NA,22.4
122031426,Dee Why - North Curl Curl,NA,NA,22.4
317011451,Lockyer Valley - West,NA,NA,22.4
309011225,Burleigh Heads,NA,NA,22.4
124031458,Castlereagh - Cranebrook,NA,NA,22.4
119021363,Canterbury (South) - Campsie,NA,NA,22.4
112021246,Goonellabah,NA,NA,22.4
117011321,Botany,NA,NA,22.4
308031213,Norman Gardens,NA,NA,22.4
317011450,Highfields,NA,NA,22.4
319051525,Maryborough Region - South,NA,NA,22.4
203021043,Lara,NA,NA,22.4
124031457,Cambridge Park,NA,NA,22.4
217041478,Moyne - West,NA,NA,22.4
211011260,Wantirna South,NA,NA,22.4
103011059,Bathurst - East,NA,NA,22.4
208031186,Chelsea - Bonbeach,NA,NA,22.4
209011203,Viewbank - Yallambie,NA,NA,22.4
101061541,Yass,NA,NA,22.4
502011023,Greenfields,NA,NA,22.4
120011386,Five Dock - Abbotsford,NA,16.8,22.5
119041382,Sans Souci - Ramsgate,NA,17.1,22.5
209011196,Bundoora - East,NA,17.7,22.5
108041163,Port Macquarie - East,NA,17.7,22.5
201031016,Maryborough (Vic.),NA,18.7,22.5
318021473,Deeragun,NA,NA,22.5
312021357,Walkerston - Eton,NA,NA,22.5
128011606,Woolaware - Burraneer,NA,NA,22.5
125011582,Auburn - Central,NA,NA,22.5
211011258,Rowville - South,NA,NA,22.5
311061332,Rochedale South - Priestdale,NA,NA,22.5
109011172,Albury - East,NA,NA,22.5
101021009,Queanbeyan,NA,NA,22.5
403041086,Reynella,NA,NA,22.5
602031059,George Town,NA,NA,22.5
102011043,Wyoming,NA,NA,22.5
311051328,Waterford West,NA,NA,22.5
203021045,Newcomb - Moolap,NA,NA,22.5
120021388,Leichhardt - Annandale,NA,15.5,22.6
504031057,Beechboro,NA,16.5,22.6
120011383,Concord - Mortlake - Cabarita,NA,16.6,22.6
103031071,Lithgow Region,NA,16.9,22.6
210021232,Gisborne,NA,17.1,22.6
107041146,Figtree - Keiraville,NA,17.3,22.6
604021086,East Devonport,NA,17.3,22.6
205011079,Warragul,NA,17.4,22.6
211011251,Bayswater,NA,17.9,22.6
105031101,Dubbo - South,NA,18.1,22.6
402051052,Hope Valley - Modbury,NA,18.1,22.6
120031396,Homebush,NA,NA,22.6
311051327,Shailer Park,NA,NA,22.6
318021490,Townsville City - North Ward,NA,NA,22.6
801011016,Kaleen,NA,NA,22.6
511041288,Geraldton - South,NA,NA,22.6
403041078,Hackham - Onkaparinga Hills,NA,NA,22.6
319011498,Bundaberg Region - North,NA,NA,22.6
101041027,Narooma - Bermagui,NA,NA,22.6
217031475,Corangamite - South,NA,NA,22.6
504031066,Midland - Guildford,NA,NA,22.6
209011198,Heidelberg - Rosanna,NA,NA,22.6
312011337,Bowen,NA,NA,22.6
302041045,Taigum - Fitzgibbon,NA,NA,22.6
310031283,Brassall,NA,NA,22.6
117011323,Pagewood - Hillsdale - Daceyville,NA,NA,22.6
502011022,Falcon - Wannanup,NA,NA,22.6
603031074,Triabunna - Bicheno,NA,NA,22.6
210021235,Romsey,NA,16.6,22.7
112011236,Ballina,NA,17.1,22.7
102021047,Chittaway Bay - Tumbi Umbi,NA,17.4,22.7
119041377,Kingsgrove (South) - Bardwell Park,NA,17.4,22.7
204011057,Mansfield (Vic.),NA,17.4,22.7
102021044,Bateau Bay - Killarney Vale,NA,17.8,22.7
317011455,Rangeville,NA,17.8,22.7
209021208,Reservoir - West,NA,17.9,22.7
214011373,Frankston South,NA,17.9,22.7
801011007,Evatt,NA,NA,22.7
119041381,Rockdale - Banksia,NA,NA,22.7
119041376,Bexley,NA,NA,22.7
309061248,Nerang - Mount Nathan,NA,NA,22.7
204031068,Beechworth,NA,NA,22.7
319011499,Bundaberg Region - South,NA,NA,22.7
128021533,Heathcote - Waterfall,NA,NA,22.7
212051322,Glen Waverley - West,NA,NA,22.7
111021220,Wangi Wangi - Rathmines,NA,NA,22.7
217031472,Colac,NA,NA,22.7
214021377,Dromana,NA,NA,22.7
502011029,Pinjarra,NA,NA,22.7
217011423,Southern Grampians,NA,17,22.8
310011274,Inala - Richlands,NA,17.3,22.8
107041144,Balgownie - Fairy Meadow,NA,17.7,22.8
128021607,Engadine,NA,17.8,22.8
301011006,Wellington Point,NA,NA,22.8
313021368,Morayfield - East,NA,NA,22.8
206011105,Brunswick,NA,NA,22.8
205011077,Mount Baw Baw Region,NA,NA,22.8
108021157,Macksville - Scotts Head,NA,NA,22.8
125041491,Northmead,NA,NA,22.8
604011077,Burnie - Wivenhoe,NA,NA,22.8
318021471,Condon - Rasmussen,NA,NA,22.8
310021277,Boonah,NA,NA,22.8
405041128,Yorke Peninsula - South,NA,NA,22.8
604011083,West Ulverstone,NA,NA,22.8
310011272,Durack,NA,NA,22.8
110021191,Inverell,NA,NA,22.8
206011108,Coburg,NA,16.8,22.9
122031430,Manly Vale - Allambie Heights,NA,17.1,22.9
604031094,North West,NA,17.5,22.9
506011110,Armadale - Wungong - Brookdale,NA,17.7,22.9
104021085,Coffs Harbour - South,NA,17.7,22.9
101051539,Goulburn,NA,17.9,22.9
202011020,East Bendigo - Kennington,NA,17.9,22.9
301021008,Ormiston,NA,17.9,22.9
313011362,Beachmere - Sandstone Point,NA,18.2,22.9
407031165,Murray Bridge,NA,18.3,22.9
205021081,Bairnsdale,NA,18.4,22.9
108041165,Port Macquarie Region,NA,NA,22.9
402041044,Paralowie,NA,NA,22.9
404011090,Beverley,NA,NA,22.9
114021285,Hill Top - Colo Vale,NA,NA,22.9
204011056,Kilmore - Broadford,NA,NA,22.9
302041046,Zillmere,NA,NA,22.9
203021044,Leopold,NA,NA,22.9
407031169,The Coorong,NA,NA,22.9
310021278,Esk,NA,NA,22.9
113011258,Leeton,NA,NA,22.9
110021193,Inverell Region - West,NA,NA,22.9
507031170,Calista,NA,NA,22.9
110031197,Narrabri,NA,NA,22.9
124031459,Emu Plains - Leonay,NA,NA,22.9
601031018,Montrose - Rosetta,NA,NA,22.9
312021351,Pioneer Valley,NA,16.4,23
214021385,Somerville,NA,16.9,23
801071078,Gordon (ACT),NA,17,23
120011385,Drummoyne - Rodd Point,NA,17.1,23
318021476,Gulliver - Currajong - Vincent,NA,17.6,23
102011031,Erina - Green Point,NA,18.4,23
106031124,Tea Gardens - Hawks Nest,NA,18.7,23
104011081,Grafton Region,NA,NA,23
117021327,Petersham - Stanmore,NA,NA,23
310041300,Goodna,NA,NA,23
111021217,Edgeworth - Cameron Park,NA,NA,23
212051326,Oakleigh - Huntingdale,NA,NA,23
308031222,The Range - Allenstown,NA,NA,23
205031090,Leongatha,NA,NA,23
103031072,Mudgee,NA,NA,23
101061543,Young,NA,NA,23
602031058,Dilston - Lilydale,NA,17.2,23.1
504011044,Bassendean - Eden Hill - Ashfield,NA,17.5,23.1
504031059,Ellenbrook,NA,17.6,23.1
111031233,Wallsend - Elermore Vale,NA,17.7,23.1
201011003,Ballarat - North,NA,17.8,23.1
316021418,Buddina - Minyama,NA,17.8,23.1
205031091,Phillip Island,NA,17.8,23.1
601041022,Kingston - Huntingfield,5.5,17.9,23.1
405041124,Kadina,NA,18,23.1
319051524,Maryborough (Qld),7.1,18.3,23.1
212021293,Berwick - North,NA,18.3,23.1
317011448,Gatton,NA,18.4,23.1
604011082,Ulverstone,7.5,18.8,23.1
111021218,Morisset - Cooranbong,NA,18.8,23.1
311041320,Greenbank,NA,NA,23.1
206021110,Alphington - Fairfield,NA,NA,23.1
119041379,Kogarah Bay - Carlton - Allawah,NA,NA,23.1
125041589,Wentworthville - Westmead,NA,NA,23.1
123031446,Douglas Park - Appin,NA,NA,23.1
308041529,Biloela,NA,NA,23.1
302041042,Brighton (Qld),NA,NA,23.1
217031473,Colac Region,NA,NA,23.1
102021055,Tuggerah - Kangy Angy,NA,NA,23.1
209011204,Watsonia,NA,NA,23.1
212051320,Clayton,NA,NA,23.1
602031100,Scottsdale - Bridport,NA,NA,23.1
307011172,Chinchilla,NA,NA,23.1
601031019,Moonah,NA,NA,23.1
108021160,South West Rocks,NA,NA,23.1
318021472,Cranbrook,NA,NA,23.1
215021470,Mildura - South,NA,NA,23.1
504011045,Bayswater - Embleton - Bedford,NA,17.2,23.2
312021356,South Mackay,NA,17.9,23.2
205041097,Traralgon,NA,18.1,23.2
111031235,Wickham - Carrington - Tighes Hill,NA,NA,23.2
111031229,Newcastle - Cooks Hill,NA,NA,23.2
312021348,Mount Pleasant - Glenella,NA,NA,23.2
311061336,Woodridge,NA,NA,23.2
208031191,Moorabbin - Heatherton,NA,NA,23.2
116021312,Riverstone - Marsden Park,NA,NA,23.2
310031292,North Ipswich - Tivoli,NA,NA,23.2
505031099,Butler - Merriwa - Ridgewood,NA,NA,23.2
319011501,Svensson Heights - Norville,NA,NA,23.2
125021478,Oatlands - Dundas Valley,NA,16.8,23.3
304041101,Mitchelton,NA,17.4,23.3
402031038,Windsor Gardens,NA,17.9,23.3
505031107,Tapping - Ashby - Sinagra,NA,18,23.3
302021033,Stafford Heights,NA,18,23.3
108041166,Wauchope,NA,18,23.3
128011531,Sylvania - Taren Point,NA,18.2,23.3
215011388,Horsham,NA,18.3,23.3
210011226,Airport West,NA,18.5,23.3
128021535,Menai - Lucas Heights - Woronora,NA,NA,23.3
311031317,Marsden,NA,NA,23.3
120031391,Burwood - Croydon,NA,NA,23.3
124051470,St Clair,NA,NA,23.3
125011583,Auburn - North,NA,NA,23.3
302021032,Stafford,NA,NA,23.3
313051377,Clontarf,NA,NA,23.3
602011051,West Launceston,NA,NA,23.3
127011506,Cobbitty - Leppington,NA,NA,23.3
205031087,Foster,NA,NA,23.3
507051192,Waikiki,NA,NA,23.3
204011054,Alexandra,NA,NA,23.3
108051171,Wingham,NA,NA,23.3
106031119,Anna Bay,NA,NA,23.3
108021158,Nambucca Heads,NA,NA,23.3
801051058,O'Connor (ACT),NA,16.5,23.4
211011448,Ferntree Gully (South) - Upper Ferntree Gul,NA,17.3,23.4
404011095,Seaton - Grange,NA,17.8,23.4
119041380,Monterey - Brighton-le-Sands - Kyeemagh,NA,18,23.4
217041479,Warrnambool - North,NA,18.1,23.4
406021142,Port Augusta,NA,18.1,23.4
212051327,Wheelers Hill,NA,18.2,23.4
111021219,Toronto - Awaba,NA,18.5,23.4
602011047,South Launceston,NA,18.7,23.4
301011001,Alexandra Hills,NA,NA,23.4
125041492,Parramatta - Rosehill,NA,NA,23.4
206031114,Essendon - Aberfeldie,NA,NA,23.4
119031368,Hurstville,NA,NA,23.4
213021342,Altona Meadows,NA,NA,23.4
312021352,Sarina,NA,NA,23.4
213051369,Wyndham Vale,NA,NA,23.4
124031460,Glenmore Park - Regentville,NA,NA,23.4
402021028,Craigmore - Blakeview,NA,NA,23.4
511041286,Geraldton - East,NA,NA,23.4
206011106,Brunswick East,NA,NA,23.4
212011290,Koo Wee Rup,NA,NA,23.4
102021045,Blue Haven - San Remo,NA,NA,23.4
211011254,Knoxfield - Scoresby,NA,NA,23.4
204011059,Seymour,NA,NA,23.4
507031174,Parmelia - Orelia,NA,NA,23.4
108051167,Gloucester,NA,NA,23.4
110041199,Gunnedah,NA,NA,23.4
123011433,Camden - Ellis Lane,NA,18,23.5
125031482,Greystanes - Pemulwuy,NA,18.1,23.5
501021253,South Bunbury - Bunbury,NA,18.7,23.5
108011152,Forster,NA,19,23.5
405031122,Port Pirie,6.7,19.1,23.5
801071074,Chisholm,NA,NA,23.5
311051324,Cornubia - Carbrook,NA,NA,23.5
311051326,Loganlea,NA,NA,23.5
507031169,Bertram - Wellard (West),NA,NA,23.5
107031141,Shellharbour - Flinders,NA,NA,23.5
404021101,Port Adelaide,NA,NA,23.5
204011055,Euroa,NA,NA,23.5
311021307,Eagleby,NA,NA,23.5
110031195,Moree,NA,NA,23.5
127021510,Bossley Park - Abbotsbury,NA,16.9,23.6
128011603,Caringbah South,NA,17.3,23.6
306031161,Tully,6.8,17.8,23.6
112021244,Casino,NA,17.9,23.6
208031189,Edithvale - Aspendale,NA,18,23.6
208021426,Bentleigh East (North),NA,18.1,23.6
110021190,Glen Innes,NA,18.4,23.6
107011131,Dapto - Avondale,NA,18.8,23.6
509021239,Gingin - Dandaragan,7.8,18.9,23.6
801071073,Calwell,NA,NA,23.6
213031349,Maribyrnong,NA,NA,23.6
108021156,Kempsey Region,NA,NA,23.6
314031391,Bray Park,NA,NA,23.6
213031348,Footscray,NA,NA,23.6
202011024,Strathfieldsaye,NA,NA,23.6
212021294,Berwick - South,NA,NA,23.6
505031101,Clarkson,NA,NA,23.6
211011256,Rowville - Central,NA,NA,23.6
213041358,Melton West,NA,NA,23.6
125031483,Guildford - South Granville,NA,NA,23.6
313031371,Woodford - D'Aguilar,NA,NA,23.6
604011076,Burnie - Ulverstone Region,NA,NA,23.6
119021366,Punchbowl,NA,NA,23.6
312021358,West Mackay,NA,NA,23.6
204011058,Nagambie,NA,NA,23.6
106031125,Williamtown - Medowie - Karuah,NA,NA,23.6
109011174,Albury - South,NA,NA,23.6
110041205,Tamworth Region,NA,NA,23.6
102021056,Warnervale - Wadalba,NA,NA,23.6
604011080,Romaine - Havenview,NA,NA,23.6
405031120,Jamestown,NA,NA,23.6
120031575,Strathfield,NA,17.4,23.7
107031136,Albion Park - Macquarie Pass,NA,17.4,23.7
314021389,Murrumba Downs - Griffin,NA,18,23.7
403021061,Mitchell Park,5.9,18.6,23.7
213021341,Altona,NA,18.6,23.7
601061035,Sorell - Richmond,6.3,18.7,23.7
215021469,Mildura - North,NA,18.8,23.7
205041096,Morwell,NA,19,23.7
319011502,Walkervale - Avenell Heights,6.7,19.2,23.7
311051325,Loganholme - Tanah Merah,NA,NA,23.7
116021309,Glenwood,NA,NA,23.7
213031351,West Footscray - Tottenham,NA,NA,23.7
119011572,Bankstown - South,NA,NA,23.7
206011109,Pascoe Vale South,NA,NA,23.7
311061333,Slacks Creek,NA,NA,23.7
602021057,Westbury,NA,NA,23.7
212021456,Narre Warren - South West,NA,NA,23.7
203021039,Geelong,NA,NA,23.7
313031370,Kilcoy,NA,NA,23.7
106031120,Lemon Tree Passage - Tanilba Bay,NA,NA,23.7
124031462,Kingswood - Werrington,NA,NA,23.7
405031121,Peterborough - Mount Remarkable,NA,NA,23.7
506041133,Canning Vale - East,NA,17.4,23.8
208021177,Caulfield - North,NA,17.6,23.8
314021388,Dakabin - Kallangur,NA,17.7,23.8
314031394,Strathpine - Brendale,NA,18,23.8
602011046,Riverside,NA,18.3,23.8
210031236,Coburg North,NA,18.4,23.8
402041047,Salisbury East,NA,18.6,23.8
107031138,Kiama,NA,18.6,23.8
405041127,Yorke Peninsula - North,8.8,18.7,23.8
214011375,Seaford (Vic.),NA,18.7,23.8
313051380,Rothwell - Kippa-Ring,NA,18.7,23.8
108011154,Tuncurry,NA,19.5,23.8
308031215,Parkhurst - Kawana,NA,NA,23.8
312021353,Seaforth - Calen,NA,NA,23.8
212031308,Pearcedale - Tooradin,NA,NA,23.8
215021399,Red Cliffs,NA,NA,23.8
511041289,Irwin,NA,NA,23.8
113031270,Wagga Wagga - West,NA,NA,23.8
102021052,Summerland Point - Gwandalan,NA,NA,23.8
112031252,Murwillumbah Region,NA,16,23.9
301011004,Capalaba,NA,17,23.9
213041355,Hillside,NA,17.4,23.9
407021173,Mount Gambier - East,NA,17.7,23.9
801071084,Monash,NA,17.8,23.9
303051076,Rocklea - Acacia Ridge,NA,18,23.9
402041043,Parafield Gardens,NA,18.2,23.9
302021029,Chermside West,NA,18.4,23.9
203021046,Newtown (Vic.),NA,18.4,23.9
128021538,Sutherland - Kirrawee,NA,18.5,23.9
103021067,Parkes (NSW),NA,18.9,23.9
601021008,Lindisfarne - Rose Bay,7.2,19.1,23.9
402041040,Ingle Farm,NA,19.4,23.9
311031319,Regents Park - Heritage Park,NA,NA,23.9
111031226,Maryland - Fletcher - Minmi,NA,NA,23.9
308031210,Gracemere,NA,NA,23.9
511041292,Northampton - Mullewa - Greenough,NA,NA,23.9
213051465,Point Cook - North,NA,NA,23.9
505031104,Marangaroo,NA,NA,23.9
318021481,Kirwan - East,NA,NA,23.9
601031013,Austins Ferry - Granton,NA,NA,23.9
311021309,Mount Warren Park,NA,NA,23.9
109011173,Albury - North,NA,NA,23.9
601021006,Geilston Bay - Risdon,NA,NA,23.9
103021066,Grenfell,NA,NA,23.9
801071090,Wanniassa,NA,17.2,24
603021071,Geeveston - Dover,7.5,17.7,24
603011067,Southern Midlands,NA,18,24
308031223,Yeppoon,NA,18.1,24
111011206,Belmont - Bennetts Green,NA,18.2,24
403041089,Woodcroft,NA,18.3,24
114011277,North Nowra - Bomaderry,NA,18.4,24
604011079,Penguin - Sulphur Creek,NA,18.8,24
204021066,Wangaratta,NA,18.9,24
604011081,Somerset,NA,19.1,24
311051323,Bethania - Waterford,NA,19.2,24
215031404,Swan Hill,NA,19.2,24
123031448,The Oaks - Oakdale,NA,NA,24
402011027,Lewiston - Two Wells,NA,NA,24
119021573,Lakemba,NA,NA,24
125031484,Guildford West - Merrylands West,NA,NA,24
318021491,Wulguru - Roseneath,NA,NA,24
310031284,Bundamba,NA,NA,24
202011021,Flora Hill - Spring Gully,NA,NA,24
210011228,Keilor,NA,NA,24
105031102,Dubbo - West,NA,NA,24
511041287,Geraldton - North,NA,17.7,24.1
403041073,Christie Downs,NA,18.3,24.1
127011504,Ashcroft - Busby - Miller,NA,18.6,24.1
119011354,Bass Hill - Georges Hall,NA,18.6,24.1
319031513,Gympie - South,NA,18.6,24.1
313041373,Deception Bay,NA,18.8,24.1
601031014,Berriedale - Chigwell,NA,18.9,24.1
109031180,Corowa,NA,19.2,24.1
216021414,Yarrawonga,NA,19.5,24.1
601031017,Glenorchy,6,19.6,24.1
310041302,Redbank Plains,NA,NA,24.1
213051366,Truganina,NA,NA,24.1
212011289,Emerald - Cockatoo,NA,NA,24.1
210041240,Sunbury,NA,NA,24.1
210011231,Strathmore,NA,NA,24.1
213041463,Caroline Springs,NA,NA,24.1
119041378,Kogarah,NA,NA,24.1
404011094,Royal Park - Hendon - Albert Park,NA,NA,24.1
301031020,Wynnum,NA,NA,24.1
107031140,Kiama Hinterland - Gerringong,NA,NA,24.1
111031234,Waratah - North Lambton,NA,NA,24.1
116031319,Rooty Hill - Minchinbury,NA,NA,24.1
601031021,West Moonah,NA,NA,24.1
113031267,Wagga Wagga - East,NA,NA,24.1
406011130,Eyre Peninsula,NA,NA,24.1
405041126,Wallaroo,NA,NA,24.1
124051580,Colyton - Oxley Park,NA,NA,24.1
317011445,Cambooya - Wyreema,NA,17.1,24.2
404011097,Woodville - Cheltenham,NA,17.3,24.2
127031524,Holsworthy - Wattle Grove,NA,17.5,24.2
213051365,Tarneit,NA,18,24.2
403021058,Edwardstown,NA,18,24.2
209021429,Preston - West,NA,18.1,24.2
209021428,Preston - East,NA,18.2,24.2
123021436,Bradbury - Wedderburn,NA,18.7,24.2
316021421,Golden Beach - Pelican Waters,8.7,18.9,24.2
201031014,Beaufort,7.8,19.1,24.2
604011078,Parklands - Camdale,NA,19.1,24.2
406011136,Whyalla,5.8,19.2,24.2
114011279,St Georges Basin - Erowal Bay,8,19.4,24.2
111021216,Bonnells Bay - Silverwater,NA,19.4,24.2
402021030,Elizabeth,NA,19.6,24.2
123021443,Minto - St Andrews,NA,NA,24.2
213051361,Hoppers Crossing - North,NA,NA,24.2
213011339,Sydenham,NA,NA,24.2
202031032,Bendigo Region - North,NA,NA,24.2
212041314,Keysborough,NA,NA,24.2
212031457,Narre Warren South (East),NA,NA,24.2
103041079,Orange Region,NA,NA,24.2
302011025,Everton Park,NA,NA,24.2
103031073,Mudgee Region - East,NA,NA,24.2
215011391,St Arnaud,NA,NA,24.2
215011386,Ararat,NA,NA,24.2
105031106,Wellington,NA,NA,24.2
307021180,Jondaryan,5.7,18.2,24.3
107041549,Wollongong - West,NA,18.2,24.3
123031447,Picton - Tahmoor - Buxton,NA,18.2,24.3
403041087,Seaford (SA),NA,18.2,24.3
307011176,Roma,NA,18.4,24.3
203021040,Geelong West - Hamlyn Heights,NA,18.6,24.3
506041132,Beckenham - Kenwick - Langford,NA,18.8,24.3
507051186,Cooloongup,NA,18.8,24.3
110041203,Tamworth - North,NA,19.3,24.3
119021364,Kingsgrove (North) - Earlwood,NA,19.4,24.3
127011595,Hinchinbrook,NA,NA,24.3
314031393,Petrie,NA,NA,24.3
212021453,Endeavour Hills - North,NA,NA,24.3
105031103,Dubbo Region,NA,NA,24.3
103041076,Blayney,NA,NA,24.3
113031265,Junee,NA,NA,24.3
402041041,Para Hills,NA,NA,24.3
212041316,Noble Park North,NA,NA,24.3
105031105,Narromine,NA,NA,24.3
311041321,Jimboomba,NA,17.5,24.4
312021342,Andergrove - Beaconsfield,NA,18,24.4
113011257,Griffith Region,NA,18.1,24.4
212011291,Pakenham - North,NA,18.5,24.4
119021362,Belmore - Belfield,NA,19,24.4
407021154,Naracoorte,5.8,19.1,24.4
124051581,St Marys - North St Marys,NA,19.2,24.4
402021035,Virginia - Waterloo Corner,NA,19.2,24.4
210031438,Glenroy,NA,19.6,24.4
212031301,Cranbourne East,NA,19.8,24.4
212031304,Cranbourne West,NA,NA,24.4
213031350,Seddon - Kingsville,NA,NA,24.4
108011153,Forster-Tuncurry Region,NA,NA,24.4
114011283,Ulladulla Region,NA,NA,24.4
113031264,Gundagai,NA,NA,24.4
202031033,Loddon,NA,NA,24.4
106041126,Muswellbrook,NA,NA,24.4
215011390,Nhill Region,NA,NA,24.4
105031099,Coonabarabran,NA,NA,24.4
105031104,Gilgandra,NA,NA,24.4
120031392,Canterbury (North) - Ashbury,NA,18.1,24.5
317011452,Middle Ridge,NA,18.3,24.5
125041588,Pendle Hill - Girraween,NA,18.4,24.5
313021365,Caboolture,NA,18.6,24.5
212041311,Dandenong,NA,18.9,24.5
310031287,Ipswich - East,5.5,19,24.5
110041201,Quirindi,NA,19.1,24.5
212051324,Mount Waverley - South,NA,19.2,24.5
106011108,Cessnock,NA,19.3,24.5
202011022,Kangaroo Flat - Golden Square,NA,19.4,24.5
213021343,Altona North,NA,19.8,24.5
213021344,Newport,NA,NA,24.5
212021299,Narre Warren North,NA,NA,24.5
407021150,Grant,NA,NA,24.5
116021310,Parklea - Kellyville Ridge,NA,NA,24.5
308031207,Emu Park,NA,NA,24.5
213041360,Taylors Hill,NA,NA,24.5
116011303,Blacktown (East) - Kings Park,NA,NA,24.5
123021441,Leumeah - Minto Heights,NA,NA,24.5
318011462,Charters Towers,NA,NA,24.5
123011435,Mount Annan - Currans Hill,NA,17.3,24.6
214011370,Carrum Downs,NA,18.5,24.6
119011360,Revesby,NA,18.6,24.6
117011322,Mascot - Eastlakes,NA,19,24.6
504011047,Morley,5.8,19.2,24.6
213011334,St Albans - North,NA,19.5,24.6
125041494,Winston Hills,NA,19.5,24.6
103021065,Forbes,NA,19.6,24.6
113031263,Cootamundra,NA,19.7,24.6
311031312,Browns Plains,NA,NA,24.6
212011287,Beaconsfield - Officer,NA,NA,24.6
213051468,Werribee - West,NA,NA,24.6
120031395,Haberfield - Summer Hill,NA,NA,24.6
311021310,Wolffdene - Bahrs Scrub,NA,NA,24.6
310041297,Camira - Gailes,NA,NA,24.6
402021032,Munno Para West - Angle Vale,NA,NA,24.6
119011571,Bankstown - North,NA,NA,24.6
308031212,Mount Morgan,NA,NA,24.6
123021440,Ingleburn - Denham Court,NA,NA,24.6
212031303,Cranbourne South,NA,NA,24.6
215011394,Yarriambiack,NA,NA,24.6
114011273,Callala Bay - Currarong,NA,NA,24.6
215011393,West Wimmera,NA,NA,24.6
127021517,Greenfield Park - Prairiewood,NA,18.2,24.7
103041078,Orange - North,NA,18.5,24.7
119011356,Condell Park,NA,18.8,24.7
310021280,Lockyer Valley - East,NA,18.9,24.7
215011392,Stawell,NA,19,24.7
511041285,Geraldton,6.8,19.2,24.7
201011004,Ballarat - South,NA,19.4,24.7
205041095,Moe - Newborough,NA,19.4,24.7
111031231,Shortland - Jesmond,NA,19.5,24.7
212041310,Clayton South,NA,19.5,24.7
212051323,Mount Waverley - North,NA,19.6,24.7
114011272,Berry - Kangaroo Valley,NA,19.7,24.7
201011008,Wendouree - Miners Rest,NA,19.8,24.7
311031316,Hillcrest,NA,NA,24.7
127021509,Bonnyrigg Heights - Bonnyrigg,NA,NA,24.7
113031271,Wagga Wagga Region,NA,NA,24.7
308031214,Park Avenue,NA,NA,24.7
116011560,Blacktown (South),NA,19.1,24.8
406011131,Kimba - Cleve - Franklin Harbour,7.1,19.2,24.8
308031205,Berserker,NA,19.4,24.8
312021349,North Mackay,NA,19.6,24.8
111031222,Adamstown - Kotara,NA,19.7,24.8
210011229,Keilor East,NA,20,24.8
318021488,South Townsville - Railway Estate,NA,NA,24.8
210051443,Craigieburn - South,NA,NA,24.8
127021514,Edensor Park,NA,NA,24.8
127011594,Green Valley,NA,NA,24.8
125031480,Fairfield - East,NA,NA,24.8
215011387,Ararat Region,NA,NA,24.8
212021297,Hallam,NA,NA,24.8
108011151,Bulahdelah - Stroud,NA,NA,24.8
318011461,Burdekin,NA,NA,24.8
212041309,Clarinda - Oakleigh South,NA,NA,24.8
106041128,Scone,NA,NA,24.8
318021487,Oonoonba,NA,18,24.9
119011361,Yagoona - Birrong,NA,18.4,24.9
314021390,North Lakes - Mango Hill,NA,18.9,24.9
209021205,Kingsbury,NA,19,24.9
119011358,Padstow,NA,19,24.9
317011453,Newtown (Qld),NA,19,24.9
210041241,Sunbury - South,NA,19.1,24.9
604031095,Smithton,6.3,19.4,24.9
109031182,Deniliquin,NA,19.5,24.9
404031107,Plympton,5.7,19.6,24.9
109031185,Tocumwal - Finley - Jerilderie,NA,19.7,24.9
107011546,Port Kembla - Warrawong,NA,20.1,24.9
212021454,Endeavour Hills - South,NA,NA,24.9
127011596,Hoxton Park - Carnes Hill - Horningsea Park,NA,NA,24.9
127011597,West Hoxton - Middleton Grange,NA,NA,24.9
213011331,Delahey,NA,NA,24.9
210051444,Craigieburn - West,NA,NA,24.9
205051102,Rosedale,NA,NA,24.9
209041430,Doreen,NA,NA,24.9
215031405,Swan Hill Region,NA,NA,24.9
109031183,Deniliquin Region,NA,NA,24.9
308031216,Rockhampton - West,NA,NA,24.9
215031401,Gannawarra,NA,NA,24.9
308031219,Rockhampton Region - North,6.4,17.5,25
504011048,Noranda,NA,18.7,25
119011357,Greenacre - Mount Lewis,NA,18.8,25
127021515,Fairfield,NA,18.8,25
106031122,Raymond Terrace,NA,19,25
212041460,Noble Park - West,NA,19.1,25
211011446,Boronia,NA,19.2,25
213051368,Werribee - South,NA,19.3,25
108051168,Old Bar - Manning Point - Red Head,NA,19.3,25
318021467,Aitkenvale,NA,19.4,25
111011214,Warners Bay - Boolaroo,NA,19.6,25
109031181,Corowa Region,NA,19.9,25
116031316,Lethbridge Park - Tregear,NA,20.6,25
407021157,Tatiara,NA,NA,25
205041094,Churchill,NA,NA,25
407021151,Kingston - Robe,NA,NA,25
106041129,Scone Region,NA,NA,25
215031402,Kerang,NA,NA,25
602011038,Launceston,NA,18.3,25.1
123011434,Elderslie - Harrington Park,NA,18.4,25.1
111031228,Merewether - The Junction,NA,18.6,25.1
310031291,Leichhardt - One Mile,NA,19,25.1
116011304,Blacktown (North) - Marayong,NA,19.2,25.1
119021367,Roselands,NA,19.2,25.1
127021516,Fairfield - West,NA,19.3,25.1
403041074,Christies Beach,NA,19.3,25.1
210051245,Gladstone Park - Westmeadows,NA,19.6,25.1
213011328,Ardeer - Albion,NA,19.7,25.1
123021437,Campbelltown - Woodbine,5.3,19.9,25.1
602011037,Kings Meadows - Punchbowl,NA,20,25.1
216021411,Cobram,NA,20.3,25.1
117021328,Sydenham - Tempe - St Peters,NA,NA,25.1
210051249,Roxburgh Park - Somerton,NA,NA,25.1
213011333,Kings Park (Vic.),NA,NA,25.1
212041459,Noble Park - East,NA,NA,25.1
318011465,Ingham Region,NA,NA,25.1
215031400,Buloke,NA,NA,25.1
111031227,Mayfield - Warabrook,NA,18,25.2
123021438,Claymore - Eagle Vale - Raby,NA,18.1,25.2
316011414,Buderim - South,NA,18.3,25.2
213021346,Williamstown,NA,18.4,25.2
212031302,Cranbourne North,NA,18.9,25.2
318021475,Garbutt - West End,NA,18.9,25.2
216021413,Numurkah,NA,19.3,25.2
603031073,Forestier - Tasman,NA,19.8,25.2
116011561,Blacktown (West),NA,19.8,25.2
108051169,Taree,7.4,19.9,25.2
210051250,Tullamarine,NA,20,25.2
102021053,The Entrance,7.7,20.1,25.2
102021057,Wyong,NA,20.1,25.2
604021090,Quoiba - Spreyton,NA,NA,25.2
210051441,Craigieburn - Central,NA,NA,25.2
209041436,South Morang (South),NA,NA,25.2
127011505,Austral - Greendale,NA,NA,25.2
209041220,Mill Park - North,NA,18.2,25.3
125031479,Chester Hill - Sefton,NA,19,25.3
103031074,Mudgee Region - West,NA,19.3,25.3
111011207,Belmont South - Blacksmiths,NA,19.3,25.3
211041271,Nunawading,5.2,19.4,25.3
116011308,Seven Hills - Toongabbie,NA,19.7,25.3
402041172,Pooraka - Cavan,NA,19.7,25.3
114011278,Nowra,NA,19.8,25.3
203021047,North Geelong - Bell Park,NA,19.9,25.3
106041127,Muswellbrook Region,NA,20.3,25.3
107011547,Windang - Primbee,8.7,20.8,25.3
213021345,Seabrook,NA,NA,25.3
308031218,Rockhampton Region - East,NA,NA,25.3
210051247,Meadow Heights,NA,NA,25.3
123031445,Bargo,NA,NA,25.3
113011259,Narrandera,NA,NA,25.3
127021511,Cabramatta - Lansvale,NA,18.4,25.4
127021512,Cabramatta West - Mount Pritchard,NA,19.1,25.4
307011178,Tara,NA,19.3,25.4
213041356,Melton,NA,19.5,25.4
601011002,Brighton - Pontville,NA,20.2,25.4
114011274,Culburra Beach,NA,20.2,25.4
209041435,South Morang (North),NA,NA,25.4
213051363,Laverton,NA,NA,25.4
116031315,Hassall Grove - Plumpton,NA,NA,25.4
205051100,Longford - Loch Sport,NA,NA,25.4
209041432,Epping - South,NA,NA,25.4
105011093,Cobar,NA,NA,25.4
213041461,Burnside,NA,NA,25.4
119041375,Arncliffe - Bardwell Valley,NA,18.2,25.5
404011093,Hindmarsh - Brompton,NA,18.7,25.5
212041318,Springvale South,NA,18.8,25.5
107031142,Shellharbour - Oak Flats,NA,19,25.5
310031286,Ipswich - Central,NA,19.1,25.5
107031137,Albion Park Rail,NA,19.1,25.5
202021030,Kyneton,NA,19.4,25.5
311031311,Boronia Heights - Park Ridge,NA,19.6,25.5
205051101,Maffra,NA,19.6,25.5
212041313,Dingley Village,NA,19.8,25.5
406011133,Port Lincoln,NA,20,25.5
216031415,Mooroopna,NA,20.1,25.5
110041202,Tamworth - East,NA,20.3,25.5
105011095,Nyngan - Warren,NA,21.4,25.5
127031600,Prestons - Edmondson Park,NA,NA,25.5
103021064,Cowra Region,NA,NA,25.5
202011025,White Hills - Ascot,NA,18.8,25.6
212031458,Narre Warren South (West),NA,19,25.6
116011307,Lalor Park - Kings Langley,NA,19.3,25.6
212041312,Dandenong North,NA,19.5,25.6
111011208,Charlestown - Dudley,5.9,19.8,25.6
103021062,Condobolin,NA,19.9,25.6
216031417,Shepparton - South,5.8,20.6,25.6
801041034,Amaroo,NA,NA,25.6
106011107,Branxton - Greta - Pokolbin,NA,NA,25.6
116011306,Doonside - Woodcroft,NA,18.8,25.7
111031224,Hamilton - Broadmeadow,NA,19,25.7
127031598,Liverpool,NA,19.2,25.7
111011209,Glendale - Cardiff - Hillsborough,5.6,19.3,25.7
202011018,Bendigo,NA,19.4,25.7
111031223,Beresfield - Hexham,NA,19.7,25.7
212041317,Springvale,NA,19.9,25.7
103021069,West Wyalong,NA,20,25.7
213011337,Sunshine North,NA,20.1,25.7
124031464,Penrith,NA,20.7,25.7
209041221,Mill Park - South,NA,NA,25.7
103021068,Parkes Region,NA,NA,25.7
216031418,Shepparton Region - East,NA,NA,25.7
105011094,Coonamble,NA,NA,25.7
107041147,Helensburgh,NA,17.9,25.8
107031139,Kiama Downs - Minnamurra,NA,18.8,25.8
127031523,Chipping Norton - Moorebank,NA,19.5,25.8
201011001,Alfredton,NA,19.8,25.8
216031419,Shepparton Region - West,NA,20.2,25.8
402011026,Gawler - South,6.6,20.3,25.8
213041353,Bacchus Marsh,NA,20.3,25.8
319021503,Gayndah - Mundubbera,NA,20.3,25.8
209041434,Mernda,NA,NA,25.8
302021031,Kedron - Gordon Park,NA,18.9,25.9
213041357,Melton South,NA,19.3,25.9
210051242,Broadmeadows,NA,20.6,25.9
116031313,Bidwill - Hebersham - Emerton,NA,20.6,25.9
213011338,Sunshine West,NA,20.9,25.9
210051442,Craigieburn - North,NA,NA,25.9
106011109,Cessnock Region,NA,NA,25.9
125031481,Granville - Clyde,NA,18.8,26
127021513,Canley Vale - Canley Heights,NA,19.1,26
402011025,Gawler - North,NA,19.7,26
214011374,Langwarrin,NA,19.8,26
101051540,Goulburn Region,NA,19.8,26
111011211,Redhead,NA,19.9,26
308031217,Rockhampton City,NA,20,26
402021034,Smithfield - Elizabeth North,NA,20.3,26
113011256,Griffith (NSW),NA,20.5,26
127021520,St Johns Park - Wakeley,NA,NA,26
213031352,Yarraville,NA,19.3,26.1
123021444,Rosemeadow - Glen Alpine,NA,19.3,26.1
106011112,Singleton,NA,19.9,26.1
601011001,Bridgewater - Gagebrook,NA,20.2,26.1
209021207,Reservoir - East,NA,20.5,26.1
216031416,Shepparton - North,NA,20.5,26.1
114011282,Ulladulla,NA,20.8,26.1
210031237,Fawkner,NA,21.2,26.1
127031601,Warwick Farm,NA,NA,26.1
106011113,Singleton Region,NA,NA,26.1
215011389,Horsham Region,NA,19.1,26.2
107011134,Unanderra - Mount Kembla,NA,19.7,26.2
111011213,Valentine - Eleebana,NA,19.8,26.2
213051467,Werribee - East,NA,19.9,26.2
127021519,Smithfield - Wetherill Park,NA,19.9,26.2
213051362,Hoppers Crossing - South,NA,20.2,26.2
216011410,Rushworth,NA,20.4,26.2
124031463,Mulgoa - Luddenham - Orchard Hills,NA,20.6,26.2
507051190,Safety Bay - Shoalwater,7.8,21.2,26.2
210031440,Hadfield,NA,21.3,26.2
210051243,Campbellfield - Coolaroo,NA,21.4,26.2
125021477,Ermington - Rydalmere,NA,18.8,26.3
209041224,Wallan,NA,19.1,26.3
206021112,Thornbury,NA,19.4,26.3
213011332,Keilor Downs,NA,19.5,26.3
127031599,Lurnea - Cartwright,NA,20.4,26.3
106021115,Maitland - East,5.9,20.5,26.3
801081097,Waramanga,6.9,21.1,26.3
109031184,Moama,8.4,21.6,26.3
601031015,Claremont (Tas.),6.8,21.8,26.3
216011408,Lockington - Gunbower,NA,NA,26.3
209041431,Epping - East,NA,19.1,26.4
403041079,Hackham West - Huntfield Heights,NA,19.5,26.4
505031108,Wanneroo,5.2,20.2,26.4
111011210,Mount Hutton - Windale,NA,20.4,26.4
402021031,Elizabeth East,NA,20.5,26.4
318011460,Ayr,NA,20.7,26.4
205051103,Sale,NA,20.8,26.4
127021518,Horsley Park - Kemps Creek,NA,NA,26.4
212021455,Narre Warren - North East,NA,19.5,26.5
205011078,Trafalgar (Vic.),NA,19.6,26.5
314031392,Lawnton,NA,20.4,26.5
106021117,Maitland - West,5.1,20.5,26.5
209041217,Bundoora - West,NA,21.1,26.5
216011409,Rochester,NA,21.3,26.5
407021152,Millicent,7.3,20.3,26.6
106011110,Dungog,NA,20.4,26.6
111011212,Swansea - Caves Beach,8.2,20.7,26.6
103031070,Lithgow,7.7,21.2,26.6
102021054,Toukley - Norah Head,8.2,21.4,26.6
402051054,Redwood Park,6.4,20.3,26.7
106021116,Maitland - North,NA,20.5,26.7
209041216,Bundoora - North,NA,20.6,26.7
113031269,Wagga Wagga - South,NA,20.6,26.7
102021046,Budgewoi - Buff Point - Halekulani,8.1,21.6,26.7
127031522,Casula,NA,20,26.8
402031036,Enfield - Blair Athol,5.2,20.6,26.8
310031293,Raceview,NA,20.6,26.8
407021174,Mount Gambier - West,6.7,20.9,26.8
114011276,Huskisson - Vincentia,9.7,21.4,26.8
213011335,St Albans - South,NA,20.7,26.9
107011545,Berkeley - Lake Heights - Cringila,NA,21.3,26.9
114011280,Sussex Inlet - Berrara,11.7,21.6,26.9
209041219,Lalor,NA,21.8,26.9
213011336,Sunshine,NA,20.7,27
209041225,Whittlesea,NA,21.2,27
310031288,Ipswich - North,NA,NA,27
102021050,Lake Munmorah - Mannering Park,9.4,22.4,27.1
404011092,Henley Beach,6.9,20.9,27.2
601031016,Derwent Park - Lutana,NA,21.7,27.2
210051246,Greenvale - Bulla,NA,20,27.3
125031485,Merrylands - Holroyd,NA,20.8,27.3
107031143,Warilla,7.3,21.4,27.3
604021085,Devonport,7.6,21.5,27.3
103041077,Orange,7.2,21.6,27.3
116031317,Mount Druitt - Whalan,NA,21.9,27.4
216011407,Kyabram,7.7,22,27.4
111031225,Lambton - New Lambton,6.1,20.9,27.5
106021114,Maitland,NA,21.1,27.5
601021004,Bellerive - Rosny,8.8,22.1,27.5
212031305,Hampton Park - Lynbrook,NA,20.8,27.6
604011075,Acton - Upper Burnie,7.8,22.7,27.7
107011132,Horsley - Kembla Grange,NA,20.7,27.8
209041223,Thomastown,7,22.4,27.8
213011330,Deer Park - Derrimut,NA,21,27.9
210011230,Niddrie - Essendon West,NA,21.6,27.9
213011340,Taylors Lakes,NA,20.6,28
216011406,Echuca,7.7,22.3,28
402041046,Salisbury,6.4,22.3,28.1
402021029,Davoren Park,NA,21.2,28.2
210031239,Pascoe Vale,5.1,22.1,28.2
103021063,Cowra,8.5,22.5,28.2
205051104,Yarram,9.5,22,28.4
106011111,Kurri Kurri - Abermain,6.5,22.2,28.4
123021442,Macquarie Fields - Glenfield,NA,21.6,28.6
313021366,Caboolture - South,5.4,21.7,28.7
212021295,Doveton,NA,22.5,28.7
106031121,Nelson Bay Peninsula,10.5,23.5,28.8
111031232,Stockton - Fullerton Cove,9.6,22.6,28.9
319021506,Kingaroy Region - North,8.8,23.1,29
313051378,Margate - Woody Point,8.2,22.1,29.1
318011464,Ingham,10.2,24.3,29.1
102021048,Gorokan - Kanwal - Charmhaven,7.9,23.4,29.2
202011019,California Gully - Eaglehawk,6.9,22.8,29.3
214011372,Frankston North,7.4,23.8,29.4
106021118,Thornton - Millers Forest,NA,22.1,30.3
105021097,Broken Hill,8.9,24.7,30.7
212031300,Cranbourne,6.4,25.1,32
801031114,Canberra Airport,NA,NA,NA
304041099,Enoggera Reservoir,NA,NA,NA
701041042,Palmerston - South,NA,NA,NA
506031130,Welshpool,NA,NA,NA
507021167,O'Connor (WA),NA,NA,NA
801041118,Jacka,NA,NA,NA
801041120,Moncrieff,NA,NA,NA
801031115,Majura,NA,NA,NA
801011018,Lawson,NA,NA,NA
403041082,Lonsdale,NA,NA,NA
117011320,Banksmeadow,NA,NA,NA
114011275,Ettrema - Sassafras - Budawang,NA,NA,NA
507031172,Hope Valley - Postans,NA,NA,NA
507031173,Kwinana Industrial,NA,NA,NA
312021345,Eungella Hinterland,NA,NA,NA
101041022,Deua - Wadbilliga,NA,NA,NA
111031230,Newcastle Port - Kooragang,NA,NA,NA
205051099,Alps - West,NA,NA,NA
503021037,Kings Park (WA),NA,NA,NA
127011592,Badgerys Creek,NA,NA,NA
308051532,Callemondah,NA,NA,NA
801111140,ACT - South West,NA,NA,NA
801071089,Tuggeranong,NA,NA,NA
801041119,Kenny,NA,NA,NA
801111141,Namadgi,NA,NA,NA
702051067,Katherine,NA,NA,NA
510011262,Broome,NA,NA,NA
702011046,East Side,NA,NA,NA
702011045,Charles,NA,NA,NA
701031035,Weddell,NA,NA,NA
701011004,Fannie Bay - The Gardens,NA,NA,NA
701011006,Ludmilla - The Narrows,NA,NA,NA
702011048,Larapinta,NA,NA,NA
701011008,Stuart Park,NA,NA,NA
702011047,Flynn (NT),NA,NA,NA
701021025,Nightcliff,NA,NA,NA
701011009,Woolner - Bayview - Winnellie,NA,NA,NA
701011002,Darwin City,NA,NA,NA
701031034,Virginia,NA,NA,NA
701031032,Humpty Doo,NA,NA,NA
701021019,Karama,NA,NA,NA
702011051,Ross,NA,NA,NA
701011007,Parap,NA,NA,NA
701021028,Wagaman,NA,NA,NA
510021270,South Hedland,NA,NA,NA
701011005,Larrakeyah,NA,NA,NA
702011049,Mount Johns,NA,NA,NA
701021010,Alawa,NA,NA,NA
401011001,Adelaide,NA,NA,NA
701041038,Durack - Marlow Lagoon,NA,NA,NA
701021013,Brinkin - Nakara,NA,NA,NA
701021020,Leanyer,NA,NA,NA
315011400,Tablelands,NA,NA,NA
510031272,Karratha,NA,NA,NA
701041039,Gray,NA,NA,NA
503011034,Mosman Park - Peppermint Grove,NA,NA,NA
701021021,Lyons (NT),NA,NA,NA
701041044,Woodroffe,NA,NA,NA
701021018,Jingili,NA,NA,NA
503011033,Floreat,NA,NA,NA
510021269,Port Hedland,NA,NA,NA
309041241,Guanaba - Springbrook,NA,NA,NA
701021012,Berrimah,NA,NA,NA
701021026,Rapid Creek,NA,NA,NA
701041040,Moulden,NA,NA,NA
701021023,Millner,NA,NA,NA
701041043,Rosebery - Bellamack,NA,NA,NA
701021027,Tiwi,NA,NA,NA
701031031,Howard Springs,NA,NA,NA
701041041,Palmerston - North,NA,NA,NA
206041118,Docklands,NA,NA,NA
701041036,Bakewell,NA,NA,NA
701021029,Wanguri,NA,NA,NA
206041119,East Melbourne,NA,NA,NA
304031095,Sherwood,NA,NA,NA
206041124,Parkville,NA,NA,NA
206041126,Southbank,NA,NA,NA
304031092,Chelmer - Graceville,NA,NA,NA
304021089,Fig Tree Pocket,NA,NA,NA
309101268,Bundall,NA,NA,NA
503011032,Cottesloe,NA,NA,NA
304031094,Indooroopilly,NA,NA,NA
206041121,Kensington (Vic.),NA,NA,NA
801061067,Narrabundah,NA,NA,NA
206041125,South Yarra - West,NA,NA,NA
801101135,Coombs,NA,NA,NA
121041414,Crows Nest - Waverton,NA,NA,NA
304021087,Brookfield - Kenmore Hills,NA,NA,NA
121041415,Mosman,NA,NA,NA
305041133,Auchenflower,NA,NA,NA
121041417,North Sydney - Lavender Bay,NA,NA,NA
401071024,Unley - Parkside,NA,NA,NA
118011345,Paddington - Moore Park,NA,NA,NA
801051127,Reid,NA,NA,NA
401031013,Toorak Gardens,NA,NA,NA
701021011,Anula,NA,NA,NA
801061129,Barton,NA,NA,NA
206041117,Carlton,NA,NA,NA
506071146,Manning - Waterford,NA,NA,NA
503011036,Swanbourne - Mount Claremont,NA,NA,NA
801101139,Wright,NA,NA,NA
118011344,Dover Heights,NA,NA,NA
309041242,Tamborine - Canungra,NA,NA,NA
401011002,North Adelaide,NA,NA,NA
701041037,Driver,NA,NA,NA
306011143,Yorkeys Knob - Machans Beach,NA,NA,NA
304021088,Chapel Hill,NA,NA,NA
122011418,Balgowlah - Clontarf - Seaforth,NA,NA,NA
207011151,Hawthorn,NA,NA,NA
118011343,Double Bay - Bellevue Hill,NA,NA,NA
701021030,Wulagi,NA,NA,NA
304011083,Riverhills,NA,NA,NA
206061135,Armadale,NA,NA,NA
305011109,New Farm,NA,NA,NA
316051437,Sunshine Beach,NA,NA,NA
316061442,Landsborough,NA,NA,NA
122021420,Avalon - Palm Beach,NA,NA,NA
701021024,Moil,NA,NA,NA
305031119,Albion,NA,NA,NA
305041135,Paddington - Milton,NA,NA,NA
305011111,Spring Hill,NA,NA,NA
117031332,Newtown - Camperdown - Darlington,NA,NA,NA
306011139,Clifton Beach - Kewarra Beach,NA,NA,NA
304031096,St Lucia,NA,NA,NA
304021086,Bellbowrie - Moggill,NA,NA,NA
309101269,Main Beach,NA,NA,NA
305011112,West End,NA,NA,NA
121041413,Cremorne - Cammeray,NA,NA,NA
122021422,Newport - Bilgola,NA,NA,NA
121041416,Neutral Bay - Kirribilli,NA,NA,NA
501011003,Busselton Region,NA,NA,NA
304011081,Jindalee - Mount Ommaney,NA,NA,NA
305011108,Kangaroo Point,NA,NA,NA
801061131,Kingston (ACT),NA,NA,NA
206041122,Melbourne,NA,NA,NA
309101270,Surfers Paradise,NA,NA,NA
309101267,Benowa,NA,NA,NA
503011030,City Beach,NA,NA,NA
801061069,Red Hill (ACT),NA,NA,NA
118011346,Rose Bay - Vaucluse - Watsons Bay,NA,NA,NA
306011138,Brinsmead,NA,NA,NA
305031128,Newstead - Bowen Hills,NA,NA,NA
305031131,Wooloowin - Lutwyche,NA,NA,NA
118011340,Bondi Beach - North Bondi,NA,NA,NA
206041123,North Melbourne,NA,NA,NA
206061136,Prahran - Windsor,NA,NA,NA
309051245,Reedy Creek - Andrews,NA,NA,NA
401031012,Glenside - Beaumont,NA,NA,NA
601041023,Kingston Beach - Blackmans Bay,NA,NA,NA
305011105,Brisbane City,NA,NA,NA
507021164,East Fremantle,NA,NA,NA
305031125,Hendra,NA,NA,NA
306051166,Atherton,NA,NA,NA
305031130,Windsor,NA,NA,NA
121011399,Chatswood (West) - Lane Cove North,NA,NA,NA
304031093,Corinda,NA,NA,NA
401021009,Nairne,NA,NA,NA
306011142,Trinity Beach - Smithfield,NA,NA,NA
601051032,South Hobart - Fern Tree,NA,NA,NA
118011339,Bondi - Tamarama - Bronte,NA,NA,NA
304011082,Middle Park - Jamboree Heights,NA,NA,NA
207011155,Surrey Hills (West) - Canterbury,NA,NA,NA
503021042,Subiaco - Shenton Park,NA,NA,NA
304031097,Taringa,NA,NA,NA
206061138,Toorak,NA,NA,NA
306011141,Redlynch,NA,NA,NA
305041134,Bardon,NA,NA,NA
115031300,Kurrajong Heights - Ebenezer,NA,NA,NA
401021007,Mount Barker,NA,NA,NA
316061441,Glass House Mountains,NA,NA,NA
501031017,Bridgetown - Boyup Brook,NA,NA,NA
801051053,Civic,NA,NA,NA
306041165,Port Douglas,NA,NA,NA
305031126,Kelvin Grove - Herston,NA,NA,NA
601051033,West Hobart,NA,NA,NA
305031127,Newmarket,NA,NA,NA
309051244,Mudgeeraba - Bonogin,NA,NA,NA
305031124,Hamilton (Qld),NA,NA,NA
118011341,Bondi Junction - Waverly,NA,NA,NA
401031011,Burnside - Wattle Park,NA,NA,NA
316051438,Tewantin,NA,NA,NA
503011031,Claremont (WA),NA,NA,NA
117031334,Pyrmont - Ultimo,NA,NA,NA
304011085,Westlake,NA,NA,NA
401021003,Adelaide Hills,NA,NA,NA
401071023,Goodwood - Millswood,NA,NA,NA
305031120,Alderley,NA,NA,NA
206071140,Carlton North - Princes Hill,NA,NA,NA
314011386,The Hills District,NA,NA,NA
304021090,Kenmore,NA,NA,NA
801031113,Canberra East,NA,NA,NA
305011106,Fortitude Valley,NA,NA,NA
305041136,Red Hill (Qld),NA,NA,NA
305011110,South Brisbane,NA,NA,NA
305031129,Wilston,NA,NA,NA
314011385,Eatons Hill,NA,NA,NA
305031123,Grange,NA,NA,NA
509011233,McKail - Willyung,NA,NA,NA
401021008,Mount Barker Region,NA,NA,NA
305041132,Ashgrove,NA,NA,NA
206071139,Abbotsford,NA,NA,NA
206051132,South Melbourne,NA,NA,NA
117031333,Potts Point - Woolloomooloo,NA,NA,NA
503021043,Wembley - West Leederville - Glendalough,NA,NA,NA
306041164,Daintree,NA,NA,NA
304021091,Pinjarra Hills - Pullenvale,NA,NA,NA
316051434,Noosa Heads,NA,NA,NA
316051544,Peregian Springs,NA,NA,NA
405011114,Nuriootpa,NA,NA,NA
506051140,Kalamunda - Maida Vale - Gooseberry Hill,NA,NA,NA
206051129,Elwood,NA,NA,NA
401021010,Uraidla - Summertown,NA,NA,NA
120021387,Balmain,NA,NA,NA
117031338,Waterloo - Beaconsfield,NA,NA,NA
303021053,Coorparoo,NA,NA,NA
503021038,Mount Hawthorn - Leederville,NA,NA,NA
401021005,Hahndorf - Echunga,NA,NA,NA
211051281,Mooroolbark,NA,NA,NA
124011452,Katoomba - Leura,NA,NA,NA
207011154,Kew East,NA,NA,NA
801091104,Isaacs,NA,NA,NA
305041137,Toowong,NA,NA,NA
206071145,Yarra - North,NA,NA,NA
316061439,Beerwah,NA,NA,NA
503011035,Nedlands - Dalkeith - Crawley,NA,NA,NA
801041035,Bonner,NA,NA,NA
305021118,Norman Park,NA,NA,NA
309051243,Currumbin Valley - Tallebudgera,NA,NA,NA
117031336,Surry Hills,NA,NA,NA
501011004,Margaret River,NA,NA,NA
104021083,Bellingen,NA,NA,NA
206071142,Fitzroy,NA,NA,NA
206061137,South Yarra - East,NA,NA,NA
316061443,Maroochy Hinterland,NA,NA,NA
203011035,Golden Plains - South,NA,NA,NA
121031408,Lindfield - Roseville,NA,NA,NA
507041176,Bateman,NA,NA,NA
121031412,Wahroonga (East) - Warrawee,NA,NA,NA
316061440,Caloundra Hinterland,NA,NA,NA
507041179,Bull Creek,NA,NA,NA
305021116,Hawthorne,NA,NA,NA
303021052,Annerley,NA,NA,NA
306051168,Kuranda,NA,NA,NA
601051029,Mount Nelson - Dynnyrne,NA,NA,NA
401061020,Nailsworth - Broadview,NA,NA,NA
316051543,Peregian Beach - Marcus Beach,NA,NA,NA
121011400,Lane Cove - Greenwich,NA,NA,NA
506051138,Forrestfield - Wattle Grove,NA,NA,NA
507041178,Booragoon,NA,NA,NA
211021261,Donvale - Park Orchards,NA,NA,NA
305021114,Bulimba,NA,NA,NA
316061444,Palmwoods,NA,NA,NA
303021059,Yeronga,NA,NA,NA
405011111,Light,NA,NA,NA
506061144,Serpentine - Jarrahdale,NA,NA,NA
122021421,Bayview - Elanora Heights,NA,NA,NA
203031052,Point Lonsdale - Queenscliff,NA,NA,NA
120021389,Lilyfield - Rozelle,NA,NA,NA
316031428,Mooloolaba - Alexandra Headland,NA,NA,NA
211021262,Warrandyte - Wonga Park,NA,NA,NA
303021056,Holland Park,NA,NA,NA
211051282,Mount Dandenong - Olinda,NA,NA,NA
207011146,Ashburton (Vic.),NA,NA,NA
801061064,Griffith (ACT),NA,NA,NA
405011112,Lyndoch,NA,NA,NA
211051285,Wandin - Seville,NA,NA,NA
104021089,Sawtell - Boambee,NA,NA,NA
309081261,Robina,NA,NA,NA
117031331,Glebe - Forest Lodge,NA,NA,NA
314011383,Cashmere,NA,NA,NA
801011006,Dunlop,NA,NA,NA
601051030,New Town,NA,NA,NA
309011229,Miami,NA,NA,NA
509011232,Little Grove - Elleker,NA,NA,NA
118011347,Woollahra,NA,NA,NA
509011228,Denmark,NA,NA,NA
211051277,Kilsyth,NA,NA,NA
112011240,Byron Bay,NA,NA,NA
507041180,Leeming,NA,NA,NA
209031210,Hurstbridge,NA,NA,NA
305021117,Morningside - Seven Hills,NA,NA,NA
506061142,Byford,NA,NA,NA
126011496,Pennant Hills - Cheltenham,NA,NA,NA
801051061,Watson,NA,NA,NA
314011384,Dayboro,NA,NA,NA
207011152,Hawthorn East,NA,NA,NA
506011112,Camillo - Champion Lakes,NA,NA,NA
305031122,Clayfield,NA,NA,NA
501011001,Augusta,NA,NA,NA
211051279,Monbulk - Silvan,NA,NA,NA
505021095,Tuart Hill - Joondanna,NA,NA,NA
801061062,Deakin,NA,NA,NA
305011107,Highgate Hill,NA,NA,NA
306021151,Manoora,NA,NA,NA
304011084,Seventeen Mile Rocks - Sinnamon Park,NA,NA,NA
505011077,Joondalup - Edgewater,NA,NA,NA
206051128,Albert Park,NA,NA,NA
206071143,Fitzroy North,NA,NA,NA
124011454,Springwood - Winmalee,NA,NA,NA
102011039,Terrigal - North Avoca,NA,NA,NA
208011170,Brighton East,NA,NA,NA
509011226,Albany Region,NA,NA,NA
309071253,Hope Island,NA,NA,NA
506011115,Mount Nasura - Mount Richon - Bedfordale,NA,NA,NA
124011449,Blackheath - Megalong Valley,NA,NA,NA
305021113,Balmoral,NA,NA,NA
211051284,Upwey - Tecoma,NA,NA,NA
124011453,Lawson - Hazelbrook - Linden,NA,NA,NA
306051167,Herberton,NA,NA,NA
603021070,Cygnet,NA,NA,NA
505011072,Duncraig,NA,NA,NA
208011171,Cheltenham - Highett (West),NA,NA,NA
505011073,Greenwood - Warwick,NA,NA,NA
309011226,Burleigh Waters,NA,NA,NA
801081094,Holder,NA,NA,NA
206051134,St Kilda East,NA,NA,NA
504021049,Chidlow,NA,NA,NA
507041184,Winthrop,NA,NA,NA
505011070,Craigie - Beldon,NA,NA,NA
314011387,Samford Valley,NA,NA,NA
801011025,Spence,NA,NA,NA
316031426,Marcoola - Mudjimba,NA,NA,NA
306051169,Malanda - Yungaburra,NA,NA,NA
208041195,Malvern East,NA,NA,NA
505011079,Mullaloo - Kallaroo,NA,NA,NA
505021092,Scarborough,NA,NA,NA
801051124,Campbell,NA,NA,NA
509011227,Bayonet Head - Lower King,NA,NA,NA
801011013,Hawker,NA,NA,NA
403021063,Sheidow Park - Trott Park,NA,NA,NA
309071257,Pimpama,NA,NA,NA
117031330,Erskineville - Alexandria,NA,NA,NA
117031329,Darlinghurst,NA,NA,NA
117031337,Sydney - Haymarket - The Rocks,NA,NA,NA
122031429,Freshwater - Brookvale,NA,NA,NA
104021091,Woolgoolga - Arrawarra,NA,NA,NA
801051060,Turner,NA,NA,NA
211031263,Bayswater North,NA,NA,NA
208011172,Hampton,NA,NA,NA
405011113,Mallala,NA,NA,NA
801011003,Bruce,NA,NA,NA
801011017,Latham,NA,NA,NA
507041177,Bicton - Palmyra,NA,NA,NA
509011230,Katanning,NA,NA,NA
801061063,Forrest,NA,NA,NA
203031051,Portarlington,NA,NA,NA
316011415,Mountain Creek,NA,NA,NA
304041104,Upper Kedron - Ferny Grove,NA,NA,NA
306021153,Mount Sheridan,NA,NA,NA
306021144,Bentley Park,NA,NA,NA
506061143,Mundijong,NA,NA,NA
211031265,Croydon Hills - Warranwood,NA,NA,NA
306021155,White Rock,NA,NA,NA
303031063,Mount Gravatt,NA,NA,NA
309011228,Mermaid Waters,NA,NA,NA
501031019,Manjimup,NA,NA,NA
509011234,Plantagenet,NA,NA,NA
505011076,Iluka - Burns Beach,NA,NA,NA
403041071,Aberfoyle Park,NA,NA,NA
801041048,Palmerston,NA,NA,NA
206071141,Collingwood,NA,NA,NA
505011078,Kingsley,NA,NA,NA
801011002,Belconnen,NA,NA,NA
505021085,Balga - Mirrabooka,NA,NA,NA
203031049,Lorne - Anglesea,NA,NA,NA
801061070,Yarralumla,NA,NA,NA
306021146,Earlville - Bayview Heights,NA,NA,NA
306051170,Mareeba,NA,NA,NA
501021012,Eaton - Pelican Point,NA,NA,NA
506051141,Lesmurdie - Bickley - Carmel,NA,NA,NA
309081259,Clear Island Waters,NA,NA,NA
509011229,Gnowangerup,NA,NA,NA
306011140,Freshwater - Stratford,NA,NA,NA
401041014,Athelstone,NA,NA,NA
121021404,Berowra - Brooklyn - Cowan,NA,NA,NA
401021006,Lobethal - Woodside,NA,NA,NA
501031018,Donnybrook - Balingup,NA,NA,NA
104021087,Dorrigo,NA,NA,NA
203031053,Torquay,NA,NA,NA
304041103,The Gap,NA,NA,NA
309021233,Elanora,NA,NA,NA
405011110,Barossa - Angaston,NA,NA,NA
122031424,Beacon Hill - Narraweena,NA,NA,NA
801051055,Downer,NA,NA,NA
204021065,Rutherglen,NA,NA,NA
501031020,Pemberton,NA,NA,NA
601021009,Mornington - Warrane,NA,NA,NA
801081092,Duffy,NA,NA,NA
112011238,Bangalow,NA,NA,NA
505011083,Woodvale,NA,NA,NA
306021145,Cairns City,NA,NA,NA
305021115,East Brisbane,NA,NA,NA
309011227,Mermaid Beach - Broadbeach,NA,NA,NA
801041046,Ngunnawal,NA,NA,NA
211051280,Montrose,NA,NA,NA
309091540,Southport - North,NA,NA,NA
602031062,Perth - Evandale,NA,NA,NA
306031159,Innisfail,NA,NA,NA
203031048,Clifton Springs,NA,NA,NA
122031425,Cromer,NA,NA,NA
801091108,Pearce,NA,NA,NA
112011242,Lennox Head - Skennars Head,NA,NA,NA
505011074,Heathridge - Connolly,NA,NA,NA
104021088,Korora - Emerald Beach,NA,NA,NA
312011338,Broadsound - Nebo,NA,NA,NA
505011071,Currambine - Kinross,NA,NA,NA
505011075,Hillarys,NA,NA,NA
403031065,Belair,NA,NA,NA
303041067,Coopers Plains,NA,NA,NA
503021040,North Perth,NA,NA,NA
304041098,Enoggera,NA,NA,NA
509011231,Kojonup,NA,NA,NA
303041071,Tarragindi,NA,NA,NA
801091110,Torrens,NA,NA,NA
211051278,Lilydale - Coldstream,NA,NA,NA
501021254,Withers - Usher,NA,NA,NA
506011116,Roleystone,NA,NA,NA
801081093,Fisher,NA,NA,NA
112011239,Brunswick Heads - Ocean Shores,NA,NA,NA
303031064,Rochedale - Burbank,NA,NA,NA
209031209,Eltham,NA,NA,NA
505011080,Ocean Reef,NA,NA,NA
303021057,Holland Park West,NA,NA,NA
602011050,Waverley - St Leonards,NA,NA,NA
203011034,Bannockburn,NA,NA,NA
312031361,Proserpine,NA,NA,NA
603021069,Bruny Island - Kettering,NA,NA,NA
319041516,Booral - River Heads,NA,NA,NA
407011146,Strathalbyn,NA,NA,NA
405011115,Tanunda,NA,NA,NA
801011001,Aranda,NA,NA,NA
602011042,Newstead,NA,NA,NA
309091265,Parkwood,NA,NA,NA
211051274,Belgrave - Selby,NA,NA,NA
801051051,Braddon,NA,NA,NA
204021064,Benalla Region,NA,NA,NA
506011113,Forrestdale - Harrisdale - Piara Waters,NA,NA,NA
801011011,Giralang,NA,NA,NA
801011021,McKellar,NA,NA,NA
501021252,Gelorup - Stratham,NA,NA,NA
118021570,Randwick - South,NA,NA,NA
602021056,Hadspen - Carrick,NA,NA,NA
201021011,Daylesford,NA,NA,NA
801051050,Ainslie,NA,NA,NA
201021009,Bacchus Marsh Region,NA,NA,NA
211031268,Ringwood North,NA,NA,NA
114021288,Robertson - Fitzroy Falls,NA,NA,NA
124011455,Wentworth Falls,NA,NA,NA
209031212,Panton Hill - St Andrews,NA,NA,NA
309061249,Pacific Pines - Gaven,NA,NA,NA
115011296,West Pennant Hills,NA,NA,NA
121011401,St Leonards - Naremburn,NA,NA,NA
801051057,Lyneham,NA,NA,NA
209031214,Research - North Warrandyte,NA,NA,NA
303021054,Fairfield - Dutton Park,NA,NA,NA
306021157,Woree,NA,NA,NA
303021055,Greenslopes,NA,NA,NA
318021480,Kelso,NA,NA,NA
301021011,Sheldon - Mount Cotton,NA,NA,NA
306021147,Edmonton,NA,NA,NA
302011022,Bald Hills,NA,NA,NA
122031432,Terrey Hills - Duffys Forest,NA,NA,NA
801011004,Charnwood,NA,NA,NA
505011081,Padbury,NA,NA,NA
309031236,Biggera Waters,NA,NA,NA
316071545,Bli Bli,NA,NA,NA
801081096,Stirling,NA,NA,NA
402051049,Golden Grove,NA,NA,NA
211051276,Healesville - Yarra Glen,NA,NA,NA
403031066,Bellevue Heights,NA,NA,NA
507041183,Willagee,NA,NA,NA
101061544,Young Region,NA,NA,NA
309071251,Coomera,NA,NA,NA
309091264,Molendinar,NA,NA,NA
101031016,Jindabyne - Berridale,NA,NA,NA
303011051,Carindale,NA,NA,NA
505021093,Stirling - Osborne Park,NA,NA,NA
309011224,Broadbeach Waters,NA,NA,NA
115031299,Bilpin - Colo - St Albans,NA,NA,NA
101031013,Bombala,NA,NA,NA
501021008,College Grove - Carey Park,NA,NA,NA
602031060,Longford,NA,NA,NA
801071076,Fadden,NA,NA,NA
115011557,Castle Hill - West,NA,NA,NA
506031125,Canning Vale - West,NA,NA,NA
407011147,Strathalbyn Region,NA,NA,NA
801091109,Phillip,NA,NA,NA
801071072,Bonython,NA,NA,NA
204021067,Wangaratta Region,NA,NA,NA
306021156,Whitfield - Edge Hill,NA,NA,NA
101021010,Queanbeyan - East,NA,NA,NA
204021063,Benalla,NA,NA,NA
102011038,Saratoga - Davistown,NA,NA,NA
501021015,East Bunbury - Glen Iris,NA,NA,NA
102011034,Kincumber - Picketts Valley,NA,NA,NA
209031211,Kinglake,NA,NA,NA
801071077,Gilmore,NA,NA,NA
303031060,Eight Mile Plains,NA,NA,NA
312031359,Airlie - Whitsundays,NA,NA,NA
102011033,Kariong,NA,NA,NA
506021123,Victoria Park - Lathlain - Burswood,NA,NA,NA
309081260,Merrimac,NA,NA,NA
102011036,Niagara Park - Lisarow,NA,NA,NA
309071254,Jacobs Well - Alberton,NA,NA,NA
303011047,Camp Hill,NA,NA,NA
121021578,Hornsby - West,NA,NA,NA
506021118,Belmont - Ascot - Redcliffe,NA,NA,NA
306021154,Westcourt - Bungalow,NA,NA,NA
309071252,Helensvale,NA,NA,NA
101031014,Cooma,NA,NA,NA
114021286,Mittagong,NA,NA,NA
801011026,Weetangera,NA,NA,NA
316011416,Sippy Downs,NA,NA,NA
303051074,Pallara - Willawong,NA,NA,NA
801071086,Oxley (ACT),NA,NA,NA
121021577,Hornsby - East,NA,NA,NA
101021008,Karabar,NA,NA,NA
501021009,Collie,NA,NA,NA
509031249,Narrogin,NA,NA,NA
801091102,Garran,NA,NA,NA
404031109,West Beach,NA,NA,NA
801011020,Macquarie,NA,NA,NA
801041038,Forde,NA,NA,NA
206031115,Flemington,NA,NA,NA
801011010,Fraser,NA,NA,NA
303061079,Sunnybank,NA,NA,NA
507011260,Jandakot,NA,NA,NA
308051534,Gladstone,NA,NA,NA
210021234,Riddells Creek,NA,NA,NA
203011036,Winchelsea,NA,NA,NA
407011145,Kangaroo Island,NA,NA,NA
504021051,Helena Valley - Koongamia,NA,NA,NA
303011049,Carina,NA,NA,NA
801071081,Isabella Plains,NA,NA,NA
604031097,West Coast (Tas.),NA,NA,NA
506011114,Kelmscott,NA,NA,NA
801091100,Curtin,NA,NA,NA
801011009,Flynn (ACT),NA,NA,NA
303041069,Robertson,NA,NA,NA
509021236,Chittering,NA,NA,NA
114021289,Southern Highlands,NA,NA,NA
801041044,Harrison,NA,NA,NA
312011341,Moranbah,NA,NA,NA
701021022,Malak - Marrara,NA,NA,NA
104021086,Coramba - Nana Glen - Bucca,NA,NA,NA
209031213,Plenty - Yarrambat,NA,NA,NA
318021482,Kirwan - West,NA,NA,NA
308011192,Emerald,NA,NA,NA
309021230,Coolangatta,NA,NA,NA
308051536,Kin Kora - Sun Valley,NA,NA,NA
201021012,Gordon (Vic.),NA,NA,NA
506011117,Seville Grove,NA,NA,NA
501021010,Dardanup,NA,NA,NA
309021232,Currumbin Waters,NA,NA,NA
316071546,Diddillibah - Rosemount,NA,NA,NA
101031015,Cooma Region,NA,NA,NA
602021053,Beauty Point - Beaconsfield,NA,NA,NA
801051056,Hackett,NA,NA,NA
319041517,Craignish - Dundowran Beach,NA,NA,NA
211031450,Croydon - East,NA,NA,NA
501021014,Harvey,NA,NA,NA
801091101,Farrer,NA,NA,NA
102011037,Point Clare - Koolewong,NA,NA,NA
509021243,Northam,NA,NA,NA
801011024,Scullin,NA,NA,NA
101021011,Queanbeyan Region,NA,NA,NA
115041302,Rouse Hill - Beaumont Hills,NA,NA,NA
112011241,Evans Head,NA,NA,NA
601021012,South Arm,NA,NA,NA
101041024,Eurobodalla Hinterland,NA,NA,NA
303031066,Wishart,NA,NA,NA
307031188,Stanthorpe Region,NA,NA,NA
506021119,East Victoria Park - Carlisle,NA,NA,NA
303031062,Mansfield (Qld),NA,NA,NA
801091103,Hughes,NA,NA,NA
309031235,Arundel,NA,NA,NA
115021298,Galston - Laughtondale,NA,NA,NA
211051275,Chirnside Park,NA,NA,NA
509021244,Toodyay,NA,NA,NA
801011015,Holt,NA,NA,NA
801091105,Lyons (ACT),NA,NA,NA
128021609,Woronora Heights,NA,NA,NA
317011449,Gowrie (Qld),NA,NA,NA
303021058,Woolloongabba,NA,NA,NA
102011028,Avoca Beach - Copacabana,NA,NA,NA
118021569,Randwick - North,NA,NA,NA
313041374,Morayfield,NA,NA,NA
214011376,Skye - Sandhurst,NA,NA,NA
115011556,Castle Hill - South,NA,NA,NA
801011008,Florey,NA,NA,NA
509031248,Murray,NA,NA,NA
311061334,Springwood,NA,NA,NA
115011553,Castle Hill - Central,NA,NA,NA
602011049,Trevallyn,NA,NA,NA
308041528,Banana,NA,NA,NA
303031061,Macgregor (Qld),NA,NA,NA
319021508,Monto - Eidsvold,NA,NA,NA
602011040,Mowbray,NA,NA,NA
801011022,Melba,NA,NA,NA
801081098,Weston,NA,NA,NA
509021241,Moora,NA,NA,NA
801011023,Page,NA,NA,NA
125011473,Homebush Bay - Silverwater,NA,NA,NA
801041039,Franklin,NA,NA,NA
801071071,Banks,NA,NA,NA
306021152,Manunda,NA,NA,NA
309061250,Worongary - Tallai,NA,NA,NA
506031128,Parkwood - Ferndale - Lynwood,NA,NA,NA
202021031,Woodend,NA,NA,NA
602021055,Grindelwald - Lanena,NA,NA,NA
316021424,Wurtulla - Birtinya,NA,NA,NA
211051283,Mount Evelyn,NA,NA,NA
112031251,Murwillumbah,NA,NA,NA
509031247,Kulin,NA,NA,NA
101021007,Braidwood,NA,NA,NA
501021007,Capel,NA,NA,NA
502011021,Dawesville - Bouvard,NA,NA,NA
403041083,McLaren Vale,NA,NA,NA
509021245,York - Beverley,NA,NA,NA
303061077,Kuraby,NA,NA,NA
507011148,Banjup,NA,NA,NA
303051072,Algester,NA,NA,NA
303011048,Cannon Hill,NA,NA,NA
311041322,Logan Village,NA,NA,NA
318021478,Hermit Park - Rosslea,NA,NA,NA
301021012,Thornlands,NA,NA,NA
405021117,Gilbert Valley,NA,NA,NA
121021579,Waitara - Wahroonga (West),NA,NA,NA
504031058,Bullsbrook,NA,NA,NA
307031184,Clifton - Greenmount,NA,NA,NA
201021010,Creswick - Clunes,NA,NA,NA
405021118,Goyder,NA,NA,NA
208031187,Chelsea Heights,NA,NA,NA
602011036,Invermay,NA,NA,NA
509021238,Dowerin,NA,NA,NA
303031065,Upper Mount Gravatt,NA,NA,NA
205031088,French Island,NA,NA,NA
112031551,Terranora - North Tumblegum,NA,NA,NA
202021026,Bendigo Region - South,NA,NA,NA
402051050,Greenwith,NA,NA,NA
302041044,Sandgate - Shorncliffe,NA,NA,NA
306031160,Johnstone,NA,NA,NA
306031158,Babinda,NA,NA,NA
214021378,Flinders,NA,NA,NA
102011030,Calga - Kulnura,NA,NA,NA
118021568,Maroubra - West,NA,NA,NA
504031062,Lockridge - Kiara,NA,NA,NA
307031186,Southern Downs - West,NA,NA,NA
319021507,Kingaroy Region - South,NA,NA,NA
501021251,Dalyellup,NA,NA,NA
405021116,Clare,NA,NA,NA
509031246,Brookton,NA,NA,NA
801071080,Greenway,NA,NA,NA
801011005,Cook,NA,NA,NA
602011043,Norwood (Tas.),NA,NA,NA
308051538,Telina - Toolooa,NA,NA,NA
308051531,Boyne Island - Tannum Sands,NA,NA,NA
301011005,Thorneside,NA,NA,NA
504011046,Maylands,NA,NA,NA
318021486,Northern Beaches,NA,NA,NA
126021499,Hunters Hill - Woolwich,NA,NA,NA
504031068,The Vines,NA,NA,NA
110011187,Armidale Region - North,NA,NA,NA
319021504,Gin Gin,NA,NA,NA
801081091,Chapman,NA,NA,NA
312021344,Eimeo - Rural View,NA,NA,NA
507011158,North Coogee,NA,NA,NA
306021149,Kanimbla - Mooroobool,NA,NA,NA
211011449,The Basin,NA,NA,NA
506041135,Huntingdale - Southern River,NA,NA,NA
210021233,Macedon,NA,NA,NA
405021119,Wakefield - Barunga West,NA,NA,NA
124041467,Windsor - Bligh Park,NA,NA,NA
501021016,Waroona,NA,NA,NA
211031452,Croydon South,NA,NA,NA
319011496,Bundaberg East - Kalkie,NA,NA,NA
801011014,Higgins,NA,NA,NA
318021474,Douglas,NA,NA,NA
303051075,Parkinson - Drewvale,NA,NA,NA
801041043,Hall,NA,NA,NA
125011587,Regents Park,NA,NA,NA
208021181,Murrumbeena,NA,NA,NA
102011035,Narara,NA,NA,NA
307031185,Southern Downs - East,NA,NA,NA
801011019,Macgregor (ACT),NA,NA,NA
507051187,Port Kennedy,NA,NA,NA
317011454,North Toowoomba - Harlaxton,NA,NA,NA
801091106,Mawson,NA,NA,NA
215021396,Merbein,NA,NA,NA
602011045,Ravenswood,NA,NA,NA
101041021,Broulee - Tomakin,NA,NA,NA
307031187,Stanthorpe,NA,NA,NA
318021484,Mount Louisa,NA,NA,NA
301011002,Belmont - Gumdale,NA,NA,NA
313041375,Narangba,NA,NA,NA
110011188,Armidale Region - South,NA,NA,NA
319031515,Kilkivan,NA,NA,NA
505031255,Alkimos - Eglinton,NA,NA,NA
101061542,Yass Region,NA,NA,NA
115041301,Pitt Town - McGraths Hill,NA,NA,NA
204031071,Myrtleford,NA,NA,NA
301031017,Murarrie,NA,NA,NA
211011255,Lysterfield,NA,NA,NA
310041304,Springfield Lakes,NA,NA,NA
505031100,Carramar,NA,NA,NA
204031070,Chiltern - Indigo Valley,NA,NA,NA
118021564,Kensington (NSW),NA,NA,NA
601041026,Taroona - Bonnet Hill,NA,NA,NA
110011189,Walcha,NA,NA,NA
302021030,Geebung,NA,NA,NA
113021262,Tumut Region,NA,NA,NA
307021179,Crows Nest - Rosalie,NA,NA,NA
113021261,Tumut,NA,NA,NA
101041020,Bega-Eden Hinterland,NA,NA,NA
507011259,Beeliar - Wattleup,NA,NA,NA
302031040,Nundah,NA,NA,NA
308051530,Agnes Water - Miriam Vale,NA,NA,NA
302011026,McDowall,NA,NA,NA
311061335,Underwood,NA,NA,NA
311061329,Daisy Hill,NA,NA,NA
208031183,Aspendale Gardens - Waterways,NA,NA,NA
403041076,Coromandel Valley,NA,NA,NA
111021221,West Wallsend - Barnsley - Killingworth,NA,NA,NA
603011066,Derwent Valley,NA,NA,NA
202021029,Heathcote,NA,NA,NA
801091099,Chifley,NA,NA,NA
507011163,Yangebup,NA,NA,NA
126021590,Putney,NA,NA,NA
125011585,Berala,NA,NA,NA
511031279,Kalgoorlie,NA,NA,NA
407031163,Loxton Region,NA,NA,NA
301031015,Manly - Lota,NA,NA,NA
308011191,Central Highlands - West,NA,NA,NA
103011061,Oberon,NA,NA,NA
307021182,Pittsworth,NA,NA,NA
318021468,Annandale,NA,NA,NA
101021012,Queanbeyan West - Jerrabomberra,NA,NA,NA
302031038,Northgate - Virginia,NA,NA,NA
313041376,Upper Caboolture,NA,NA,NA
204031075,Yackandandah,NA,NA,NA
101041023,Eden,NA,NA,NA
308051539,West Gladstone,NA,NA,NA
307021181,Millmerran,NA,NA,NA
504031065,Middle Swan - Herne Hill,NA,NA,NA
113021260,Tumbarumba,NA,NA,NA
310041296,Bellbird Park - Brookwater,NA,NA,NA
301031019,Wakerley,NA,NA,NA
312021354,Shoal Point - Bucasia,NA,NA,NA
801071083,Macarthur,NA,NA,NA
312021347,Mackay Harbour,NA,NA,NA
310041303,Springfield,NA,NA,NA
120031576,Strathfield South,NA,NA,NA
801071075,Conder,NA,NA,NA
402041171,Mawson Lakes - Globe Derby Park,NA,NA,NA
311061330,Kingston (Qld.),NA,NA,NA
303011050,Carina Heights,NA,NA,NA
301031018,Tingalpa,NA,NA,NA
310041299,Collingwood Park - Redbank,NA,NA,NA
311061331,Logan Central,NA,NA,NA
217041477,Moyne - East,NA,NA,NA
103011060,Bathurst Region,NA,NA,NA
208021180,Hughesdale,NA,NA,NA
319051526,Tinana,NA,NA,NA
404031105,Fulham,NA,NA,NA
308051533,Clinton - New Auckland,NA,NA,NA
125011584,Auburn - South,NA,NA,NA
511031278,Boulder,NA,NA,NA
312011339,Clermont,NA,NA,NA
504031061,Hazelmere - Guildford,NA,NA,NA
302041043,Deagon,NA,NA,NA
201011006,Delacombe,NA,NA,NA
319011494,Branyan - Kensington,NA,NA,NA
204011061,Upper Yarra Valley,NA,NA,NA
128011605,Lilli Pilli - Port Hacking - Dolans Bay,NA,NA,NA
310011271,Darra - Sumner,NA,NA,NA
505031256,Carabooda - Pinjar,NA,NA,NA
217031476,Otway,NA,NA,NA
310011276,Wacol,NA,NA,NA
201011005,Buninyong,NA,NA,NA
407031168,Renmark Region,NA,NA,NA
312011340,Collinsville,NA,NA,NA
211011257,Rowville - North,NA,NA,NA
217031471,Camperdown,NA,NA,NA
128021534,Illawong - Alfords Point,NA,NA,NA
801041037,Crace,NA,NA,NA
318021470,Bohle Plains,NA,NA,NA
701021016,Coconut Grove,NA,NA,NA
801071079,Gowrie (ACT),NA,NA,NA
119021574,Wiley Park,NA,NA,NA
511031280,Kalgoorlie - North,NA,NA,NA
201031015,Golden Plains - North,NA,NA,NA
319011495,Bundaberg,NA,NA,NA
215021395,Irymple,NA,NA,NA
319051523,Granville,NA,NA,NA
801051054,Dickson,NA,NA,NA
403041075,Clarendon,NA,NA,NA
505031258,Yanchep,NA,NA,NA
110041204,Tamworth - West,NA,NA,NA
217031474,Corangamite - North,NA,NA,NA
602011039,Legana,NA,NA,NA
307011175,Miles - Wandoan,NA,NA,NA
801041036,Casey,NA,NA,NA
801091107,O'Malley,NA,NA,NA
201011007,Smythes Creek,NA,NA,NA
604031096,Waratah,NA,NA,NA
318021479,Hyde Park - Pimlico,NA,NA,NA
603011065,Central Highlands,NA,NA,NA
504031067,Stratton - Jane Brook,NA,NA,NA
310011275,Oxley (Qld),NA,NA,NA
201031017,Maryborough Region,NA,NA,NA
407031162,Loxton,NA,NA,NA
311031314,Crestmead,NA,NA,NA
507031261,Casuarina - Wandi,NA,NA,NA
110021192,Inverell Region - East,NA,NA,NA
319011492,Ashfield - Kepnock,NA,NA,NA
801071088,Theodore,NA,NA,NA
110041200,Gunnedah Region,NA,NA,NA
407031166,Murray Bridge Region,NA,NA,NA
307011173,Goondiwindi,NA,NA,NA
201031013,Avoca,NA,NA,NA
405031123,Port Pirie Region,NA,NA,NA
407031167,Renmark,NA,NA,NA
601021010,Risdon Vale,NA,NA,NA
310031289,Karalee - Barellan Point,NA,NA,NA
124031465,Warragamba - Silverdale,NA,NA,NA
313021364,Burpengary - East,NA,NA,NA
504031060,Gidgegannup,NA,NA,NA
204011062,Yea,NA,NA,NA
407031160,Berri,NA,NA,NA
318021477,Heatley,NA,NA,NA
318021489,Townsville - South,NA,NA,NA
124041468,Yarramundi - Londonderry,NA,NA,NA
604021088,Miandetta - Don,NA,NA,NA
307011174,Inglewood - Waggamba,NA,NA,NA
318021485,Mundingburra,NA,NA,NA
302031037,Eagle Farm - Pinkenba,NA,NA,NA
124051469,Erskine Park,NA,NA,NA
313021369,Wamuran,NA,NA,NA
601011003,Old Beach - Otago,NA,NA,NA
505031257,Two Rocks,NA,NA,NA
407031161,Karoonda - Lameroo,NA,NA,NA
318021469,Belgian Gardens - Pallarenda,NA,NA,NA
202011023,Maiden Gully,NA,NA,NA
312021350,Ooralea - Bakers Creek,NA,NA,NA
312021346,Mackay,NA,NA,NA
313021367,Elimbah,NA,NA,NA
204011060,Seymour Region,NA,NA,NA
403041088,Willunga,NA,NA,NA
311021308,Edens Landing - Holmview,NA,NA,NA
511041291,Morawa,NA,NA,NA
102021051,Ourimbah - Fountaindale,NA,NA,NA
310031295,Riverview,NA,NA,NA
110031198,Narrabri Region,NA,NA,NA
801071087,Richardson,NA,NA,NA
318021483,Magnetic Island,NA,NA,NA
102021049,Jilliby - Yarramalong,NA,NA,NA
312021343,East Mackay,NA,NA,NA
110031196,Moree Region,NA,NA,NA
308031211,Lakes Creek,NA,NA,NA
406021143,Roxby Downs,NA,NA,NA
801041040,Gungahlin,NA,NA,NA
215021398,Mildura Region,NA,NA,NA
310031294,Ripley,NA,NA,NA
213051464,Point Cook - East,NA,NA,NA
311031318,Munruben - Park Ridge South,NA,NA,NA
106031123,Seaham - Woodville,NA,NA,NA
119011355,Chullora,NA,NA,NA
212031306,Lynbrook - Lyndhurst,NA,NA,NA
310031290,Karana Downs,NA,NA,NA
311031313,Chambers Flat - Logan Reserve,NA,NA,NA
407021156,Penola,NA,NA,NA
114011281,Tomerong - Wandandian - Woollamia,NA,NA,NA
310031285,Churchill - Yamanto,NA,NA,NA
213051466,Point Cook - South,NA,NA,NA
127011593,Cecil Hills,NA,NA,NA
213011329,Cairnlea,NA,NA,NA
308031209,Glenlee - Rockyview,NA,NA,NA
407021155,Naracoorte Region,NA,NA,NA
312021355,Slade Point,NA,NA,NA
109021177,Hay,NA,NA,NA
407021158,Wattle Range,NA,NA,NA
113031268,Wagga Wagga - North,NA,NA,NA
116021562,Acacia Gardens,NA,NA,NA
318011463,Dalrymple,NA,NA,NA
216021412,Moira,NA,NA,NA
215031403,Robinvale,NA,NA,NA
213041359,Rockbank - Mount Cottrell,NA,NA,NA
308031220,Rockhampton Region - West,NA,NA,NA
109021179,Wentworth-Balranald Region,NA,NA,NA
213041462,Burnside Heights,NA,NA,NA
209041437,Wollert,NA,NA,NA
402021033,One Tree Hill,NA,NA,NA
205041098,Yallourn North - Glengarry,NA,NA,NA
210031439,Gowanbrae,NA,NA,NA
308031206,Bouldercombe,NA,NA,NA
116031314,Glendenning - Dean Park,NA,NA,NA
210051445,Mickleham - Yuroke,NA,NA,NA
209041433,Epping - West,NA,NA,NA
