SA2 Code,SA2 Label,Diabetes (%) All ages,Diabetes (%) 60 years and over,Diabetes (%) 70 years and over
506011111,Ashendon - Lesley,NA,0,0
801011012,Gooromon,NA,0,0
504031055,Avon Valley National Park,NA,0,0
801071132,Tuggeranong - West,NA,0,0
507051189,Rockingham Lakes,NA,0,0
206051131,Port Melbourne Industrial,NA,0,0
117011325,Sydney Airport,NA,0,0
603011068,Wilderness - East,NA,0,0
206041120,Flemington Racecourse,NA,0,0
801011112,West Belconnen,NA,0,0
128021537,Royal National Park,NA,0,0
125031487,Yennora Industrial,NA,0,0
117011324,Port Botany Industrial,NA,0,0
505031106,Neerabup National Park,NA,0,0
801031031,Hume,NA,0,0
504031063,Malaga,NA,0,0
801031032,Kowen,NA,0,0
701011003,East Point,NA,0,0
801101138,Molonglo - North,NA,0,0
125031486,Smithfield Industrial,NA,0,0
801011111,Molonglo Corridor,NA,0,0
801051125,Duntroon,NA,0,0
124021456,Blue Mountains - South,56.8,99.8,0
319021510,North Burnett,NA,NA,0
205021080,Alps - East,NA,NA,0
205031092,Wilsons Promontory,NA,NA,0
507011155,Henderson,NA,NA,0
302031036,Brisbane Airport,NA,NA,0
701011001,Darwin Airport,NA,NA,0
308031221,Shoalwater Bay,NA,NA,0
208031184,Braeside,NA,NA,0
127021521,Wetherill Park Industrial,NA,NA,0
701031033,Koolpinyah,NA,NA,0
210051248,Melbourne Airport,NA,NA,0
116031318,Prospect Reservoir,NA,NA,0
107021135,Illawarra Catchment Reserve,NA,NA,0
124011451,Blue Mountains - North,NA,NA,0
504021052,Malmalling - Reservoir,NA,NA,0
501021011,Davenport,NA,NA,0
801061130,Fyshwick,NA,NA,0
503011036,Swanbourne - Mount Claremont,3.3,8,9.4
503011030,City Beach,3.5,8.3,9.4
503011033,Floreat,2.8,7.9,9.5
503011034,Mosman Park - Peppermint Grove,3.2,8.1,9.5
304031096,St Lucia,2.3,8.2,9.5
503011032,Cottesloe,3.2,8,9.6
503011031,Claremont (WA),3.7,8.5,9.6
801061131,Kingston (ACT),2.6,8.3,9.7
304031092,Chelmer - Graceville,2.7,8.3,9.7
801061069,Red Hill (ACT),3.5,8.4,9.7
304031097,Taringa,2.6,8.7,9.8
801061062,Deakin,4,8.8,9.8
501011003,Busselton Region,3.3,8.7,9.9
503011035,Nedlands - Dalkeith - Crawley,3.2,8.4,10
304031094,Indooroopilly,2.6,8.5,10
122011418,Balgowlah - Clontarf - Seaforth,2.9,8.5,10
121041414,Crows Nest - Waverton,2.8,8.6,10
121041415,Mosman,3.5,8.7,10
121041413,Cremorne - Cammeray,3.2,8.7,10.1
316051435,Noosaville,4.8,8.8,10.1
501011001,Augusta,3.9,9,10.1
122021422,Newport - Bilgola,3.4,8.4,10.2
501011004,Margaret River,2.8,8.7,10.2
208011169,Brighton (Vic.),3.6,8.8,10.2
122021420,Avalon - Palm Beach,3.8,8.7,10.3
316051434,Noosa Heads,4.5,8.7,10.3
122021421,Bayview - Elanora Heights,3.9,8.8,10.3
121041416,Neutral Bay - Kirribilli,3.2,8.9,10.3
304021090,Kenmore,3.2,9,10.3
203031052,Point Lonsdale - Queenscliff,5.2,9,10.3
316051543,Peregian Beach - Marcus Beach,3.8,8.8,10.4
121041417,North Sydney - Lavender Bay,3.3,8.9,10.4
208011168,Beaumaris,3.7,8.9,10.4
316051544,Peregian Springs,2.8,9,10.4
403011056,Brighton (SA),4.1,9.1,10.4
316051437,Sunshine Beach,3.6,8.6,10.5
304031093,Corinda,3,8.7,10.5
304031095,Sherwood,2.9,8.8,10.5
309041242,Tamborine - Canungra,3.8,8.9,10.5
203031049,Lorne - Anglesea,4.4,8.8,10.6
122021423,Warriewood - Mona Vale,3.3,9,10.6
401031013,Toorak Gardens,3.9,9.1,10.6
122011419,Manly - Fairlight,3.1,9.2,10.6
305041137,Toowong,2.3,8.7,10.7
305041133,Auchenflower,2.4,8.7,10.7
207011153,Kew,3.2,8.9,10.7
801061067,Narrabundah,3.3,9.1,10.7
208011170,Brighton East,3.4,9.1,10.7
401011002,North Adelaide,4,9.1,10.7
305041134,Bardon,2.6,8.6,10.8
401021008,Mount Barker Region,3.3,8.6,10.8
207011150,Glen Iris - East,3,8.8,10.8
304021086,Bellbowrie - Moggill,2.8,8.9,10.8
203031053,Torquay,3,8.9,10.8
801061064,Griffith (ACT),3.4,9,10.8
206041119,East Melbourne,3.4,9.2,10.8
207011147,Balwyn,3.5,9.2,10.8
801061070,Yarralumla,4.8,9.3,10.8
207011152,Hawthorn East,2.7,9,10.9
121031412,Wahroonga (East) - Warrawee,3.6,9.5,10.9
304021088,Chapel Hill,3.2,8.8,11
304021089,Fig Tree Pocket,3,8.9,11
304021087,Brookfield - Kenmore Hills,3.5,8.9,11
203031050,Ocean Grove - Barwon Heads,3.3,9.1,11
403011057,Glenelg (SA),4.2,9.4,11
121031408,Lindfield - Roseville,3.3,9.5,11
206041125,South Yarra - West,3.5,9.5,11
121031411,Turramurra,3.8,9.7,11
801091101,Farrer,3.8,9.7,11
801081094,Holder,3.8,9.9,11
501011002,Busselton,4,9.9,11
209031212,Panton Hill - St Andrews,3.3,8.4,11.1
304021091,Pinjarra Hills - Pullenvale,3.2,8.9,11.1
401021009,Nairne,2.7,9,11.1
316061442,Landsborough,3.3,9,11.1
316061443,Maroochy Hinterland,4.8,9.3,11.1
601041023,Kingston Beach - Blackmans Bay,3.7,9.5,11.1
202021027,Castlemaine,4.4,9.5,11.1
121031407,Gordon - Killara,3.4,9.6,11.1
305041132,Ashgrove,2.6,8.9,11.2
112011242,Lennox Head - Skennars Head,3.5,8.9,11.2
401021006,Lobethal - Woodside,3.7,9.2,11.2
401021005,Hahndorf - Echunga,3.9,9.2,11.2
112011237,Ballina Region,4,9.2,11.2
207011151,Hawthorn,2.7,9.3,11.2
401031011,Burnside - Wattle Park,3.8,9.3,11.2
309101268,Bundall,3.5,9.4,11.2
401031012,Glenside - Beaumont,3.9,9.4,11.2
211021261,Donvale - Park Orchards,3.5,9.5,11.2
206061138,Toorak,4.2,9.5,11.2
316011413,Buderim - North,4.4,9.6,11.2
207011155,Surrey Hills (West) - Canterbury,3.4,9.1,11.3
401021010,Uraidla - Summertown,3.7,9.1,11.3
202021026,Bendigo Region - South,3.2,9.3,11.3
202021031,Woodend,3.5,9.3,11.3
316061444,Palmwoods,3.8,9.3,11.3
208011172,Hampton,3.4,9.4,11.3
208011171,Cheltenham - Highett (West),3.1,9.5,11.3
208011173,Sandringham - Black Rock,3.9,9.5,11.3
203031048,Clifton Springs,4.1,9.6,11.3
121031410,St Ives,3.8,9.9,11.3
601021007,Howrah - Tranmere,4.3,10.3,11.3
211021262,Warrandyte - Wonga Park,3.3,9,11.4
401021004,Aldgate - Stirling,3.8,9.3,11.4
214021378,Flinders,4.8,9.4,11.4
207011154,Kew East,3.2,9.5,11.4
121031409,Pymble,3.4,9.7,11.4
801091110,Torrens,3.8,9.8,11.4
309101269,Main Beach,5.3,9.8,11.4
206041124,Parkville,2.5,9.9,11.4
801091103,Hughes,3.7,9.9,11.4
801081098,Weston,3.8,10.1,11.4
114021288,Robertson - Fitzroy Falls,4.6,10.1,11.4
114021289,Southern Highlands,5,10.1,11.4
305041135,Paddington - Milton,2.4,8.8,11.5
401021003,Adelaide Hills,3.8,9.4,11.5
208041194,Malvern - Glen Iris,3.2,9.5,11.5
316011414,Buderim - South,3.6,9.5,11.5
202021028,Castlemaine Region,4.6,9.5,11.5
207011148,Balwyn North,3.5,9.6,11.5
801051124,Campbell,3.6,9.6,11.5
316061439,Beerwah,3.6,9.7,11.5
309101267,Benowa,3.7,9.7,11.5
601041024,Margate - Snug,3.2,9.8,11.5
601041026,Taroona - Bonnet Hill,4.1,9.9,11.5
801091104,Isaacs,4.9,10.2,11.5
316011416,Sippy Downs,3.4,10.4,11.5
209031214,Research - North Warrandyte,3.1,8.9,11.6
209031209,Eltham,3.2,8.9,11.6
207011149,Camberwell,3.4,9.5,11.6
601051032,South Hobart - Fern Tree,3.4,9.6,11.6
206041126,Southbank,2.1,9.7,11.6
401021007,Mount Barker,3.3,9.7,11.6
601051030,New Town,3.4,9.7,11.6
403031067,Blackwood,3.7,9.7,11.6
601051031,Sandy Bay,3.9,9.9,11.6
801091100,Curtin,3.7,10,11.6
601041022,Kingston - Huntingfield,3.5,10.1,11.6
801091099,Chifley,3.7,10.2,11.6
118011347,Woollahra,3.9,10.2,11.6
801091102,Garran,4.1,10.2,11.6
801081092,Duffy,3.6,10.4,11.6
801091105,Lyons (ACT),4,10.8,11.6
209031210,Hurstbridge,3,8.8,11.7
316011415,Mountain Creek,2.5,9.3,11.7
601051033,West Hobart,3.3,9.3,11.7
601051029,Mount Nelson - Dynnyrne,3.3,9.4,11.7
309051243,Currumbin Valley - Tallebudgera,3.5,9.4,11.7
316031425,Coolum Beach,3.5,9.4,11.7
316031428,Mooloolaba - Alexandra Headland,3.9,9.5,11.7
206041118,Docklands,2.3,9.6,11.7
316071547,Eumundi - Yandina,3.8,9.6,11.7
801051061,Watson,2.8,9.7,11.7
316061441,Glass House Mountains,3.8,9.9,11.7
118011346,Rose Bay - Vaucluse - Watsons Bay,3.8,10.1,11.7
217041477,Moyne - East,3.8,10.1,11.7
305031119,Albion,2.9,10.2,11.7
114021284,Bowral,5.5,10.6,11.7
209031215,Wattle Glen - Diamond Creek,2.8,8.9,11.8
403031065,Belair,4,9.5,11.8
601051028,Lenah Valley - Mount Stuart,3.5,9.6,11.8
206061135,Armadale,3.3,9.7,11.8
309011226,Burleigh Waters,3.8,10.1,11.8
124011449,Blackheath - Megalong Valley,4.9,10.1,11.8
801081091,Chapman,4.5,10.4,11.8
305041136,Red Hill (Qld),2.3,9.2,11.9
207011146,Ashburton (Vic.),3.1,9.7,11.9
403031069,Mitcham (SA),3.9,9.7,11.9
316031426,Marcoola - Mudjimba,4.1,9.8,11.9
309051244,Mudgeeraba - Bonogin,3.2,9.9,11.9
305031124,Hamilton (Qld),3.4,9.9,11.9
217031473,Colac Region,4.1,9.9,11.9
801051056,Hackett,3.5,10,11.9
309011224,Broadbeach Waters,3.9,10,11.9
118011344,Dover Heights,3.4,10.1,11.9
309021233,Elanora,3.9,10.1,11.9
403031066,Bellevue Heights,3.9,10.1,11.9
507041175,Applecross - Ardross,4,10.1,11.9
118011345,Paddington - Moore Park,3.1,10.2,11.9
801051055,Downer,3.2,10.2,11.9
316071545,Bli Bli,3.7,10.2,11.9
316021418,Buddina - Minyama,4.4,10.3,11.9
118011343,Double Bay - Bellevue Hill,3.9,10.4,11.9
114021287,Moss Vale - Berrima,4.3,10.7,11.9
601021008,Lindisfarne - Rose Bay,4.7,10.8,11.9
210021234,Riddells Creek,3.4,9.8,12
206041122,Melbourne,1.6,10,12
309011228,Mermaid Waters,3.8,10.2,12
316071546,Diddillibah - Rosemount,4.5,10.3,12
114021286,Mittagong,4.6,10.6,12
801081093,Fisher,3.9,10.7,12
601021006,Geilston Bay - Risdon,4.2,10.7,12
209031211,Kinglake,3,8.9,12.1
801051058,O'Connor (ACT),3.2,9.7,12.1
210021233,Macedon,3.8,9.8,12.1
309051245,Reedy Creek - Andrews,2.7,10,12.1
210021232,Gisborne,3.2,10.2,12.1
214021381,Mount Eliza,4,10.2,12.1
305031122,Clayfield,3.2,10.3,12.1
217041478,Moyne - West,4.2,10.4,12.1
316021423,Parrearra - Warana,4.3,10.4,12.1
316071548,Nambour,3.9,10.5,12.1
801081096,Stirling,4.4,10.5,12.1
209031213,Plenty - Yarrambat,3,9.3,12.2
305021118,Norman Park,2.5,9.4,12.2
208041195,Malvern East,3,9.8,12.2
124011450,Blaxland - Warrimoo - Lapstone,3.7,10.1,12.2
507041176,Bateman,3.6,10.2,12.2
202021030,Kyneton,4.1,10.2,12.2
211031268,Ringwood North,3.6,10.3,12.2
507041179,Bull Creek,4.2,10.4,12.2
601021005,Cambridge,4,10.6,12.2
801091108,Pearce,4.4,10.6,12.2
217041480,Warrnambool - South,4.2,10.8,12.2
801081097,Waramanga,3.9,10.9,12.2
305031128,Newstead - Bowen Hills,2.8,9.9,12.3
407011147,Strathalbyn Region,4.2,10,12.3
124011454,Springwood - Winmalee,3.7,10.1,12.3
305031123,Grange,2.7,10.2,12.3
309011227,Mermaid Beach - Broadbeach,3.6,10.2,12.3
128011605,Lilli Pilli - Port Hacking - Dolans Bay,3.7,10.3,12.3
305031121,Ascot,3.7,10.4,12.3
114021285,Hill Top - Colo Vale,3.4,10.5,12.3
316021424,Wurtulla - Birtinya,3.7,10.5,12.3
309081261,Robina,3.9,10.5,12.3
801091106,Mawson,4.1,10.7,12.3
211031451,Croydon - West,3.9,10.9,12.3
601021004,Bellerive - Rosny,5,11.2,12.3
211031265,Croydon Hills - Warranwood,3.2,10.1,12.4
506071147,South Perth - Kensington,3.6,10.1,12.4
210021235,Romsey,3.6,10.2,12.4
309021232,Currumbin Waters,3.9,10.4,12.4
507041177,Bicton - Palmyra,3.8,10.5,12.4
211031452,Croydon South,3.5,10.6,12.4
128011604,Cronulla - Kurnell - Bundeena,3.9,10.6,12.4
122031428,Frenchs Forest - Belrose,3.7,10.7,12.4
101061542,Yass Region,3.9,10.7,12.4
214021380,Mornington,4.7,10.8,12.4
217041479,Warrnambool - North,3.8,10.9,12.4
801081095,Rivett,4,11.1,12.4
305021114,Bulimba,2.8,9.7,12.5
507041180,Leeming,3.7,9.8,12.5
316081549,Noosa Hinterland,4.4,9.9,12.5
104021088,Korora - Emerald Beach,3.9,10,12.5
801051060,Turner,2.8,10.1,12.5
305031125,Hendra,3.4,10.2,12.5
124011453,Lawson - Hazelbrook - Linden,3.8,10.2,12.5
316021417,Aroona - Currimundi,4.1,10.7,12.5
205031090,Leongatha,4.3,10.7,12.5
214021383,Point Nepean,5.3,10.8,12.5
316021421,Golden Beach - Pelican Waters,5.5,10.8,12.5
507041181,Melville,3.9,10.9,12.5
506051140,Kalamunda - Maida Vale - Gooseberry Hill,4.7,11.3,12.5
305011105,Brisbane City,2.6,9.7,12.6
305031129,Wilston,2.7,10,12.6
206061137,South Yarra - East,2.6,10.2,12.6
314011382,Albany Creek,3.5,10.4,12.6
118011340,Bondi Beach - North Bondi,2.7,10.5,12.6
506071146,Manning - Waterford,3.7,10.5,12.6
801051050,Ainslie,3.9,10.5,12.6
304041103,The Gap,3.7,10.6,12.6
128011606,Woolaware - Burraneer,3.7,10.7,12.6
506071145,Como,3.7,10.7,12.6
407011146,Strathalbyn,4.5,10.7,12.6
124011455,Wentworth Falls,5,10.7,12.6
211031267,Ringwood East,3.6,10.9,12.6
507041178,Booragoon,4.2,10.9,12.6
309081259,Clear Island Waters,5,10.9,12.6
122031425,Cromer,3.9,11,12.6
403031070,Panorama,4.4,11.1,12.6
504021049,Chidlow,3.7,10,12.7
314011387,Samford Valley,3.6,10.1,12.7
201021011,Daylesford,4.9,10.1,12.7
505011080,Ocean Reef,3.7,10.2,12.7
505011078,Kingsley,3.9,10.2,12.7
305031120,Alderley,2.7,10.4,12.7
214021385,Somerville,3.6,10.4,12.7
405011111,Light,3.7,10.4,12.7
507041182,Murdoch - Kardinya,4.4,10.7,12.7
118011341,Bondi Junction - Waverly,3.3,10.9,12.7
112031550,Banora Point,5.1,11.1,12.7
309031240,Runaway Bay,5.7,11.2,12.7
304041100,Keperra,4,11.3,12.7
101041021,Broulee - Tomakin,5.6,11.3,12.7
301021013,Victoria Point,4.7,11.4,12.7
505011074,Heathridge - Connolly,3.3,10.1,12.8
505011083,Woodvale,3.6,10.1,12.8
305031126,Kelvin Grove - Herston,2,10.2,12.8
305011110,South Brisbane,2.6,10.2,12.8
211051285,Wandin - Seville,3.2,10.2,12.8
305011108,Kangaroo Point,3.4,10.2,12.8
505011079,Mullaloo - Kallaroo,3.7,10.3,12.8
401071024,Unley - Parkside,3.9,10.3,12.8
201021009,Bacchus Marsh Region,3.9,10.4,12.8
211031263,Bayswater North,3.1,10.5,12.8
801051051,Braddon,2.4,10.6,12.8
205031089,Korumburra,4.2,10.6,12.8
309091263,Ashmore,4.2,11,12.8
316021422,Moffat Beach - Battery Hill,4.6,11,12.8
128011529,Gymea - Grays Point,3.8,11.1,12.8
301021008,Ormiston,4.6,11.1,12.8
316021420,Caloundra - West,3.7,11.2,12.8
602011043,Norwood (Tas.),4.7,11.2,12.8
217031471,Camperdown,5.1,11.2,12.8
401071023,Goodwood - Millswood,3.6,10.1,12.9
211051282,Mount Dandenong - Olinda,3.9,10.1,12.9
314011384,Dayboro,3.6,10.3,12.9
201021012,Gordon (Vic.),3.9,10.3,12.9
403031068,Colonel Light Gardens,3.4,10.4,12.9
211051276,Healesville - Yarra Glen,4,10.5,12.9
205011077,Mount Baw Baw Region,4.6,10.6,12.9
217031476,Otway,5.2,10.6,12.9
801051057,Lyneham,3.5,10.7,12.9
205011078,Trafalgar (Vic.),4.1,10.7,12.9
602011051,West Launceston,3.8,10.8,12.9
503021042,Subiaco - Shenton Park,3.9,10.8,12.9
110011186,Armidale,3.9,11,12.9
214021382,Mount Martha,4.1,11,12.9
128011603,Caringbah South,4.1,11.1,12.9
211031450,Croydon - East,3.7,11.2,12.9
602011039,Legana,4.2,11.2,12.9
305021113,Balmoral,2.7,9.9,13
112031551,Terranora - North Tumblegum,3.7,10.3,13
211051286,Yarra Valley,3.7,10.3,13
507041184,Winthrop,4.1,10.4,13
305021117,Morningside - Seven Hills,2.5,10.5,13
204021067,Wangaratta Region,4.5,10.5,13
305031130,Windsor,2.5,10.6,13
112031250,Kingscliff - Fingal Head,4.4,10.8,13
211051277,Kilsyth,3.8,11,13
204011062,Yea,5.4,11,13
309031239,Paradise Point - Hollywell,5.3,11.1,13
303011047,Camp Hill,2.9,11.2,13
101031014,Cooma,4.5,11.2,13
303011049,Carina,3.5,11.5,13
128011531,Sylvania - Taren Point,4.6,11.7,13
211051274,Belgrave - Selby,3.2,9.8,13.1
314011385,Eatons Hill,2.8,10.2,13.1
204021064,Benalla Region,4.8,10.2,13.1
314011383,Cashmere,2.6,10.4,13.1
305011109,New Farm,3.5,10.5,13.1
211051279,Monbulk - Silvan,3.8,10.5,13.1
305031131,Wooloowin - Lutwyche,2.7,10.6,13.1
204011060,Seymour Region,3.7,10.6,13.1
309081262,Varsity Lakes,3,10.7,13.1
122031429,Freshwater - Brookvale,3,10.8,13.1
109011175,Albury Region,4.1,10.8,13.1
126011495,Epping - North Epping,3.6,11,13.1
126011496,Pennant Hills - Cheltenham,4,11,13.1
122031426,Dee Why - North Curl Curl,3.2,11.1,13.1
214021379,Hastings - Somers,4.3,11.1,13.1
602011049,Trevallyn,3.9,11.3,13.1
217031472,Colac,4.2,11.3,13.1
204021063,Benalla,5.1,11.3,13.1
211031266,Ringwood,3.7,11.4,13.1
128011602,Caringbah,3.8,11.5,13.1
602011044,Prospect Vale - Blackstone,4.6,11.5,13.1
122031427,Forestville - Killarney Heights,3.9,11.6,13.1
602011042,Newstead,4.2,11.6,13.1
506051141,Lesmurdie - Bickley - Carmel,4.4,11.7,13.1
109031182,Deniliquin,4.9,11.7,13.1
211051284,Upwey - Tecoma,3.2,9.9,13.2
115031300,Kurrajong Heights - Ebenezer,3.4,10.4,13.2
505011075,Hillarys,3.8,10.4,13.2
305031127,Newmarket,2.7,10.6,13.2
505011071,Currambine - Kinross,3,10.6,13.2
505011070,Craigie - Beldon,3.1,10.6,13.2
211051280,Montrose,3.5,10.6,13.2
305021115,East Brisbane,2.8,10.7,13.2
121011399,Chatswood (West) - Lane Cove North,3,10.8,13.2
503021043,Wembley - West Leederville - Glendalough,3.2,10.8,13.2
211051275,Chirnside Park,3.7,10.8,13.2
309041241,Guanaba - Springbrook,4.4,10.8,13.2
204021065,Rutherglen,4.6,10.9,13.2
122031432,Terrey Hills - Duffys Forest,3.9,11,13.2
504021050,Glen Forrest - Darlington,4.3,11,13.2
204011055,Euroa,5.7,11.1,13.2
217031474,Corangamite - North,4.9,11.2,13.2
214021377,Dromana,5.4,11.3,13.2
304041101,Mitchelton,3.1,11.4,13.2
507041183,Willagee,3.5,11.4,13.2
401011001,Adelaide,3.6,11.4,13.2
506051138,Forrestfield - Wattle Grove,3.5,11.7,13.2
112031552,Tweed Heads South,6.1,11.7,13.2
203011036,Winchelsea,3.8,10.2,13.3
305011107,Highgate Hill,3,10.5,13.3
101021011,Queanbeyan Region,3.4,10.5,13.3
505011077,Joondalup - Edgewater,3.4,10.5,13.3
202011024,Strathfieldsaye,3.2,10.6,13.3
301021011,Sheldon - Mount Cotton,2.8,10.7,13.3
304041104,Upper Kedron - Ferny Grove,3,10.7,13.3
304011081,Jindalee - Mount Ommaney,3.9,10.8,13.3
309061250,Worongary - Tallai,4.1,10.9,13.3
505011082,Sorrento - Marmion,4.5,10.9,13.3
118011339,Bondi - Tamarama - Bronte,3.1,11,13.3
307031184,Clifton - Greenmount,4.7,11.2,13.3
205031087,Foster,5.5,11.2,13.3
303011051,Carindale,4.1,11.3,13.3
309031235,Arundel,4.1,11.3,13.3
122031431,Narrabeen - Collaroy,3.8,11.4,13.3
122031424,Beacon Hill - Narraweena,3.9,11.5,13.3
602011052,Youngtown - Relbia,4.4,11.5,13.3
202011020,East Bendigo - Kennington,4.5,11.5,13.3
316051438,Tewantin,5.7,11.7,13.3
128011530,Miranda - Yowie Bay,4.2,11.8,13.3
109031180,Corowa,5.5,11.8,13.3
506051139,High Wycombe,3.7,12,13.3
505011076,Iluka - Burns Beach,3,10,13.4
505011072,Duncraig,3.8,10.7,13.4
314011386,The Hills District,3.3,10.9,13.4
505011073,Greenwood - Warwick,3.9,10.9,13.4
504021053,Mundaring,4.1,11,13.4
109011172,Albury - East,3.3,11.3,13.4
204011058,Nagambie,5.2,11.3,13.4
208031189,Edithvale - Aspendale,3.6,11.4,13.4
204021066,Wangaratta,4.5,11.5,13.4
303011048,Cannon Hill,3.1,11.6,13.4
506061144,Serpentine - Jarrahdale,4.3,11.7,13.4
301021007,Cleveland,5.4,11.8,13.4
801011013,Hawker,4.5,11.9,13.4
309031237,Coombabah,5.7,11.9,13.4
203011035,Golden Plains - South,3.4,10.1,13.5
204031070,Chiltern - Indigo Valley,4.2,10.7,13.5
204031068,Beechworth,4.8,10.7,13.5
211051283,Mount Evelyn,3.3,10.8,13.5
209011201,Ivanhoe East - Eaglemont,4.1,10.8,13.5
501031018,Donnybrook - Balingup,4.6,10.8,13.5
211051281,Mooroolbark,3.3,11,13.5
206041117,Carlton,2.1,11.3,13.5
303021053,Coorparoo,3.2,11.3,13.5
301021012,Thornlands,3.6,11.3,13.5
309061247,Highland Park,3.9,11.3,13.5
301021009,Redland Bay,3.7,11.4,13.5
205011076,Drouin,4.1,11.5,13.5
601021012,South Arm,4.5,11.5,13.5
101031015,Cooma Region,5.1,11.5,13.5
217011421,Hamilton (Vic.),4.8,11.6,13.5
211041270,Mitcham (Vic.),3.7,11.8,13.5
101061541,Yass,4.1,11.9,13.5
101061543,Young,4.4,12,13.5
207031165,Burwood,3.3,12.1,13.5
305021116,Hawthorne,2.6,9.9,13.6
305011112,West End,2.9,10.4,13.6
507021164,East Fremantle,3.8,10.4,13.6
204031075,Yackandandah,4.1,10.4,13.6
304011083,Riverhills,3.1,10.6,13.6
207031167,Surrey Hills (East) - Mont Albert,3.7,11,13.6
405011110,Barossa - Angaston,4.4,11,13.6
121011400,Lane Cove - Greenwich,3.6,11.2,13.6
303021059,Yeronga,3.6,11.4,13.6
205011079,Warragul,4.4,11.5,13.6
217031475,Corangamite - South,4.4,11.5,13.6
309071252,Helensvale,4.2,11.6,13.6
101021007,Braidwood,5.3,11.6,13.6
201011003,Ballarat - North,4,11.7,13.6
211041272,Vermont,3.9,11.9,13.6
206051129,Elwood,2.7,10.2,13.7
206061136,Prahran - Windsor,2.8,10.8,13.7
309091265,Parkwood,3.3,10.8,13.7
121021404,Berowra - Brooklyn - Cowan,3.7,11.4,13.7
201011005,Buninyong,3.8,11.4,13.7
122031430,Manly Vale - Allambie Heights,3.4,11.5,13.7
204011056,Kilmore - Broadford,3.9,11.5,13.7
309071253,Hope Island,5.1,11.5,13.7
403021060,Marino - Seaview Downs,4.5,11.6,13.7
303041071,Tarragindi,3.3,11.7,13.7
207031161,Blackburn,3.8,11.9,13.7
101061544,Young Region,5.5,12.2,13.7
108041164,Port Macquarie - West,5.8,12.5,13.7
203011034,Bannockburn,2.7,10.5,13.8
206051128,Albert Park,3.8,10.9,13.8
313031371,Woodford - D'Aguilar,4.3,11.1,13.8
317011445,Cambooya - Wyreema,3.2,11.3,13.8
211051278,Lilydale - Coldstream,3.8,11.3,13.8
401051017,Norwood (SA),4.3,11.3,13.8
309061246,Carrara,4.5,11.5,13.8
216021412,Moira,5,11.5,13.8
501021010,Dardanup,4.2,11.6,13.8
405011115,Tanunda,4.8,11.6,13.8
207031164,Box Hill North,3.8,11.7,13.8
801011001,Aranda,4.3,11.8,13.8
602011046,Riverside,4.5,11.8,13.8
307031186,Southern Downs - West,5.5,11.8,13.8
211041273,Vermont South,4.7,11.9,13.8
317011455,Rangeville,4.7,12.1,13.8
317011446,Darling Heights,4,12.3,13.8
109031181,Corowa Region,5.6,12.3,13.8
211041269,Forest Hill,4.2,12.4,13.8
106031121,Nelson Bay Peninsula,6.1,12.4,13.8
108041163,Port Macquarie - East,5.3,12.5,13.8
202011023,Maiden Gully,3,10.8,13.9
503021039,Mount Lawley - Inglewood,3.4,10.8,13.9
304011082,Middle Park - Jamboree Heights,3.7,10.9,13.9
121011401,St Leonards - Naremburn,2.9,11,13.9
209011202,Montmorency - Briar Hill,3.9,11.1,13.9
403021059,Hallett Cove,4.1,11.1,13.9
801011025,Spence,3.9,11.3,13.9
121011402,Willoughby - Castle Cove - Northbridge,3.8,11.4,13.9
402051054,Redwood Park,4,11.4,13.9
202011025,White Hills - Ascot,3.2,11.5,13.9
128021536,Oyster Bay - Como - Jannali,3.8,11.5,13.9
204011054,Alexandra,6,11.8,13.9
121021406,Normanhurst - Thornleigh - Westleigh,4,11.9,13.9
201011002,Ballarat,4.5,12,13.9
304011084,Seventeen Mile Rocks - Sinnamon Park,3.4,10.8,14
505011081,Padbury,3.5,11.1,14
313031370,Kilcoy,4.6,11.3,14
204031071,Myrtleford,5,11.3,14
309071256,Oxenford - Maudsland,3.2,11.5,14
302011026,McDowall,3.7,11.5,14
405011112,Lyndoch,3.9,11.5,14
115031299,Bilpin - Colo - St Albans,4.8,11.6,14
403041075,Clarendon,4.9,11.6,14
201011001,Alfredton,3.2,11.7,14
301011002,Belmont - Gumdale,3.9,11.7,14
207031163,Box Hill,3.3,11.9,14
601061035,Sorell - Richmond,4.5,12,14
317011457,Toowoomba - East,4.4,12.1,14
602011048,Summerhill - Prospect,4.4,12.1,14
302021029,Chermside West,4.2,12.2,14
302021027,Aspley,4.8,12.2,14
216021414,Yarrawonga,5.6,12.3,14
109031185,Tocumwal - Finley - Jerilderie,5.7,12.4,14
109031184,Moama,5.3,12.5,14
304011085,Westlake,4.1,10.8,14.1
206051130,Port Melbourne,3.7,10.9,14.1
510011262,Broome,3.2,11.1,14.1
101021012,Queanbeyan West - Jerrabomberra,3,11.2,14.1
503021041,Perth City,3,11.2,14.1
506061142,Byford,2.3,11.7,14.1
128021608,Loftus - Yarrawarrah,3.9,11.8,14.1
209011198,Heidelberg - Rosanna,3.9,11.8,14.1
302011023,Bridgeman Downs,4.2,11.8,14.1
307031185,Southern Downs - East,5.2,11.9,14.1
317011452,Middle Ridge,4.3,12,14.1
316061440,Caloundra Hinterland,6.6,12,14.1
203021046,Newtown (Vic.),4.2,12.1,14.1
501021253,South Bunbury - Bunbury,4.8,12.1,14.1
303011050,Carina Heights,3.6,12.2,14.1
501021012,Eaton - Pelican Point,3.8,12.2,14.1
309091541,Southport - South,4.6,12.3,14.1
302011025,Everton Park,3.8,12.4,14.1
307021182,Pittsworth,4.4,12.4,14.1
405021117,Gilbert Valley,5.6,12.4,14.1
317011447,Drayton - Harristown,4.8,12.8,14.1
503021038,Mount Hawthorn - Leederville,2.9,11.1,14.2
206041121,Kensington (Vic.),2.7,11.2,14.2
209011200,Ivanhoe,3.7,11.2,14.2
115021297,Dural - Kenthurst - Wisemans Ferry,4,11.2,14.2
112011238,Bangalow,4.6,11.2,14.2
503021040,North Perth,3.4,11.3,14.2
501021252,Gelorup - Stratham,4.1,11.4,14.2
101021010,Queanbeyan - East,3.6,11.6,14.2
506061143,Mundijong,3.6,11.6,14.2
504021051,Helena Valley - Koongamia,4,11.6,14.2
121011398,Chatswood (East) - Artarmon,3.3,11.8,14.2
403041077,Flagstaff Hill,4.3,11.8,14.2
501021007,Capel,4.4,11.9,14.2
317011450,Highfields,4.1,12,14.2
402051055,St Agnes - Ridgehaven,4.6,12,14.2
303041069,Robertson,3.8,12.5,14.2
801071076,Fadden,4.4,10.9,14.3
201011007,Smythes Creek,3.6,11.5,14.3
112011240,Byron Bay,4.5,11.5,14.3
115021298,Galston - Laughtondale,4.4,11.6,14.3
121021403,Asquith - Mount Colah,3.8,11.9,14.3
208031193,Mordialloc - Parkdale,3.8,11.9,14.3
208031185,Carrum - Patterson Lakes,4.4,11.9,14.3
402051051,Highbury - Dernancourt,4.5,11.9,14.3
216021413,Numurkah,4.7,12,14.3
110011188,Armidale Region - South,5.2,12,14.3
128021533,Heathcote - Waterfall,4.1,12.1,14.3
208031190,Mentone,4.1,12.1,14.3
801011003,Bruce,2.9,12.2,14.3
102011039,Terrigal - North Avoca,4.5,12.2,14.3
208031188,Cheltenham - Highett (East),4.1,12.3,14.3
113021261,Tumut,4.6,12.3,14.3
403041083,McLaren Vale,5.2,12.4,14.3
801071080,Greenway,4.7,12.6,14.3
106031119,Anna Bay,5.3,12.7,14.3
102011034,Kincumber - Picketts Valley,5.6,13.1,14.3
206051133,St Kilda,2.8,10.9,14.4
403021063,Sheidow Park - Trott Park,3.2,11,14.4
112011243,Mullumbimby,5,11.3,14.4
309061249,Pacific Pines - Gaven,2.8,11.4,14.4
205051102,Rosedale,4.2,11.5,14.4
801011010,Fraser,4.4,11.5,14.4
309081260,Merrimac,3.5,11.7,14.4
202031032,Bendigo Region - North,4.5,11.8,14.4
801071082,Kambah,4.4,11.9,14.4
112011239,Brunswick Heads - Ocean Shores,5,11.9,14.4
207021159,Templestowe,4.6,12,14.4
309071254,Jacobs Well - Alberton,4.6,12,14.4
128021607,Engadine,3.7,12.1,14.4
403041088,Willunga,4.8,12.1,14.4
501021005,Australind - Leschenault,3.7,12.2,14.4
208031191,Moorabbin - Heatherton,3.8,12.2,14.4
102011041,Wamberal - Forresters Beach,4.2,12.3,14.4
103011060,Bathurst Region,5,12.3,14.4
319041517,Craignish - Dundowran Beach,5.3,12.4,14.4
207031162,Blackburn South,4.3,12.5,14.4
302011024,Carseldine,4.6,12.5,14.4
405021116,Clare,5,12.5,14.4
502011027,Mandurah - North,3.6,12.6,14.4
114011272,Berry - Kangaroo Valley,6.7,12.9,14.4
206051134,St Kilda East,2.6,11.1,14.5
401061022,Walkerville,4.6,11.6,14.5
303021056,Holland Park,3.2,11.7,14.5
101021008,Karabar,3.8,11.8,14.5
301011004,Capalaba,3.9,11.9,14.5
602031062,Perth - Evandale,4.7,12,14.5
103011059,Bathurst - East,3.7,12.4,14.5
501021014,Harvey,4.6,12.4,14.5
302021030,Geebung,3.8,12.5,14.5
106031125,Williamtown - Medowie - Karuah,4.2,12.5,14.5
801011022,Melba,4.5,12.5,14.5
216011406,Echuca,4.7,12.5,14.5
304041098,Enoggera,3.2,12.6,14.5
801011026,Weetangera,4.8,12.6,14.5
309091540,Southport - North,4.1,12.7,14.5
307021179,Crows Nest - Rosalie,5.7,12.9,14.5
128021535,Menai - Lucas Heights - Woronora,3.6,11.3,14.6
303021052,Annerley,2.8,11.7,14.6
602021056,Hadspen - Carrick,4,11.7,14.6
303021057,Holland Park West,3.4,11.9,14.6
106031123,Seaham - Woodville,4,11.9,14.6
303021055,Greenslopes,2.9,12,14.6
317011458,Toowoomba - West,3.6,12.1,14.6
216011408,Lockington - Gunbower,4.5,12.1,14.6
208031183,Aspendale Gardens - Waterways,3.7,12.2,14.6
207021424,Doncaster East (North),4.4,12.2,14.6
402051049,Golden Grove,4.4,12.2,14.6
128021538,Sutherland - Kirrawee,3.9,12.5,14.6
207021160,Templestowe Lower,4.8,12.7,14.6
216021411,Cobram,5.4,12.7,14.6
121021579,Waitara - Wahroonga (West),3.7,12.8,14.6
207021157,Doncaster,4.7,12.8,14.6
115011294,Glenhaven,5.1,12.8,14.6
502011022,Falcon - Wannanup,5.4,12.8,14.6
502011026,Mandurah - East,5.8,12.8,14.6
102011031,Erina - Green Point,5.5,13,14.6
502011024,Halls Head - Erskine,5.5,13.1,14.6
204031073,West Wodonga,3.6,11.5,14.7
302011022,Bald Hills,3.5,12.1,14.7
801011017,Latham,3.8,12.2,14.7
212011290,Koo Wee Rup,3.9,12.2,14.7
509011229,Gnowangerup,4.6,12.2,14.7
303041070,Salisbury - Nathan,3.4,12.3,14.7
317011451,Lockyer Valley - West,4.3,12.3,14.7
214011373,Frankston South,4.6,12.5,14.7
108011151,Bulahdelah - Stroud,5.6,12.5,14.7
801011009,Flynn (ACT),4.3,12.6,14.7
216011407,Kyabram,4.9,12.6,14.7
216011409,Rochester,5.4,12.6,14.7
403021062,Morphettville,4.6,12.7,14.7
502011021,Dawesville - Bouvard,5.1,12.7,14.7
302021033,Stafford Heights,4.5,12.8,14.7
103041076,Blayney,4.7,12.8,14.7
111031232,Stockton - Fullerton Cove,5.8,12.8,14.7
111011208,Charlestown - Dudley,4.3,12.9,14.7
801011005,Cook,4.9,12.9,14.7
207031166,Burwood East,4.7,13,14.7
128021609,Woronora Heights,3.5,10.7,14.8
209011197,Greensborough,3.9,11.5,14.8
801071090,Wanniassa,4.3,11.7,14.8
309071251,Coomera,2.3,11.9,14.8
309071258,Upper Coomera - Willow Vale,2.7,12,14.8
317011449,Gowrie (Qld),3.2,12,14.8
402051050,Greenwith,3.6,12,14.8
301011001,Alexandra Hills,3.8,12,14.8
107041148,Thirroul - Austinmer - Coalcliff,4.2,12,14.8
801071071,Banks,2.9,12.1,14.8
801011019,Macgregor (ACT),2.9,12.2,14.8
308051536,Kin Kora - Sun Valley,3.3,12.2,14.8
208031187,Chelsea Heights,4,12.2,14.8
403041076,Coromandel Valley,4.1,12.2,14.8
505021089,Karrinyup - Gwelup - Carine,4.1,12.3,14.8
301011006,Wellington Point,4.2,12.3,14.8
102011033,Kariong,3.3,12.4,14.8
102011030,Calga - Kulnura,5,12.4,14.8
801071081,Isabella Plains,4,12.6,14.8
203021042,Highton,4.2,12.6,14.8
111011213,Valentine - Eleebana,4.9,12.6,14.8
103041079,Orange Region,4.5,12.7,14.8
505021096,Wembley Downs - Churchlands - Woodlands,4.5,12.8,14.8
307021183,Wambo,4.3,12.9,14.8
103011058,Bathurst,4.4,12.9,14.8
108051168,Old Bar - Manning Point - Red Head,6.4,13,14.8
801011020,Macquarie,4.4,13.2,14.8
110041203,Tamworth - North,4.5,13.2,14.8
801011024,Scullin,3.9,13.3,14.8
302021028,Chermside,4.2,13.3,14.8
106031124,Tea Gardens - Hawks Nest,8.6,13.4,14.8
801011023,Page,4.7,13.8,14.8
509031248,Murray,4.4,11.6,14.9
801071077,Gilmore,3.7,11.8,14.9
302021034,Wavell Heights,3.5,12.2,14.9
209011204,Watsonia,4.1,12.3,14.9
604021088,Miandetta - Don,4.2,12.4,14.9
301011005,Thorneside,4.5,12.4,14.9
801011002,Belconnen,2.5,12.6,14.9
505021092,Scarborough,3.6,12.6,14.9
208031186,Chelsea - Bonbeach,4.2,12.6,14.9
209011196,Bundoora - East,4.2,12.6,14.9
404031109,West Beach,4.9,12.7,14.9
203021041,Grovedale,3.8,12.8,14.9
203021040,Geelong West - Hamlyn Heights,4,12.8,14.9
509021236,Chittering,4.7,12.8,14.9
111011211,Redhead,5.1,12.8,14.9
102011029,Box Head - MacMasters Beach,5.5,12.8,14.9
303031066,Wishart,4.1,12.9,14.9
403041089,Woodcroft,4.2,12.9,14.9
203031051,Portarlington,7.5,12.9,14.9
102011043,Wyoming,4.7,13,14.9
102011037,Point Clare - Koolewong,5.1,13,14.9
112011236,Ballina,6.5,13,14.9
207021425,Doncaster East (South),4.5,13.1,14.9
402051052,Hope Valley - Modbury,5.1,13.1,14.9
303031061,Macgregor (Qld),3.9,13.2,14.9
317011448,Gatton,4.1,13.3,14.9
303031065,Upper Mount Gravatt,3.8,13.5,14.9
128021534,Illawong - Alfords Point,4,11.3,15
206051132,South Melbourne,3.6,11.7,15
117031337,Sydney - Haymarket - The Rocks,2.5,12,15
212011289,Emerald - Cockatoo,3.9,12,15
801071072,Bonython,3.8,12.1,15
212011288,Bunyip - Garfield,4.2,12.2,15
102011028,Avoca Beach - Copacabana,4.1,12.3,15
126021499,Hunters Hill - Woolwich,4.4,12.3,15
209011203,Viewbank - Yallambie,4.2,12.4,15
601051027,Hobart,4.6,12.5,15
101021009,Queanbeyan,3.8,12.6,15
301011003,Birkdale,4.3,12.6,15
301031015,Manly - Lota,4.6,12.6,15
505021094,Trigg - North Beach - Watermans Bay,4.8,12.6,15
509011226,Albany Region,5.4,12.6,15
310021282,Rosewood,4.5,12.7,15
103011061,Oberon,5.3,12.7,15
103041078,Orange - North,3.6,12.9,15
403041080,Happy Valley,4.7,12.9,15
102011038,Saratoga - Davistown,5,13.1,15
111011214,Warners Bay - Boolaroo,5.1,13.2,15
113031268,Wagga Wagga - North,3.3,13.3,15
801011007,Evatt,4,12.1,15.1
401051019,St Peters - Marden,4.3,12.2,15.1
402051053,Modbury Heights,4.4,12.2,15.1
102011035,Narara,3.9,12.3,15.1
309071255,Ormeau - Yatala,3.1,12.4,15.1
102011036,Niagara Park - Lisarow,3.9,12.4,15.1
303031064,Rochedale - Burbank,3.2,12.5,15.1
205051101,Maffra,4.7,12.5,15.1
403041071,Aberfoyle Park,4.4,12.6,15.1
308051534,Gladstone,4.3,12.8,15.1
203021044,Leopold,4.3,12.9,15.1
110011187,Armidale Region - North,5.2,12.9,15.1
509011231,Kojonup,5.2,12.9,15.1
121021578,Hornsby - West,4.3,13,15.1
404031105,Fulham,5.3,13,15.1
308051539,West Gladstone,4.4,13.2,15.1
509011228,Denmark,6.3,13.2,15.1
303031063,Mount Gravatt,3.6,13.3,15.1
211041271,Nunawading,4.1,13.3,15.1
303031062,Mansfield (Qld),4.2,13.3,15.1
206071145,Yarra - North,3.2,11.1,15.2
120021387,Balmain,3.9,11.3,15.2
401061020,Nailsworth - Broadview,3.8,11.7,15.2
309071257,Pimpama,2,11.8,15.2
801071074,Chisholm,3.7,11.8,15.2
211011449,The Basin,3.6,12,15.2
308051531,Boyne Island - Tannum Sands,3.5,12.3,15.2
501031017,Bridgetown - Boyup Brook,5.7,12.4,15.2
309011225,Burleigh Heads,5.2,12.6,15.2
303041068,Moorooka,3.6,12.9,15.2
301031016,Manly West,4.1,12.9,15.2
401051018,Payneham - Felixstow,4.6,12.9,15.2
107041146,Figtree - Keiraville,4.1,13,15.2
111011209,Glendale - Cardiff - Hillsborough,4.2,13,15.2
103031072,Mudgee,4.1,13.2,15.2
310021277,Boonah,5.4,13.2,15.2
202021029,Heathcote,6.7,13.2,15.2
801011014,Higgins,4.2,13.3,15.2
101041025,Merimbula - Tura Beach,6.9,13.3,15.2
301021527,Redland Islands,7.7,13.3,15.2
206071140,Carlton North - Princes Hill,3.4,11.8,15.3
301031019,Wakerley,2.7,12,15.3
507021166,Fremantle - South,4.3,12,15.3
801071079,Gowrie (ACT),4.3,12.1,15.3
801011006,Dunlop,3,12.2,15.3
801011021,McKellar,4.6,12.3,15.3
501021251,Dalyellup,2.7,12.7,15.3
115011555,Castle Hill - North,4.6,12.8,15.3
313051542,Scarborough - Newport - Moreton Island,5.9,12.9,15.3
111031228,Merewether - The Junction,4.2,13,15.3
316031427,Maroochydore - Kuluin,5.7,13,15.3
113031267,Wagga Wagga - East,4.4,13.1,15.3
509021244,Toodyay,6.1,13.1,15.3
309101270,Surfers Paradise,5.1,13.2,15.3
601031018,Montrose - Rosetta,5.2,13.3,15.3
207021156,Bulleen,5.2,13.4,15.3
203021037,Belmont,4.6,13.5,15.3
106041128,Scone,4.7,14.3,15.3
115011554,Castle Hill - East,5.8,14.3,15.3
208021177,Caulfield - North,3.6,12.2,15.4
112031252,Murwillumbah Region,5.4,12.2,15.4
113021262,Tumut Region,5.5,12.7,15.4
203021043,Lara,3.8,12.8,15.4
509011232,Little Grove - Elleker,5.9,12.9,15.4
505021088,Innaloo - Doubleview,3.7,13,15.4
110011189,Walcha,6.1,13,15.4
407011149,Yankalilla,6.9,13,15.4
107041150,Woonona - Bulli - Russell Vale,4.2,13.1,15.4
115011556,Castle Hill - South,4.4,13.1,15.4
115011553,Castle Hill - Central,4.2,13.2,15.4
302031035,Boondall,4.6,13.6,15.4
111011212,Swansea - Caves Beach,5.9,13.6,15.4
114011276,Huskisson - Vincentia,6.7,13.7,15.4
120021388,Leichhardt - Annandale,3,11.3,15.5
306011138,Brinsmead,3.5,11.4,15.5
117031329,Darlinghurst,3.2,11.9,15.5
214011374,Langwarrin,3.7,12.5,15.5
114011281,Tomerong - Wandandian - Woollamia,5.1,12.7,15.5
212011291,Pakenham - North,2.9,13,15.5
115011558,Cherrybrook,4.6,13.1,15.5
101031013,Bombala,5.6,13.2,15.5
113031269,Wagga Wagga - South,3.9,13.3,15.5
505021097,Yokine - Coolbinia - Menora,4.6,13.3,15.5
101041019,Bega - Tathra,5.6,13.3,15.5
507051185,Baldivis,2.7,13.4,15.5
115011290,Baulkham Hills (East),4.1,13.5,15.5
114011277,North Nowra - Bomaderry,5.3,13.5,15.5
105031101,Dubbo - South,4.3,13.8,15.5
306011140,Freshwater - Stratford,4.2,12,15.6
216031418,Shepparton Region - East,4.4,12.3,15.6
308051538,Telina - Toolooa,2.8,12.4,15.6
801041048,Palmerston,3.7,12.8,15.6
308031219,Rockhampton Region - North,5.2,12.8,15.6
407011145,Kangaroo Island,6,12.8,15.6
303041067,Coopers Plains,3.5,13,15.6
303031060,Eight Mile Plains,3.6,13,15.6
112011241,Evans Head,6.2,13,15.6
302021031,Kedron - Gordon Park,3.3,13.1,15.6
301031021,Wynnum West - Hemmant,4.1,13.1,15.6
205051103,Sale,4.5,13.2,15.6
308031223,Yeppoon,5,13.3,15.6
319021507,Kingaroy Region - South,5.6,13.3,15.6
507051187,Port Kennedy,3.4,13.4,15.6
307021180,Jondaryan,4.7,13.4,15.6
509011227,Bayonet Head - Lower King,5.1,13.4,15.6
506031129,Riverton - Shelley - Rossmoyne,4.9,13.5,15.6
107041548,Wollongong - East,4.8,13.7,15.6
801011015,Holt,4.9,13.7,15.6
113031264,Gundagai,5.2,13.7,15.6
111021216,Bonnells Bay - Silverwater,5.5,13.7,15.6
111021218,Morisset - Cooranbong,5.7,14,15.6
307021181,Millmerran,5.8,14,15.6
208021178,Caulfield - South,4.1,12.4,15.7
117031333,Potts Point - Woolloomooloo,4,12.5,15.7
306011139,Clifton Beach - Kewarra Beach,4.8,12.5,15.7
126021590,Putney,4.3,12.6,15.7
801071075,Conder,3.6,12.7,15.7
208021174,Bentleigh - McKinnon,3.9,12.7,15.7
801041047,Nicholls,4.5,13,15.7
309021231,Currumbin - Tugun,5,13,15.7
801071084,Monash,5.2,13,15.7
312021348,Mount Pleasant - Glenella,4.2,13.1,15.7
211011446,Boronia,4.3,13.1,15.7
601031013,Austins Ferry - Granton,4.4,13.1,15.7
308031213,Norman Gardens,3.9,13.2,15.7
319031513,Gympie - South,5.3,13.4,15.7
505021086,Dianella,4.9,13.5,15.7
602031060,Longford,5.7,13.6,15.7
319021505,Kingaroy,4.7,13.7,15.7
111031222,Adamstown - Kotara,4.4,13.9,15.7
306011141,Redlynch,3.2,11.6,15.8
211011255,Lysterfield,3.4,12.2,15.8
214011376,Skye - Sandhurst,3.3,12.6,15.8
301031018,Tingalpa,3.9,12.8,15.8
107031139,Kiama Downs - Minnamurra,4.9,13,15.8
107031140,Kiama Hinterland - Gerringong,5.4,13,15.8
302041041,Bracken Ridge,4,13.2,15.8
302021032,Stafford,3.7,13.4,15.8
302041044,Sandgate - Shorncliffe,4.9,13.4,15.8
124011452,Katoomba - Leura,6.1,13.4,15.8
314021390,North Lakes - Mango Hill,3,14,15.8
507051190,Safety Bay - Shoalwater,5.7,14.1,15.8
113031263,Cootamundra,6.3,14.2,15.8
801011011,Giralang,4.1,12.4,15.9
308051533,Clinton - New Auckland,2.8,12.7,15.9
204031072,Towong,6.1,13,15.9
311041322,Logan Village,4.2,13.1,15.9
311041321,Jimboomba,3.1,13.2,15.9
602021055,Grindelwald - Lanena,5.9,13.2,15.9
301031020,Wynnum,4.6,13.4,15.9
319051526,Tinana,5.8,13.4,15.9
211011447,Ferntree Gully (North),4.4,13.5,15.9
205021082,Bruthen - Omeo,6,13.5,15.9
212011292,Pakenham - South,3.4,13.7,15.9
302031039,Nudgee - Banyo,4,13.7,15.9
308031222,The Range - Allenstown,4.6,13.7,15.9
507051191,Singleton - Golden Bay - Secret Harbour,2.9,13.8,15.9
507051192,Waikiki,4.2,13.9,15.9
109031183,Deniliquin Region,6.3,13.9,15.9
509021239,Gingin - Dandaragan,6.3,13.9,15.9
601021010,Risdon Vale,4.9,15.2,15.9
601011003,Old Beach - Otago,4.2,12.6,16
208021179,Elsternwick,3.7,12.7,16
107041147,Helensburgh,3.6,12.8,16
211011254,Knoxfield - Scoresby,4.1,13.2,16
404031106,Lockleys,4.7,13.3,16
308051535,Gladstone Hinterland,4,13.4,16
107041549,Wollongong - West,3.8,13.6,16
405011114,Nuriootpa,5.3,13.6,16
111031233,Wallsend - Elermore Vale,4.8,13.8,16
111011206,Belmont - Bennetts Green,5.2,13.9,16
509021245,York - Beverley,6.8,13.9,16
302041045,Taigum - Fitzgibbon,4.2,14.2,16
117031330,Erskineville - Alexandria,2.5,12.1,16.1
212011287,Beaconsfield - Officer,3.1,12.7,16.1
208021181,Murrumbeena,3.5,12.7,16.1
211011259,Wantirna,4.6,12.9,16.1
311041320,Greenbank,3.5,13.1,16.1
123031446,Douglas Park - Appin,3.7,13.5,16.1
104021089,Sawtell - Boambee,5.6,13.6,16.1
111031225,Lambton - New Lambton,4.5,13.7,16.1
602011038,Launceston,5.2,13.7,16.1
111021220,Wangi Wangi - Rathmines,6.2,13.7,16.1
302041042,Brighton (Qld),4.7,13.8,16.1
104021085,Coffs Harbour - South,5.8,14.1,16.1
101041017,Batemans Bay,7,14.1,16.1
214021384,Rosebud - McCrae,7,14.3,16.1
120021389,Lilyfield - Rozelle,3.4,11.7,16.2
303021054,Fairfield - Dutton Park,3,12.7,16.2
308031209,Glenlee - Rockyview,3.9,12.8,16.2
211011448,Ferntree Gully (South) - Upper Ferntree Gul,4,12.8,16.2
217011423,Southern Grampians,5.7,13.1,16.2
407021173,Mount Gambier - East,4.4,13.2,16.2
204031069,Bright - Mount Beauty,5.9,13.2,16.2
801071078,Gordon (ACT),3.9,13.3,16.2
112031253,Pottsville,5.1,13.3,16.2
211011257,Rowville - North,3.9,13.5,16.2
104021091,Woolgoolga - Arrawarra,5.8,13.6,16.2
501021254,Withers - Usher,4.5,13.7,16.2
309021234,Palm Beach,5,13.7,16.2
112031254,Tweed Heads,6.6,13.9,16.2
316021419,Caloundra - Kings Beach,7.5,14.1,16.2
101041018,Batemans Bay - South,7.4,14.2,16.2
407011148,Victor Harbor,8.3,14.4,16.2
311021309,Mount Warren Park,4.9,14.6,16.2
117031332,Newtown - Camperdown - Darlington,2.6,12.2,16.3
306011142,Trinity Beach - Smithfield,3.9,12.7,16.3
801011016,Kaleen,4.7,13,16.3
101031016,Jindabyne - Berridale,4.5,13.1,16.3
112021249,Lismore Region,5.6,13.1,16.3
604021090,Quoiba - Spreyton,4.6,13.3,16.3
505021093,Stirling - Osborne Park,4.3,13.4,16.3
216031419,Shepparton Region - West,5,13.4,16.3
215011387,Ararat Region,5.9,13.4,16.3
211011260,Wantirna South,4.9,13.5,16.3
118021566,Maroubra - North,4.3,13.7,16.3
111021221,West Wallsend - Barnsley - Killingworth,4.4,13.7,16.3
506011116,Roleystone,5,13.7,16.3
106011109,Cessnock Region,5.1,13.7,16.3
505021095,Tuart Hill - Joondanna,4,13.8,16.3
309011229,Miami,4.6,13.8,16.3
113031271,Wagga Wagga Region,4.8,13.9,16.3
113031265,Junee,5,13.9,16.3
314021389,Murrumba Downs - Griffin,3.4,14,16.3
404031107,Plympton,4.6,14,16.3
302031040,Nundah,3.6,14.1,16.3
212051323,Mount Waverley - North,5,14.3,16.3
401061021,Prospect,3.9,12.3,16.4
111031226,Maryland - Fletcher - Minmi,3.3,13.3,16.4
118021569,Randwick - North,3.5,13.4,16.4
123031448,The Oaks - Oakdale,4.1,13.4,16.4
126021497,Eastwood - Denistone,4.3,13.4,16.4
211011258,Rowville - South,4.2,13.5,16.4
314031393,Petrie,4.1,13.7,16.4
105031100,Dubbo - East,4.2,13.7,16.4
106011113,Singleton Region,4.9,13.8,16.4
115041301,Pitt Town - McGraths Hill,4.2,14.1,16.4
123031445,Bargo,4.5,14.3,16.4
106041127,Muswellbrook Region,5.1,15.2,16.4
206071139,Abbotsford,2.6,12,16.5
117031331,Glebe - Forest Lodge,3.6,12.8,16.5
118021570,Randwick - South,3.3,13.4,16.5
301031017,Murarrie,3.3,13.4,16.5
509031247,Kulin,5.2,13.4,16.5
214011370,Carrum Downs,3.7,13.5,16.5
601011002,Brighton - Pontville,3.9,13.5,16.5
118021348,Coogee - Clovelly,3.7,13.6,16.5
308031208,Frenchville - Mount Archer,4.5,13.8,16.5
106011107,Branxton - Greta - Pokolbin,4.2,13.9,16.5
312021358,West Mackay,4.8,14,16.5
106011110,Dungog,5.6,14,16.5
506031127,Cannington - Queens Park,3.2,14.1,16.5
111021217,Edgeworth - Cameron Park,3.7,14.1,16.5
216031417,Shepparton - South,4.6,14.1,16.5
107031138,Kiama,6.4,14.1,16.5
121021577,Hornsby - East,3.7,14.2,16.5
104021084,Coffs Harbour - North,5.7,14.2,16.5
212051321,Glen Waverley - East,5.2,14.3,16.5
205031091,Phillip Island,6.6,14.3,16.5
509011225,Albany,6.5,14.6,16.5
117031334,Pyrmont - Ultimo,2.8,12.7,16.6
506031125,Canning Vale - West,4,13,16.6
603021069,Bruny Island - Kettering,7.1,13.4,16.6
506031128,Parkwood - Ferndale - Lynwood,4.7,13.5,16.6
208021427,Bentleigh East (South),4.2,13.6,16.6
126021498,Gladesville - Huntleys Point,4.4,13.7,16.6
205041097,Traralgon,4.4,13.9,16.6
311021310,Wolffdene - Bahrs Scrub,4.1,14,16.6
126021501,North Ryde - East Ryde,4.6,14,16.6
217011420,Glenelg (Vic.),6.4,14,16.6
506011115,Mount Nasura - Mount Richon - Bedfordale,5.3,14.1,16.6
113021260,Tumbarumba,6.2,14.1,16.6
123031447,Picton - Tahmoor - Buxton,4.3,14.2,16.6
212051322,Glen Waverley - West,4.7,14.6,16.6
801041040,Gungahlin,2.9,13.2,16.7
312021354,Shoal Point - Bucasia,3.3,13.2,16.7
211011256,Rowville - Central,4.2,13.4,16.7
208021176,Carnegie,3.5,13.5,16.7
801011008,Florey,4.7,13.5,16.7
501031020,Pemberton,6.4,13.5,16.7
208021426,Bentleigh East (North),3.9,13.6,16.7
310031290,Karana Downs,4.2,13.6,16.7
308031220,Rockhampton Region - West,5,13.6,16.7
302031038,Northgate - Virginia,3.8,13.9,16.7
115011291,Baulkham Hills (West) - Bella Vista,4.5,13.9,16.7
309021230,Coolangatta,6.7,14,16.7
211011251,Bayswater,4.5,14.2,16.7
509011233,McKail - Willyung,4.7,14.2,16.7
505021084,Balcatta - Hamersley,4.9,14.2,16.7
212051327,Wheelers Hill,5.7,14.3,16.7
205031093,Wonthaggi - Inverloch,6.8,14.5,16.7
102021044,Bateau Bay - Killarney Vale,5.2,14.8,16.7
124041466,Richmond - Clarendon,5.2,15.4,16.7
801071073,Calwell,3.8,12.6,16.8
801071087,Richardson,3.9,12.6,16.8
312021344,Eimeo - Rural View,2.7,12.8,16.8
801041044,Harrison,2.2,13.4,16.8
801041034,Amaroo,3.1,13.5,16.8
115011296,West Pennant Hills,4.9,13.7,16.8
801041046,Ngunnawal,3.2,13.9,16.8
210041241,Sunbury - South,4.1,13.9,16.8
402011025,Gawler - North,4.2,13.9,16.8
118021564,Kensington (NSW),3.2,14.1,16.8
102021051,Ourimbah - Fountaindale,4.5,14.1,16.8
107041145,Corrimal - Tarrawanna - Bellambi,5.1,14.5,16.8
110041205,Tamworth Region,5.8,14.5,16.8
212051324,Mount Waverley - South,4.8,14.7,16.8
407011144,Goolwa - Port Elliot,8.6,14.7,16.8
305011111,Spring Hill,2.9,13.3,16.9
506031131,Willetton,4.4,13.4,16.9
312021350,Ooralea - Bakers Creek,3.7,13.6,16.9
201021010,Creswick - Clunes,6,13.8,16.9
118021568,Maroubra - West,3.8,14.2,16.9
109011174,Albury - South,5.6,14.2,16.9
204011057,Mansfield (Vic.),6.5,14.2,16.9
112021246,Goonellabah,5.4,14.6,16.9
308011191,Central Highlands - West,5.3,15.5,16.9
102021050,Lake Munmorah - Mannering Park,6.9,15.5,16.9
208021182,Ormond - Glen Huntly,3.6,13.5,17
115011559,Kellyville,3.8,13.9,17
801041037,Crace,2.5,14,17
107031136,Albion Park - Macquarie Pass,3.8,14,17
405011113,Mallala,5.6,14.1,17
314031391,Bray Park,4.2,14.2,17
118021350,Malabar - La Perouse - Chifley,4.8,14.2,17
101041024,Eurobodalla Hinterland,6.9,14.2,17
401041016,Rostrevor - Magill,5.1,14.7,17
102021047,Chittaway Bay - Tumbi Umbi,4.9,14.8,17
107041144,Balgownie - Fairy Meadow,5.2,14.8,17
311051323,Bethania - Waterford,4.6,15,17
206071143,Fitzroy North,3.6,13,17.1
701011004,Fannie Bay - The Gardens,4.7,13.4,17.1
210041240,Sunbury,4,13.5,17.1
126021503,West Ryde - Meadowbank,3.7,14.1,17.1
126021591,Ryde,4,14.2,17.1
106021116,Maitland - North,4.4,14.2,17.1
107031137,Albion Park Rail,4.8,14.3,17.1
107031142,Shellharbour - Oak Flats,5.1,14.3,17.1
505031107,Tapping - Ashby - Sinagra,3.6,14.5,17.1
314021388,Dakabin - Kallangur,4,14.5,17.1
112031251,Murwillumbah,5.9,14.6,17.1
125021476,Carlingford,4.9,14.9,17.1
308011192,Emerald,3.2,15.1,17.1
110021193,Inverell Region - West,6.6,15.2,17.1
701011008,Stuart Park,3.5,12.6,17.2
507011158,North Coogee,4.3,13.2,17.2
504031060,Gidgegannup,5,14,17.2
115041302,Rouse Hill - Beaumont Hills,3.3,14.2,17.2
126021500,Macquarie Park - Marsfield,3.9,14.3,17.2
303061079,Sunnybank,4.1,14.4,17.2
212051319,Ashwood - Chadstone,4,14.6,17.2
311021308,Edens Landing - Holmview,3.6,15,17.2
601021009,Mornington - Warrane,5.1,15.6,17.2
311051324,Cornubia - Carbrook,4.3,13.3,17.3
310031294,Ripley,2.8,13.5,17.3
205041098,Yallourn North - Glengarry,4.4,13.5,17.3
310031289,Karalee - Barellan Point,4.1,13.6,17.3
308031206,Bouldercombe,5.6,14.2,17.3
202011021,Flora Hill - Spring Gully,4.7,14.8,17.3
101051540,Goulburn Region,6.2,14.8,17.3
101041026,Moruya - Tuross Head,7.9,15,17.3
202011022,Kangaroo Flat - Golden Square,5.5,15.1,17.3
509021242,Mukinbudin,6.1,15.1,17.3
112021244,Casino,6,15.3,17.3
106041129,Scone Region,5.9,16,17.3
311051327,Shailer Park,4.1,13.3,17.4
115011557,Castle Hill - West,4.2,13.9,17.4
402011027,Lewiston - Two Wells,4.3,14,17.4
319031514,Gympie Region,6.1,14.3,17.4
118021565,Kingsford,3.3,14.5,17.4
215011393,West Wimmera,6.7,15,17.4
309031236,Biggera Waters,5.6,15.1,17.4
102021055,Tuggerah - Kangy Angy,4.6,15.2,17.4
106021115,Maitland - East,4.9,15.2,17.4
101051539,Goulburn,5.3,15.2,17.4
307031187,Stanthorpe,7.1,15.4,17.4
310031288,Ipswich - North,3.8,13.9,17.5
107031141,Shellharbour - Flinders,4.1,14.3,17.5
504011044,Bassendean - Eden Hill - Ashfield,4.6,14.3,17.5
506011113,Forrestdale - Harrisdale - Piara Waters,2.4,14.5,17.5
106011112,Singleton,4.2,14.8,17.5
505031257,Two Rocks,4.7,14.8,17.5
123011433,Camden - Ellis Lane,4.8,14.9,17.5
212051325,Mulgrave,4.8,15,17.5
112021248,Lismore,5.6,15.2,17.5
505031099,Butler - Merriwa - Ridgewood,3.6,15.4,17.5
102021056,Warnervale - Wadalba,4,15.4,17.5
602011037,Kings Meadows - Punchbowl,5.6,15.7,17.5
108041162,Laurieton - Bonny Hills,8.4,15.8,17.5
311051325,Loganholme - Tanah Merah,3.8,13.8,17.6
401041014,Athelstone,5.1,14.2,17.6
206041123,North Melbourne,3,14.5,17.6
602021057,Westbury,6.2,14.5,17.6
506011117,Seville Grove,3,14.6,17.6
109011173,Albury - North,5.1,14.9,17.6
401041015,Paradise - Newton,5.4,15.1,17.6
102021052,Summerland Point - Gwandalan,6,15.5,17.6
602011047,South Launceston,4.9,15.6,17.6
206031114,Essendon - Aberfeldie,3.7,13.1,17.7
313041376,Upper Caboolture,4.5,14.1,17.7
604021092,Turners Beach - Forth,6,14.2,17.7
404011096,West Lakes,6.5,14.4,17.7
112021247,Kyogle,6.9,14.8,17.7
504011047,Morley,4.9,14.9,17.7
124041468,Yarramundi - Londonderry,4.6,15.5,17.7
407021155,Naracoorte Region,5.4,13.7,17.8
311061329,Daisy Hill,4.6,14.6,17.8
604011076,Burnie - Ulverstone Region,5.7,14.8,17.8
311061334,Springwood,4.9,15,17.8
201011006,Delacombe,4.5,15.2,17.8
313021369,Wamuran,5.2,15.2,17.8
306021156,Whitfield - Edge Hill,5.5,15.2,17.8
106021117,Maitland - West,4.2,15.3,17.8
307011176,Roma,4.3,15.3,17.8
506031124,Bentley - Wilson - St James,4.4,15.7,17.8
206071144,Richmond (Vic.),3.1,13.3,17.9
208021180,Hughesdale,3.8,14.4,17.9
509031250,Wagin,6.2,14.4,17.9
309091264,Molendinar,4.6,14.7,17.9
202011018,Bendigo,5.3,15.2,17.9
306021146,Earlville - Bayview Heights,5.9,15.4,17.9
504011048,Noranda,5.6,14.1,18
507021165,Fremantle,5.4,14.4,18
105031103,Dubbo Region,5.6,15.1,18
204011059,Seymour,6.3,15.2,18
407021174,Mount Gambier - West,5.5,15.3,18
310031293,Raceview,4.3,15.4,18
119031372,Peakhurst - Lugarno,5.4,15.4,18
309031238,Labrador,5.9,15.5,18
212051320,Clayton,3,15.8,18
108041166,Wauchope,6.3,16,18
305011106,Fortitude Valley,2.6,13.9,18.1
117031335,Redfern - Chippendale,3.1,14.1,18.1
313041375,Narangba,3.3,14.5,18.1
212051326,Oakleigh - Huntingdale,4.2,15.3,18.1
506021122,Rivervale - Kewdale - Cloverdale,4.3,15.4,18.1
602031100,Scottsdale - Bridport,6.8,15.5,18.1
307011175,Miles - Wandoan,5.4,15.6,18.1
310031283,Brassall,4.4,15.7,18.1
403021058,Edwardstown,5.3,15.7,18.1
103021064,Cowra Region,7.1,16.1,18.1
701011006,Ludmilla - The Narrows,4.2,13.9,18.2
104021086,Coramba - Nana Glen - Bucca,5.6,14.5,18.2
604031094,North West,5.2,14.8,18.2
303051072,Algester,4.3,15.3,18.2
309061248,Nerang - Mount Nathan,5.4,15.5,18.2
109011176,Lavington,5.9,15.5,18.2
319041516,Booral - River Heads,6.5,15.9,18.2
601021011,Rokeby,4.8,16,18.2
602011041,Newnham - Mayfield,5.3,16,18.2
103041077,Orange,6.1,16.4,18.2
502011023,Greenfields,6.9,16.7,18.2
702011051,Ross,5.5,13.2,18.3
507011260,Jandakot,5,13.6,18.3
117031336,Surry Hills,3.2,13.9,18.3
506021123,Victoria Park - Lathlain - Burswood,3.9,14.2,18.3
505031101,Clarkson,3.2,14.6,18.3
303061077,Kuraby,3.9,14.9,18.3
404011092,Henley Beach,5.4,15,18.3
119031371,Oatley - Hurstville Grove,4.9,15.1,18.3
313041372,Burpengary,4.6,15.2,18.3
112021245,Casino Region,6.6,15.2,18.3
602011050,Waverley - St Leonards,5,15.3,18.3
311061332,Rochedale South - Priestdale,4.7,15.5,18.3
202011019,California Gully - Eaglehawk,5.3,15.5,18.3
509021238,Dowerin,6.4,15.7,18.3
125041490,North Rocks,5.3,15.8,18.3
215011390,Nhill Region,7,15.8,18.3
319021503,Gayndah - Mundubbera,6.8,15.9,18.3
201011004,Ballarat - South,5.2,16.1,18.3
317011456,Toowoomba - Central,5.6,16.2,18.3
124041467,Windsor - Bligh Park,4.4,16.3,18.3
110041202,Tamworth - East,5.9,16.3,18.3
511011274,Esperance,6,16.3,18.3
313011363,Bribie Island,10.1,16.6,18.3
603011067,Southern Midlands,5.8,14.5,18.4
306041165,Port Douglas,6.1,14.9,18.4
407021158,Wattle Range,6.3,14.9,18.4
215011389,Horsham Region,5.6,15,18.4
505031103,Madeley - Darch - Landsdale,3.3,15.1,18.4
306021153,Mount Sheridan,4.3,15.1,18.4
104021083,Bellingen,6.3,15.2,18.4
315011400,Tablelands,6.9,15.3,18.4
407021151,Kingston - Robe,7.3,15.4,18.4
215011394,Yarriambiack,7.2,15.7,18.4
602011036,Invermay,5.3,15.9,18.4
307011174,Inglewood - Waggamba,6.6,16.1,18.4
319011493,Bargara - Burnett Heads,7.3,16.1,18.4
501021015,East Bunbury - Glen Iris,5.9,16.2,18.4
110041200,Gunnedah Region,6.3,16.3,18.4
307031189,Warwick,6.4,16.3,18.4
702011047,Flynn (NT),3.8,13.6,18.5
507011161,Success - Hammond Park,2.7,14.5,18.5
117031338,Waterloo - Beaconsfield,2.9,14.7,18.5
106021118,Thornton - Millers Forest,3.9,14.9,18.5
505031258,Yanchep,3.7,15.1,18.5
507031261,Casuarina - Wandi,3.5,15.3,18.5
404011091,Flinders Park,5.5,15.7,18.5
124031459,Emu Plains - Leonay,5.1,15.8,18.5
307011173,Goondiwindi,5.2,16.1,18.5
403021061,Mitchell Park,6.1,16.5,18.5
319041519,Point Vernon,7.8,16.7,18.5
602011040,Mowbray,5.1,16.9,18.5
108011154,Tuncurry,10.3,17,18.5
702011048,Larapinta,3.8,13.3,18.6
120011385,Drummoyne - Rodd Point,4.7,14.4,18.6
313041374,Morayfield,5.1,14.6,18.6
504031068,The Vines,3.8,14.9,18.6
407021157,Tatiara,5.6,15.1,18.6
310031285,Churchill - Yamanto,4,15.2,18.6
505031105,Mindarie - Quinns Rocks - Jindalee,4.1,15.2,18.6
507031169,Bertram - Wellard (West),2.5,15.5,18.6
118021567,Maroubra - South,5,15.7,18.6
407031161,Karoonda - Lameroo,6.7,15.8,18.6
313021364,Burpengary - East,4.8,15.9,18.6
407021154,Naracoorte,5.6,15.9,18.6
215011388,Horsham,5.9,16,18.6
108011153,Forster-Tuncurry Region,7.8,16,18.6
509021241,Moora,5.8,16.2,18.6
318021469,Belgian Gardens - Pallarenda,6.3,16.2,18.6
108021160,South West Rocks,9.1,16.4,18.6
502011029,Pinjarra,6.3,16.5,18.6
506021118,Belmont - Ascot - Redcliffe,4.5,15.3,18.7
124031461,Jamisontown - South Penrith,4.9,16,18.7
604011079,Penguin - Sulphur Creek,6.3,16,18.7
216011410,Rushworth,7.7,16,18.7
212021293,Berwick - North,5.4,16.1,18.7
403041086,Reynella,5.8,16.2,18.7
317011453,Newtown (Qld),5.8,16.6,18.7
201011008,Wendouree - Miners Rest,6,16.7,18.7
108051171,Wingham,7.1,16.8,18.7
319041521,Urangan - Wondunna,7.6,16.8,18.7
108011152,Forster,8.8,16.8,18.7
319041520,Torquay - Scarness - Kawungan,8.2,17.1,18.7
303061078,Runcorn,3.6,14.4,18.8
210011231,Strathmore,4.5,14.6,18.8
801041039,Franklin,2.2,14.7,18.8
507011159,South Lake - Cockburn Central,4.3,14.9,18.8
123011435,Mount Annan - Currans Hill,3.2,15.2,18.8
506021119,East Victoria Park - Carlisle,3.9,15.2,18.8
407021150,Grant,5.7,15.2,18.8
504031061,Hazelmere - Guildford,4.6,15.4,18.8
311061335,Underwood,3.8,15.5,18.8
119031374,South Hurstville - Blakehurst,4.7,15.7,18.8
313021367,Elimbah,4.9,15.8,18.8
215031405,Swan Hill Region,6.3,15.9,18.8
215031401,Gannawarra,7.4,16.2,18.8
403041072,Aldinga,5.3,16.3,18.8
307011172,Chinchilla,5,16.5,18.8
106031120,Lemon Tree Passage - Tanilba Bay,7.6,16.6,18.8
311011305,Beaudesert,6.4,16.9,18.8
319041518,Pialba - Eli Waters,8.5,17.5,18.8
507011148,Banjup,2.7,14.3,18.9
507011152,Coogee,4.8,14.9,18.9
504011045,Bayswater - Embleton - Bedford,4.5,15.3,18.9
303051075,Parkinson - Drewvale,3.5,15.4,18.9
124031465,Warragamba - Silverdale,4.1,15.5,18.9
504021054,Swan View - Greenmount - Midvale,6.1,15.9,18.9
303051074,Pallara - Willawong,3.5,16,18.9
123011434,Elderslie - Harrington Park,3.9,16,18.9
501021016,Waroona,6.3,16.1,18.9
103031074,Mudgee Region - West,6.5,16.2,18.9
215031400,Buloke,7.5,16.3,18.9
501021009,Collie,6.1,16.4,18.9
108021155,Kempsey,6.3,16.4,18.9
317011454,North Toowoomba - Harlaxton,5.5,16.6,18.9
602011045,Ravenswood,5.9,16.7,18.9
318021485,Mundingburra,6.5,16.7,18.9
317011459,Wilsonton,6.5,16.9,18.9
102011040,Umina - Booker Bay - Patonga,7.2,16.9,18.9
103021069,West Wyalong,6.6,17,18.9
310011275,Oxley (Qld),4.4,17.2,18.9
505031100,Carramar,2.6,14.7,19
601061034,Dodges Ferry - Lewisham,6,15.6,19
306021144,Bentley Park,3.5,15.7,19
308051530,Agnes Water - Miriam Vale,7.3,15.7,19
306041164,Daintree,6.6,15.9,19
124031463,Mulgoa - Luddenham - Orchard Hills,4.3,16,19
104021087,Dorrigo,8.1,16.1,19
402031038,Windsor Gardens,4.8,16.4,19
403041087,Seaford (SA),5.3,16.5,19
319031512,Gympie - North,6.2,16.5,19
215031402,Kerang,7.5,16.9,19
313011362,Beachmere - Sandstone Point,8.2,17,19
102011042,Woy Woy - Blackwall,7.4,17.2,19
507011153,Coolbellup,4.7,15.6,19.1
311031316,Hillcrest,4.2,15.7,19.1
505031108,Wanneroo,4.4,15.7,19.1
124031457,Cambridge Park,4.6,15.7,19.1
604031095,Smithton,5.6,15.8,19.1
402031037,Northgate - Oakden - Gilles Plains,4.8,16.3,19.1
509021240,Merredin,6,16.4,19.1
104011080,Grafton,6.4,16.6,19.1
319031511,Cooloola,10.1,16.6,19.1
108051170,Taree Region,8.7,16.7,19.1
310041299,Collingwood Park - Redbank,4.2,17.1,19.1
507011163,Yangebup,3.7,14.4,19.2
507011259,Beeliar - Wattleup,3.3,14.6,19.2
120011383,Concord - Mortlake - Cabarita,5,14.8,19.2
303061080,Sunnybank Hills,4.7,15.6,19.2
124031460,Glenmore Park - Regentville,3.7,15.7,19.2
504031067,Stratton - Jane Brook,3.8,15.8,19.2
407031168,Renmark Region,6.2,15.8,19.2
403041084,Morphett Vale - East,5.9,16.5,19.2
509021243,Northam,6.5,16.7,19.2
110031196,Moree Region,5.3,16.9,19.2
319011500,Millbank - Avoca,7.5,17.5,19.2
701011005,Larrakeyah,4,13.7,19.3
120011384,Concord West - North Strathfield,3.1,14.5,19.3
303051073,Calamvale - Stretton,3.9,15.7,19.3
119031369,Mortdale - Penshurst,4.7,16.1,19.3
604021087,Latrobe,6.5,16.5,19.3
108041165,Port Macquarie Region,7.2,16.5,19.3
215011386,Ararat,6.8,16.7,19.3
114011283,Ulladulla Region,8.7,16.8,19.3
310011273,Forest Lake - Doolandella,4.2,16.9,19.3
113031266,Temora,6.9,16.9,19.3
505031255,Alkimos - Eglinton,2.1,15,19.4
318021487,Oonoonba,3.7,15.8,19.4
204031074,Wodonga,5.2,15.8,19.4
507011160,Spearwood,5.4,15.9,19.4
101041020,Bega-Eden Hinterland,7.7,16,19.4
303021058,Woolloongabba,3.5,16.1,19.4
310041303,Springfield,3.2,16.5,19.4
407031166,Murray Bridge Region,6.5,16.5,19.4
407031162,Loxton,6.8,16.9,19.4
106031122,Raymond Terrace,5.8,17.1,19.4
114011278,Nowra,5.8,17.3,19.4
114011273,Callala Bay - Currarong,8.6,17.3,19.4
105031102,Dubbo - West,5.3,17.4,19.4
504011046,Maylands,4.1,15.4,19.5
306011143,Yorkeys Knob - Machans Beach,6.3,15.5,19.5
504031059,Ellenbrook,3,16.3,19.5
205051104,Yarram,7.8,16.4,19.5
103031071,Lithgow Region,6.9,16.6,19.5
125041494,Winston Hills,5.2,16.9,19.5
509011234,Plantagenet,7.5,16.9,19.5
203021045,Newcomb - Moolap,6.6,17,19.5
319011502,Walkervale - Avenell Heights,6.8,17.5,19.5
502011028,Mandurah - South,8.1,17.5,19.5
114011282,Ulladulla,8.7,17.6,19.5
504031058,Bullsbrook,4.5,15.4,19.6
506041133,Canning Vale - East,3.8,15.9,19.6
311031319,Regents Park - Heritage Park,4,16,19.6
312021357,Walkerston - Eton,5.1,16,19.6
124031458,Castlereagh - Cranebrook,3.5,16.1,19.6
310021278,Esk,8.6,17.3,19.6
205021086,Paynesville,10.1,17.4,19.6
103031070,Lithgow,7,17.5,19.6
108051169,Taree,7.4,17.5,19.6
103021065,Forbes,6.8,17.7,19.6
206031116,Moonee Ponds,4.1,14.7,19.7
604031096,Waratah,6.3,15.6,19.7
210011230,Niddrie - Essendon West,4.5,15.9,19.7
506041135,Huntingdale - Southern River,3.6,16,19.7
312021351,Pioneer Valley,4.3,16,19.7
602031058,Dilston - Lilydale,6.5,16.4,19.7
213021341,Altona,5.6,16.5,19.7
306051168,Kuranda,7.3,16.5,19.7
111031229,Newcastle - Cooks Hill,5.7,16.6,19.7
310041296,Bellbird Park - Brookwater,3.2,16.7,19.7
125021478,Oatlands - Dundas Valley,5,16.7,19.7
215011392,Stawell,7.1,16.7,19.7
205021084,Lakes Entrance,9.1,17.3,19.7
108051167,Gloucester,8.7,17.5,19.7
111011207,Belmont South - Blacksmiths,7.6,17.6,19.7
318021470,Bohle Plains,3.6,15.6,19.8
212021299,Narre Warren North,4.8,15.6,19.8
504031057,Beechboro,3.9,15.7,19.8
312011339,Clermont,4.6,15.7,19.8
201031014,Beaufort,7,16,19.8
311031318,Munruben - Park Ridge South,5,16.1,19.8
104021090,Urunga,8.4,16.6,19.8
205021085,Orbost,9,17.1,19.8
403021064,Warradale,6.4,17.2,19.8
402021033,One Tree Hill,6.7,17.2,19.8
101041027,Narooma - Bermagui,10,17.2,19.8
319051524,Maryborough (Qld),7.5,17.4,19.8
110041204,Tamworth - West,4.7,17.5,19.8
103021066,Grenfell,8.3,17.6,19.8
114011279,St Georges Basin - Erowal Bay,8.1,17.9,19.8
319011497,Bundaberg North - Gooburrum,8.2,18,19.8
318021468,Annandale,4.7,15.7,19.9
120011386,Five Dock - Abbotsford,5.1,15.7,19.9
504031056,Ballajura,4.5,16.1,19.9
212031303,Cranbourne South,4.7,16.4,19.9
506041137,Thornlie,5.3,16.5,19.9
404011095,Seaton - Grange,6.1,16.5,19.9
215031404,Swan Hill,6.1,17.5,19.9
111021219,Toronto - Awaba,7.5,17.6,19.9
125041491,Northmead,4.4,18.1,19.9
318021474,Douglas,3.2,15.2,20
318021482,Kirwan - West,4.2,15.7,20
318021489,Townsville - South,6.2,15.9,20
210011228,Keilor,5.8,16,20
801011004,Charnwood,4.9,16.5,20
210011229,Keilor East,5.8,16.7,20
604021089,Port Sorell,7.7,16.7,20
119031370,Narwee - Beverly Hills,5.4,16.8,20
203021039,Geelong,6,17,20
319011499,Bundaberg Region - South,8.6,17.3,20
104011082,Maclean - Yamba - Iluka,9,17.3,20
507051186,Cooloongup,6.2,17.4,20
310021281,Lowood,6,17.5,20
205021081,Bairnsdale,7.2,17.6,20
403041074,Christies Beach,6.9,18,20
103021067,Parkes (NSW),6.3,18.2,20
212031308,Pearcedale - Tooradin,5.1,16.4,20.1
403041078,Hackham - Onkaparinga Hills,6,16.7,20.1
308031216,Rockhampton - West,6.1,17.5,20.1
403041073,Christie Downs,6.2,17.6,20.1
213021344,Newport,3.7,15.7,20.2
213021346,Williamstown,5,15.8,20.2
312011338,Broadsound - Nebo,4.2,15.9,20.2
119031368,Hurstville,4.3,16.6,20.2
312021353,Seaforth - Calen,6.4,16.6,20.2
306051169,Malanda - Yungaburra,8.1,17,20.2
319011494,Branyan - Kensington,6,17.3,20.2
101041023,Eden,8.5,17.5,20.2
507051193,Warnbro,5.4,17.6,20.2
111021215,Bolton Point - Teralba,6.9,18.1,20.2
201031015,Golden Plains - North,5.8,16.1,20.3
603021072,Huonville - Franklin,6.3,16.6,20.3
504031062,Lockridge - Kiara,4.2,16.7,20.3
216031416,Shepparton - North,5.5,17.1,20.3
604021086,East Devonport,7,17.1,20.3
214011371,Frankston,6,17.2,20.3
319011498,Bundaberg Region - North,7.4,17.3,20.3
601031014,Berriedale - Chigwell,5.9,17.4,20.3
306051167,Herberton,8.5,17.4,20.3
308031207,Emu Park,7.3,17.5,20.3
319051523,Granville,7.4,17.7,20.3
102011032,Gosford - Springfield,6.5,17.8,20.3
319011492,Ashfield - Kepnock,6.4,18,20.3
601031019,Moonah,6.1,18.1,20.3
319011501,Svensson Heights - Norville,7.4,18.3,20.3
114011280,Sussex Inlet - Berrara,10.7,18.4,20.3
603021071,Geeveston - Dover,7.8,16.6,20.4
201031017,Maryborough Region,8,16.9,20.4
318011463,Dalrymple,6.4,17,20.4
403041079,Hackham West - Huntfield Heights,6,17.4,20.4
124031462,Kingswood - Werrington,4.3,17.6,20.4
319011496,Bundaberg East - Kalkie,6.3,17.8,20.4
405021119,Wakefield - Barunga West,7.6,18,20.4
318021484,Mount Louisa,3.7,15.7,20.5
215021398,Mildura Region,6.7,16.4,20.5
201031013,Avoca,8.3,16.9,20.5
111031234,Waratah - North Lambton,5.2,17.9,20.5
403041085,Morphett Vale - West,6.8,17.9,20.5
113031270,Wagga Wagga - West,5.9,18.1,20.5
212031301,Cranbourne East,3.2,18.4,20.5
125041493,Toongabbie - Constitution Hill,6,18.6,20.5
212021294,Berwick - South,3.4,16.5,20.6
102021049,Jilliby - Yarramalong,5.8,17.2,20.6
319051525,Maryborough Region - South,9.1,17.2,20.6
604021085,Devonport,7,17.6,20.6
312021349,North Mackay,6.5,18.1,20.6
601031015,Claremont (Tas.),6.5,18.2,20.6
114011274,Culburra Beach,9.2,18.4,20.6
111011210,Mount Hutton - Windale,6.4,18.5,20.6
603011066,Derwent Valley,6.6,16.4,20.7
214011375,Seaford (Vic.),6.3,17.7,20.7
601031020,New Norfolk,6.9,18.3,20.7
502011025,Mandurah,8.8,18.6,20.7
111031231,Shortland - Jesmond,4.7,18.7,20.7
507051188,Rockingham,8.4,18.9,20.7
106041126,Muswellbrook,5.5,19.1,20.7
701031035,Weddell,4.3,14.6,20.8
209011199,Heidelberg West,5,16.9,20.8
319051522,Burrum - Fraser,9.2,17.7,20.8
602031061,Northern Midlands,7.3,17.8,20.8
509011230,Katanning,6.7,17.9,20.8
505021090,Nollamara - Westminster,4.8,18,20.8
202031033,Loddon,8.6,18,20.8
407031164,Mannum,8.8,18,20.8
313051380,Rothwell - Kippa-Ring,6.7,18.1,20.8
125041489,North Parramatta,4.5,18.3,20.8
308031205,Berserker,6,18.5,20.8
106011108,Cessnock,6.2,18.6,20.8
113011256,Griffith (NSW),6,18.8,20.8
701031032,Humpty Doo,3.9,14,20.9
212031457,Narre Warren South (East),4.2,17.2,20.9
210011226,Airport West,5.7,17.4,20.9
111031227,Mayfield - Warabrook,5.3,17.5,20.9
216031415,Mooroopna,6.6,17.6,20.9
111031224,Hamilton - Broadmeadow,6.1,17.7,20.9
308031211,Lakes Creek,5.2,18,20.9
310041297,Camira - Gailes,5.2,18,20.9
302041043,Deagon,6.5,18.2,20.9
212021456,Narre Warren - South West,4.7,17.2,21
319031515,Kilkivan,8.2,17.3,21
312021343,East Mackay,6,17.6,21
509031246,Brookton,7.9,17.7,21
310041304,Springfield Lakes,2.8,17.8,21
501021008,College Grove - Carey Park,6.3,17.9,21
601031021,West Moonah,5.9,18.1,21
603031073,Forestier - Tasman,10.4,18.2,21
308031214,Park Avenue,6.1,18.4,21
120031392,Canterbury (North) - Ashbury,4.8,16.8,21.1
212021455,Narre Warren - North East,4.3,17,21.1
111031235,Wickham - Carrington - Tighes Hill,5.3,17.5,21.1
601031016,Derwent Park - Lutana,6.4,18.4,21.1
319011495,Bundaberg,7.1,18.7,21.1
103021063,Cowra,7.9,19.1,21.1
701031031,Howard Springs,5,14.6,21.2
213021345,Seabrook,4,16.2,21.2
511041288,Geraldton - South,5.1,17.2,21.2
308031210,Gracemere,4.3,17.3,21.2
511041287,Geraldton - North,5.1,17.3,21.2
308031215,Parkhurst - Kawana,5,17.5,21.2
213041353,Bacchus Marsh,5.1,17.8,21.2
215021470,Mildura - South,6.3,18.1,21.2
214011372,Frankston North,6.4,18.4,21.2
106011111,Kurri Kurri - Abermain,6.1,18.6,21.2
113011258,Leeton,6.7,18.9,21.2
311021307,Eagleby,7.2,19.8,21.2
120031390,Ashfield,4.4,17.1,21.3
603021070,Cygnet,7.9,17.3,21.3
501031019,Manjimup,6.4,17.4,21.3
511041291,Morawa,7.1,17.5,21.3
313051377,Clontarf,7,17.9,21.3
113011257,Griffith Region,6.2,18.4,21.3
313051379,Redcliffe,8.7,18.4,21.3
314031394,Strathpine - Brendale,5.9,18.5,21.3
203021038,Corio - Norlane,6.3,18.6,21.3
310021280,Lockyer Valley - East,6.7,18.6,21.3
310031287,Ipswich - East,6.4,19,21.3
601031017,Glenorchy,6.8,19.1,21.3
110041201,Quirindi,8.1,19.1,21.3
102021046,Budgewoi - Buff Point - Halekulani,8,19.3,21.3
701011007,Parap,4.2,14.4,21.4
318021473,Deeragun,3.3,16.8,21.4
215021395,Irymple,5.7,17.2,21.4
312021355,Slade Point,6,17.5,21.4
313051378,Margate - Woody Point,7.6,18.1,21.4
205041095,Moe - Newborough,7,18.3,21.4
109021177,Hay,7.1,18.4,21.4
203021047,North Geelong - Bell Park,6.7,18.5,21.4
201031016,Maryborough (Vic.),8.3,18.5,21.4
405021118,Goyder,8.6,19,21.4
319021509,Nanango,9.4,19,21.4
102021053,The Entrance,8.3,19.5,21.4
206021110,Alphington - Fairfield,3.9,15.3,21.5
510031272,Karratha,3,15.8,21.5
308041528,Banana,5.8,16.8,21.5
205041094,Churchill,6.4,17.6,21.5
511041292,Northampton - Mullewa - Greenough,7.5,17.6,21.5
307031188,Stanthorpe Region,8.2,18.1,21.5
125021477,Ermington - Rydalmere,5.2,18.2,21.5
308031217,Rockhampton City,7.2,18.8,21.5
314031392,Lawnton,5.7,19,21.5
407031165,Murray Bridge,7.1,19.1,21.5
308041529,Biloela,4.3,17.2,21.6
406011131,Kimba - Cleve - Franklin Harbour,6.9,17.6,21.6
602021054,Deloraine,7.9,18,21.6
506011114,Kelmscott,6.4,18.6,21.6
402011026,Gawler - South,6.8,18.7,21.6
306051170,Mareeba,7.3,18.9,21.6
102021054,Toukley - Norah Head,8.3,19.8,21.6
120031395,Haberfield - Summer Hill,4.7,16.9,21.7
212021453,Endeavour Hills - North,5.2,17.3,21.7
120031575,Strathfield,4.6,17.8,21.7
511041289,Irwin,8.4,18.2,21.7
217011422,Portland,7.6,18.3,21.7
306051166,Atherton,8.1,18.6,21.7
310031286,Ipswich - Central,6.3,18.8,21.7
308031212,Mount Morgan,9,18.9,21.7
407031169,The Coorong,8.1,19.1,21.7
105011093,Cobar,6.2,19.8,21.7
701031034,Virginia,4.7,14.9,21.8
109021179,Wentworth-Balranald Region,6.5,17.6,21.8
402041171,Mawson Lakes - Globe Derby Park,3.5,17.7,21.8
205041096,Morwell,7.2,19,21.8
111031223,Beresfield - Hexham,7,19.1,21.8
110021194,Tenterfield,9.8,19.1,21.8
210031439,Gowanbrae,4.9,19.3,21.8
313041373,Deception Bay,6.8,19.3,21.8
110021192,Inverell Region - East,8.1,19.4,21.8
107011547,Windang - Primbee,8.6,19.5,21.8
206021111,Northcote,3.8,15.9,21.9
205051100,Longford - Loch Sport,8.4,18,21.9
308031218,Rockhampton Region - East,7.3,18.1,21.9
215021469,Mildura - North,6.3,18.5,21.9
119041382,Sans Souci - Ramsgate,6.7,18.5,21.9
312021356,South Mackay,6.6,18.8,21.9
213041461,Burnside,5,18.9,21.9
213021343,Altona North,5.5,18.9,21.9
302041046,Zillmere,5.7,19.5,21.9
312031359,Airlie - Whitsundays,5.2,16.8,22
120031394,Dulwich Hill - Lewisham,4.6,17.5,22
212021454,Endeavour Hills - South,5.7,17.5,22
120031576,Strathfield South,4.9,17.6,22
312021346,Mackay,6.3,19.3,22
120031393,Croydon Park - Enfield,5.3,17.7,22.1
107011132,Horsley - Kembla Grange,4.2,17.9,22.1
506011112,Camillo - Champion Lakes,5.9,18.7,22.1
405031120,Jamestown,8,19.1,22.1
103031073,Mudgee Region - East,9.4,19.6,22.1
311051328,Waterford West,6.3,19.7,22.1
701021026,Rapid Creek,4.8,16.9,22.2
310031295,Riverview,6.3,19.6,22.2
102021048,Gorokan - Kanwal - Charmhaven,7.5,20.1,22.2
701021025,Nightcliff,4.8,17.7,22.3
603011065,Central Highlands,8.9,18,22.3
212031304,Cranbourne West,3.2,18.4,22.3
603031074,Triabunna - Bicheno,10.7,18.9,22.3
210031239,Pascoe Vale,4.8,19.2,22.3
125041492,Parramatta - Rosehill,3.6,19.3,22.3
107031143,Warilla,7.3,19.4,22.3
511041285,Geraldton,7.7,19.4,22.3
102021045,Blue Haven - San Remo,5.6,19.6,22.3
120031391,Burwood - Croydon,4.7,18.1,22.4
509031249,Narrogin,7.3,18.9,22.4
106021114,Maitland,5.4,19.4,22.4
110021191,Inverell,7.6,19.9,22.4
102021057,Wyong,7,20.4,22.4
104011081,Grafton Region,8.5,18.5,22.5
402041172,Pooraka - Cavan,6.3,19.5,22.5
119011358,Padstow,6.3,19.9,22.5
702051067,Katherine,5.9,21.8,22.5
701011002,Darwin City,4.2,16.6,22.6
701021022,Malak - Marrara,5.3,16.9,22.6
404021099,Largs Bay - Semaphore,6.6,18.7,22.6
312021342,Andergrove - Beaconsfield,5.4,18.9,22.6
310031284,Bundamba,6.2,19.7,22.6
307011178,Tara,8.4,19.7,22.6
509021237,Cunderdin,8.5,20.1,22.6
312031361,Proserpine,6.9,17.7,22.7
511041286,Geraldton - East,5.3,18.5,22.7
212031302,Cranbourne North,3.9,19,22.7
213041359,Rockbank - Mount Cottrell,5.9,19.3,22.7
119041380,Monterey - Brighton-le-Sands - Kyeemagh,6.3,19.4,22.7
215011391,St Arnaud,9.5,19.7,22.7
310031291,Leichhardt - One Mile,5.5,20,22.7
319021508,Monto - Eidsvold,9.1,20.1,22.7
206071141,Collingwood,3.6,17.5,22.8
209021205,Kingsbury,4.1,18.7,22.8
404021100,North Haven,7.3,19,22.8
602021053,Beauty Point - Beaconsfield,10,19.2,22.8
319021504,Gin Gin,9.7,20.1,22.8
310031292,North Ipswich - Tivoli,7.2,20.3,22.8
604011082,Ulverstone,8.9,20.5,22.8
119041379,Kogarah Bay - Carlton - Allawah,5.3,18.8,22.9
406011130,Eyre Peninsula,7.6,18.8,22.9
213041360,Taylors Hill,3.3,19.3,22.9
505021085,Balga - Mirrabooka,5.1,19.3,22.9
602031059,George Town,8.5,19.8,22.9
604011081,Somerset,8.1,20.1,22.9
702011046,East Side,5.3,16.9,23
206021112,Thornbury,4,17.2,23
206071142,Fitzroy,4.3,17.5,23
213051465,Point Cook - North,3.4,18.3,23
212041313,Dingley Village,6.7,18.9,23
108021156,Kempsey Region,9.2,19.4,23
210031438,Glenroy,5,20.1,23
119011359,Panania - Milperra - Picnic Point,6.1,20.2,23
210031440,Hadfield,6.5,20.5,23
213051368,Werribee - South,5.9,18.7,23.1
506011110,Armadale - Wungong - Brookdale,6,20.4,23.1
604011083,West Ulverstone,8.4,20.4,23.1
601011001,Bridgewater - Gagebrook,5.8,19.2,23.2
119041378,Kogarah,4.7,19.5,23.2
125041588,Pendle Hill - Girraween,5.6,20.2,23.2
306021145,Cairns City,6.6,20.2,23.2
125041589,Wentworthville - Westmead,5.4,20.6,23.2
313021365,Caboolture,6.4,20.8,23.2
310011272,Durack,7.1,21.8,23.2
702011045,Charles,5.7,17.6,23.3
213051468,Werribee - West,4.7,17.7,23.3
404031108,Richmond (SA),6.1,19.5,23.3
119041377,Kingsgrove (South) - Bardwell Park,6.3,19.8,23.3
210031236,Coburg North,4.9,19.9,23.3
108021159,Nambucca Heads Region,9.1,19.9,23.3
313021366,Caboolture - South,5.8,20.9,23.3
311021306,Beenleigh,6.7,20.9,23.3
701021018,Jingili,4.8,17.6,23.4
604021091,Sheffield - Railton,8.1,19,23.4
119041381,Rockdale - Banksia,4.6,19.1,23.4
107011131,Dapto - Avondale,6.9,20.5,23.4
507031170,Calista,6.2,20.9,23.4
110021190,Glen Innes,9.5,20.9,23.4
110041199,Gunnedah,7.4,21.2,23.4
120031396,Homebush,3.6,18.4,23.5
209041225,Whittlesea,5.8,19.2,23.5
407031163,Loxton Region,8.4,20,23.5
311031311,Boronia Heights - Park Ridge,7.1,21.1,23.5
108021158,Nambucca Heads,11.6,21.3,23.5
206031113,Ascot Vale,4.5,17.3,23.6
209041224,Wallan,4.1,18.1,23.6
209021429,Preston - West,4.8,19,23.6
213051467,Werribee - East,5.2,19,23.6
119041375,Arncliffe - Bardwell Valley,3.9,19.1,23.6
311051326,Loganlea,5.1,19.1,23.6
306021148,Gordonvale - Trinity,6.4,20,23.6
604031097,West Coast (Tas.),7.7,20,23.6
407031170,Waikerie,9.2,20.1,23.6
107011545,Berkeley - Lake Heights - Cringila,6.5,20.7,23.6
319021506,Kingaroy Region - North,8.6,20.8,23.6
108021157,Macksville - Scotts Head,9.4,20.8,23.6
105031104,Gilgandra,8.7,21.3,23.6
105031106,Wellington,8.8,21.5,23.6
119011360,Revesby,6.1,20.8,23.7
213051361,Hoppers Crossing - North,4.7,17.9,23.8
701021028,Wagaman,4.9,18.1,23.8
107011134,Unanderra - Mount Kembla,5.9,19.6,23.8
511031280,Kalgoorlie - North,4.1,19.9,23.8
407031159,Barmera,8.6,20.3,23.8
602031064,St Helens - Scamander,11.1,20.7,23.8
405041125,Moonta,11.1,20.8,23.8
213041463,Caroline Springs,3.7,19.1,23.9
306021155,White Rock,6.3,20.3,23.9
407021152,Millicent,8.3,20.3,23.9
105031099,Coonabarabran,9.6,21.4,23.9
701021011,Anula,4.2,16.5,24
404011090,Beverley,5.8,19.3,24
407021156,Penola,7.7,19.7,24
209021208,Reservoir - West,5.8,20.4,24
311061333,Slacks Creek,6.2,20.5,24
604011077,Burnie - Wivenhoe,7.5,20.5,24
311061330,Kingston (Qld.),5.9,20.8,24
604011078,Parklands - Camdale,7.3,21,24
105031105,Narromine,8,21,24
507031174,Parmelia - Orelia,6.7,21.1,24
123021437,Campbelltown - Woodbine,6.5,21.7,24
110031198,Narrabri Region,8,21.7,24
213051369,Wyndham Vale,3.3,18.6,24.1
117011321,Botany,4.6,19.3,24.1
405041127,Yorke Peninsula - North,10.8,20.7,24.1
604011080,Romaine - Havenview,7.4,21.1,24.1
123021440,Ingleburn - Denham Court,6,21.2,24.1
506041134,Gosnells,6.7,21.3,24.1
119011354,Bass Hill - Georges Hall,6,21.4,24.1
303051076,Rocklea - Acacia Ridge,6.1,21.4,24.1
103021062,Condobolin,8.3,21.9,24.1
701021030,Wulagi,4.8,18.1,24.2
209041430,Doreen,3.2,18.8,24.2
119041376,Bexley,5.3,19.6,24.2
404011094,Royal Park - Hendon - Albert Park,6.5,20,24.2
318021490,Townsville City - North Ward,7,20.2,24.2
306031160,Johnstone,8.4,20.3,24.2
504031065,Middle Swan - Herne Hill,7.1,20.5,24.2
210031237,Fawkner,5.8,21.6,24.2
306021154,Westcourt - Bungalow,7.7,22,24.2
213041355,Hillside,3.6,19,24.3
212031458,Narre Warren South (West),4.2,19.7,24.3
209021428,Preston - East,4.8,20,24.3
306031158,Babinda,9,20.3,24.3
123021441,Leumeah - Minto Heights,6.5,20.7,24.3
313021368,Morayfield - East,5.6,21.2,24.3
318021477,Heatley,7.9,21.7,24.3
604011075,Acton - Upper Burnie,8.2,21.8,24.3
701021024,Moil,5.1,19.2,24.4
505031098,Alexander Heights - Koondoola,6,20.2,24.4
306031161,Tully,8.9,20.9,24.4
318021471,Condon - Rasmussen,6.5,21.2,24.4
318021472,Cranbrook,7.8,21.3,24.4
604011084,Wynyard,9.5,21.8,24.4
212031306,Lynbrook - Lyndhurst,3.8,19.6,24.5
505031104,Marangaroo,5.8,20.1,24.5
306021157,Woree,7.1,20.7,24.5
318021480,Kelso,5.3,20.1,24.6
306021149,Kanimbla - Mooroobool,6.6,20.5,24.6
318021478,Hermit Park - Rosslea,6.5,21,24.6
407031160,Berri,8.7,22.1,24.6
209041436,South Morang (South),4.6,19.9,24.7
318021483,Magnetic Island,11,20.4,24.7
209041216,Bundoora - North,4.6,20.5,24.7
306021147,Edmonton,5.3,20.7,24.7
206031115,Flemington,4.2,18.7,24.8
117011322,Mascot - Eastlakes,5,20.9,24.8
404021101,Port Adelaide,7.5,21.2,24.8
119011572,Bankstown - South,5.5,21.5,24.8
318021476,Gulliver - Currajong - Vincent,6.8,21.6,24.8
311061336,Woodridge,6.1,21.7,24.8
311061331,Logan Central,6.5,22.1,24.8
107011546,Port Kembla - Warrawong,7.7,22.1,24.8
407031167,Renmark,9.3,22.4,24.8
124031464,Penrith,6.9,22.5,24.8
213051464,Point Cook - East,3.1,17.9,24.9
213051366,Truganina,2.7,19.8,24.9
117011323,Pagewood - Hillsdale - Daceyville,6.1,20.9,24.9
318021481,Kirwan - East,7,21,24.9
119011356,Condell Park,5.5,21.6,24.9
306021152,Manunda,7.6,21.6,24.9
318021467,Aitkenvale,7.3,21.9,24.9
103021068,Parkes Region,9.3,21.9,24.9
701021029,Wanguri,5.4,19.3,25
312011340,Collinsville,8.5,20.7,25
505031102,Girrawheen,6.2,21.2,25
405041128,Yorke Peninsula - South,12.1,21.6,25
506041136,Maddington - Orange Grove - Martin,6.7,22,25
213031349,Maribyrnong,3.9,18.1,25.1
701021013,Brinkin - Nakara,5.4,18.5,25.2
318021488,South Townsville - Railway Estate,7,20.9,25.2
318021491,Wulguru - Roseneath,7.7,21.3,25.2
318011465,Ingham Region,10.6,21.7,25.2
402041047,Salisbury East,7.4,22,25.2
306031159,Innisfail,8.5,22.1,25.2
310041300,Goodna,5.8,23.3,25.2
209041434,Mernda,3.2,19.8,25.3
311031313,Chambers Flat - Logan Reserve,6.1,21,25.3
310011271,Darra - Sumner,6,22.9,25.3
318011464,Ingham,10.5,22.9,25.3
110031195,Moree,7.8,23.3,25.3
117021327,Petersham - Stanmore,4,18.3,25.4
206011109,Pascoe Vale South,4.6,18.8,25.4
209041217,Bundoora - West,7.1,21.1,25.4
318011461,Burdekin,8.8,21.5,25.4
116021312,Riverstone - Marsden Park,4.5,21.9,25.4
404011093,Hindmarsh - Brompton,6,20.4,25.5
123021438,Claymore - Eagle Vale - Raby,5.5,21.2,25.5
306021151,Manoora,6.8,21.6,25.5
110031197,Narrabri,7.8,23.1,25.5
701021027,Tiwi,5.7,19.2,25.6
212041314,Keysborough,5.4,20.6,25.6
511031278,Boulder,4.7,21,25.6
215031403,Robinvale,7,21,25.6
312021352,Sarina,7.6,21.3,25.6
318021479,Hyde Park - Pimlico,7.1,21.7,25.6
310041302,Redbank Plains,4,21.8,25.6
117021328,Sydenham - Tempe - St Peters,4.3,18.3,25.7
701041041,Palmerston - North,3.1,18.7,25.7
507011154,Hamilton Hill,7.1,21.4,25.7
109021178,Wentworth - Buronga,8.6,21.6,25.7
212041310,Clayton South,6,22.2,25.7
318011460,Ayr,9,22.4,25.7
119011571,Bankstown - North,5.5,22.6,25.7
119011357,Greenacre - Mount Lewis,5.9,22.7,25.7
116011560,Blacktown (South),6,22.7,25.7
213031350,Seddon - Kingsville,3.8,19.6,25.8
506041132,Beckenham - Kenwick - Langford,6.1,21.9,25.8
113011259,Narrandera,9.4,23.2,25.8
125011473,Homebush Bay - Silverwater,3.7,20,25.9
404011097,Woodville - Cheltenham,6.4,20.9,25.9
212041309,Clarinda - Oakleigh South,7.3,21.2,25.9
311031317,Marsden,4.7,22,25.9
318011462,Charters Towers,8.4,22.5,25.9
310011274,Inala - Richlands,6.7,24.2,25.9
312011337,Bowen,7.9,21.4,26
212041460,Noble Park - West,6,21.6,26
123021444,Rosemeadow - Glen Alpine,6.3,21.9,26
116011561,Blacktown (West),5.9,22.8,26
206011107,Brunswick West,4.3,19.2,26.1
206011105,Brunswick,3.8,19.3,26.1
213041462,Burnside Heights,3,19.5,26.1
117021326,Marrickville,4.7,19.5,26.1
213031352,Yarraville,4.3,20,26.1
212041459,Noble Park - East,5.6,21.9,26.1
402021031,Elizabeth East,7.6,23.9,26.1
213051466,Point Cook - South,2.6,19.3,26.2
206011106,Brunswick East,3.6,19.5,26.2
206011108,Coburg,4.7,19.5,26.2
213021342,Altona Meadows,6.1,20.5,26.2
511031279,Kalgoorlie,4.5,20.8,26.2
209041437,Wollert,3.1,21.6,26.2
405041126,Wallaroo,11.7,22.5,26.2
212021295,Doveton,6.9,23.2,26.2
701021020,Leanyer,5.8,19.6,26.3
318021486,Northern Beaches,8.4,21.8,26.3
402041041,Para Hills,7.1,22.6,26.3
404021102,The Parks,6.9,22.9,26.3
405041124,Kadina,9.2,23,26.3
310011276,Wacol,6.3,23.9,26.3
105011095,Nyngan - Warren,9.3,25,26.3
209041431,Epping - East,5.1,20.9,26.5
123021443,Minto - St Andrews,5.7,21.8,26.5
311031312,Browns Plains,5.5,22.1,26.5
402041040,Ingle Farm,8.2,23.3,26.5
504031066,Midland - Guildford,7.2,22.6,26.6
209041220,Mill Park - North,5.4,20.1,26.7
311031314,Crestmead,4.8,22.4,26.7
125031482,Greystanes - Pemulwuy,6.3,22.5,26.7
212021297,Hallam,6.7,22.7,26.7
212031300,Cranbourne,6.4,22.8,26.7
209041221,Mill Park - South,5.8,20.5,26.8
213051365,Tarneit,3.4,22.1,26.8
318021475,Garbutt - West End,8.1,23,26.8
402021032,Munno Para West - Angle Vale,4.6,23.7,26.8
209041435,South Morang (North),3.5,20.2,26.9
124051581,St Marys - North St Marys,6,22.7,26.9
116011308,Seven Hills - Toongabbie,6.5,22.8,26.9
402031036,Enfield - Blair Athol,7.2,24,26.9
116011307,Lalor Park - Kings Langley,6.6,22.7,27
116011303,Blacktown (East) - Kings Park,5.5,23.6,27.1
105011094,Coonamble,9.4,25.2,27.1
402021028,Craigmore - Blakeview,5.9,24.1,27.2
124051469,Erskine Park,4.8,20,27.3
116021563,Quakers Hill,4.6,22,27.3
213041358,Melton West,4.9,22,27.3
215021396,Merbein,8.1,22.5,27.3
701021019,Karama,4.8,19.4,27.4
125011586,Lidcombe,5.3,22.2,27.4
405031121,Peterborough - Mount Remarkable,11.8,24.1,27.4
125011585,Berala,6,22.3,27.5
215021399,Red Cliffs,8,22.4,27.5
125011582,Auburn - Central,4.9,23,27.5
119031373,Riverwood,7.9,23.4,27.5
402021035,Virginia - Waterloo Corner,10.1,25.6,27.5
402021030,Elizabeth,9.2,26.7,27.5
402041044,Paralowie,5.7,22.4,27.6
127031524,Holsworthy - Wattle Grove,4.8,22.5,27.6
116021310,Parklea - Kellyville Ridge,4.2,23,27.6
116011304,Blacktown (North) - Marayong,6.3,23.4,27.6
125011584,Auburn - South,5.3,22.6,27.7
124051580,Colyton - Oxley Park,6,22.8,27.8
406011133,Port Lincoln,8,23.4,27.9
405031123,Port Pirie Region,9.6,24.2,27.9
116011306,Doonside - Woodcroft,5.8,22.7,28
402041046,Salisbury,8.1,25.2,28
510021270,South Hedland,3.7,18.5,28.1
402041048,Salisbury North,5.9,23.5,28.1
402041043,Parafield Gardens,7.1,24.4,28.1
124051470,St Clair,5.5,21,28.2
116021562,Acacia Gardens,4.7,22.6,28.2
119021367,Roselands,6.6,23.8,28.2
402021034,Smithfield - Elizabeth North,8.3,26.1,28.2
701041036,Bakewell,3.6,19.3,28.3
210051445,Mickleham - Yuroke,3.8,22.7,28.3
127031522,Casula,6.2,23.6,28.3
127031599,Lurnea - Cartwright,6.7,25.2,28.3
116021309,Glenwood,5.2,23.4,28.4
125011587,Regents Park,6.6,23.4,28.4
402021029,Davoren Park,5.5,25.9,28.4
701021010,Alawa,6.8,22.9,28.5
213041357,Melton South,5.4,23.4,28.5
119021364,Kingsgrove (North) - Earlwood,7.7,24.4,28.5
125031485,Merrylands - Holroyd,6.1,24.8,28.6
701041038,Durack - Marlow Lagoon,3.8,19.6,28.7
210051245,Gladstone Park - Westmeadows,7.5,23.1,28.7
406011136,Whyalla,8.3,24.5,28.7
510021269,Port Hedland,4,18.7,28.9
105021097,Broken Hill,10.5,26.3,28.9
127031523,Chipping Norton - Moorebank,6.4,23.6,29
701041043,Rosebery - Bellamack,2.8,21.5,29.1
127031600,Prestons - Edmondson Park,4.6,23.5,29.1
125011583,Auburn - North,4.7,24.8,29.2
212031305,Hampton Park - Lynbrook,6.4,24.8,29.3
119021362,Belmore - Belfield,7.2,25.1,29.3
213041356,Melton,6.9,24.2,29.4
127011506,Cobbitty - Leppington,4.7,24.1,29.6
119021363,Canterbury (South) - Campsie,6.1,24.4,29.6
127031598,Liverpool,6.5,25.7,29.7
210051246,Greenvale - Bulla,5.5,22.9,29.9
213051362,Hoppers Crossing - South,7.2,23.9,29.9
119021574,Wiley Park,5.2,24.8,30
210051441,Craigieburn - Central,5.4,23.8,30.3
701041044,Woodroffe,4.4,21.9,30.4
210051443,Craigieburn - South,4.2,23,30.5
213051363,Laverton,4.8,24.5,30.5
119021573,Lakemba,5.4,25.6,30.5
212041312,Dandenong North,8.1,25.5,30.6
123021436,Bradbury - Wedderburn,7.6,27.3,30.6
127011505,Austral - Greendale,7.5,25.3,30.7
212041317,Springvale,7.6,26.4,30.8
119011361,Yagoona - Birrong,7.6,27.1,30.8
123021442,Macquarie Fields - Glenfield,7.6,27.1,30.8
210051444,Craigieburn - West,3.5,26.2,30.9
405031122,Port Pirie,10.7,27.8,30.9
127021518,Horsley Park - Kemps Creek,7.5,25.3,31
212041316,Noble Park North,8.6,25.9,31.1
315021405,Mount Isa,6.1,26.3,31.1
209021207,Reservoir - East,7.4,26.7,31.1
213011340,Taylors Lakes,6.7,23.3,31.3
213011339,Sydenham,4.9,23.2,31.4
127011593,Cecil Hills,5.7,24.2,31.4
701021023,Millner,6.6,24.5,31.4
212041311,Dandenong,7.3,27.8,31.5
212041318,Springvale South,7.4,25.8,31.6
127011596,Hoxton Park - Carnes Hill - Horningsea Park,4.5,24.6,31.7
127011597,West Hoxton - Middleton Grange,4.1,24.9,31.7
127031601,Warwick Farm,7,27.3,31.8
127011595,Hinchinbrook,5.2,24.5,31.9
127011594,Green Valley,6.1,25.4,32.2
209041432,Epping - South,7.4,25.9,32.2
209041223,Thomastown,9.2,27.7,32.2
127021510,Bossley Park - Abbotsbury,7.3,25,32.4
213031348,Footscray,4.8,25.3,32.7
209041219,Lalor,8.6,28.3,32.8
213031351,West Footscray - Tottenham,5.4,25.6,33
127021514,Edensor Park,6.8,25.4,33.3
210051442,Craigieburn - North,3.8,25.2,33.6
125031484,Guildford West - Merrylands West,7.5,29.6,33.8
406021142,Port Augusta,9.8,29.1,34
213031347,Braybrook,5.8,26.3,34.1
125031479,Chester Hill - Sefton,8.3,29.9,34.3
116031319,Rooty Hill - Minchinbury,6.7,28.1,34.5
701041040,Moulden,5.9,28.2,34.5
116031315,Hassall Grove - Plumpton,5.9,28,35
209041433,Epping - West,4.2,26.3,35.2
125031481,Granville - Clyde,7.1,30.1,35.3
116031314,Glendenning - Dean Park,5.6,29.2,35.7
213011328,Ardeer - Albion,7.3,29.8,35.8
701021016,Coconut Grove,7.4,27.5,35.9
213011338,Sunshine West,8.5,30.2,35.9
125031483,Guildford - South Granville,7.5,31.6,36
125031480,Fairfield - East,8.3,30.9,36.1
210051243,Campbellfield - Coolaroo,8.7,31.8,36.1
119021366,Punchbowl,7.8,30.8,36.4
213011332,Keilor Downs,8.7,28,36.5
210051250,Tullamarine,9.9,30.7,36.6
210051242,Broadmeadows,7.8,31.8,36.6
210051249,Roxburgh Park - Somerton,5.8,30.1,36.9
213011330,Deer Park - Derrimut,6.3,29.4,37.2
213011337,Sunshine North,8.3,30.9,37.4
213011333,Kings Park (Vic.),8.6,29.2,37.5
127021512,Cabramatta West - Mount Pritchard,8.4,31.4,37.5
210051247,Meadow Heights,7.1,30.8,37.6
213011335,St Albans - South,8.7,31,37.7
701041039,Gray,6.8,28.7,37.8
213011334,St Albans - North,9.1,31.8,37.8
213011336,Sunshine,7.4,31.3,38.2
213011329,Cairnlea,5.7,27.5,38.3
127021516,Fairfield - West,9.1,33,38.6
127011504,Ashcroft - Busby - Miller,8.9,33.9,38.8
127021520,St Johns Park - Wakeley,9.9,30.9,38.9
213011331,Delahey,7.6,29.8,39.1
127021513,Canley Vale - Canley Heights,8.6,32.3,39.2
127021509,Bonnyrigg Heights - Bonnyrigg,8.2,30.8,39.5
127021517,Greenfield Park - Prairiewood,9.9,32.2,39.5
127021519,Smithfield - Wetherill Park,10,33.1,39.5
127021511,Cabramatta - Lansvale,9.5,34.1,41.4
127021515,Fairfield,9.8,35.4,41.6
116031316,Lethbridge Park - Tregear,8.6,38,41.8
116031317,Mount Druitt - Whalan,9.1,38.2,42.7
116031313,Bidwill - Hebersham - Emerton,9.8,37.9,43.2
801111141,Namadgi,NA,NA,NA
801031115,Majura,NA,NA,NA
506031130,Welshpool,NA,NA,NA
503021037,Kings Park (WA),NA,NA,NA
114011275,Ettrema - Sassafras - Budawang,NA,NA,NA
312021345,Eungella Hinterland,NA,NA,NA
308051532,Callemondah,NA,NA,NA
801031114,Canberra Airport,NA,NA,NA
801041118,Jacka,NA,NA,NA
801041119,Kenny,NA,NA,NA
205051099,Alps - West,NA,NA,NA
117011320,Banksmeadow,NA,NA,NA
507021167,O'Connor (WA),NA,NA,NA
801041120,Moncrieff,NA,NA,NA
101041022,Deua - Wadbilliga,NA,NA,NA
801011018,Lawson,NA,NA,NA
111031230,Newcastle Port - Kooragang,NA,NA,NA
507031172,Hope Valley - Postans,NA,NA,NA
801071089,Tuggeranong,NA,NA,NA
507031173,Kwinana Industrial,NA,NA,NA
127011592,Badgerys Creek,NA,NA,NA
701041042,Palmerston - South,1.9,NA,NA
304041099,Enoggera Reservoir,NA,NA,NA
801111140,ACT - South West,NA,NA,NA
801061129,Barton,3.2,NA,NA
801051127,Reid,4,9.9,NA
801051054,Dickson,2.7,9.7,NA
801091107,O'Malley,4.5,9.6,NA
801091109,Phillip,2.9,10.5,NA
801051053,Civic,2.8,9.6,NA
801031113,Canberra East,6.8,11.5,NA
801101135,Coombs,1.9,NA,NA
801071083,Macarthur,3.8,10.7,NA
801101139,Wright,2,NA,NA
801071088,Theodore,3.1,11.2,NA
801071086,Oxley (ACT),4.2,11.6,NA
302031037,Eagle Farm - Pinkenba,4.4,NA,NA
702011049,Mount Johns,3.7,11.7,NA
801041043,Hall,NA,NA,NA
505031256,Carabooda - Pinjar,4.9,NA,NA
801041038,Forde,2.5,13.1,NA
801041036,Casey,2.3,13.5,NA
801041035,Bonner,2.1,13.1,NA
701011009,Woolner - Bayview - Winnellie,3.3,11.9,NA
312021347,Mackay Harbour,NA,NA,NA
204011061,Upper Yarra Valley,NA,NA,NA
205031088,French Island,NA,NA,NA
312011341,Moranbah,2.8,15.4,NA
406021143,Roxby Downs,3.3,19.5,NA
701021021,Lyons (NT),2.5,18.2,NA
119011355,Chullora,3.6,20.7,NA
403041082,Lonsdale,NA,NA,NA
701041037,Driver,3.8,17.8,NA
701021012,Berrimah,6.7,21.9,NA
801061063,Forrest,3.7,8.3,NA
