SA2 Code,SA2 Label,Three or more chronic (%) All ages,Three or more chronic (%) 60 years and over,Three or more chronic (%) 70 years and over
801051125,Duntroon,4.1,0,0
506011111,Ashendon - Lesley,NA,0,0
801011012,Gooromon,NA,0,0
117011324,Port Botany Industrial,NA,0,0
125031486,Smithfield Industrial,NA,0,0
801031032,Kowen,NA,0,0
801011111,Molonglo Corridor,NA,0,0
801031031,Hume,NA,0,0
801011112,West Belconnen,NA,0,0
128021537,Royal National Park,NA,0,0
505031106,Neerabup National Park,NA,0,0
801101138,Molonglo - North,NA,0,0
117011325,Sydney Airport,NA,0,0
603011068,Wilderness - East,NA,0,0
206051131,Port Melbourne Industrial,NA,0,0
801071132,Tuggeranong - West,NA,0,0
125031487,Yennora Industrial,NA,0,0
504031063,Malaga,NA,0,0
206041120,Flemington Racecourse,NA,0,0
701011003,East Point,NA,0,0
507051189,Rockingham Lakes,NA,0,0
504031055,Avon Valley National Park,NA,0,0
205021080,Alps - East,NA,NA,0
701031033,Koolpinyah,NA,NA,0
116031318,Prospect Reservoir,NA,NA,0
302031036,Brisbane Airport,NA,NA,0
501021011,Davenport,NA,NA,0
124011451,Blue Mountains - North,NA,NA,0
127021521,Wetherill Park Industrial,NA,NA,0
210051248,Melbourne Airport,NA,NA,0
319021510,North Burnett,NA,NA,0
205031092,Wilsons Promontory,NA,NA,0
801061130,Fyshwick,NA,NA,0
107021135,Illawarra Catchment Reserve,NA,NA,0
504021052,Malmalling - Reservoir,NA,NA,0
308031221,Shoalwater Bay,NA,NA,0
124021456,Blue Mountains - South,NA,NA,0
208031184,Braeside,NA,NA,0
701011001,Darwin Airport,NA,NA,0
507011155,Henderson,NA,NA,0
121031407,Gordon - Killara,3.9,12.1,15.1
505011076,Iluka - Burns Beach,3,12.2,15.1
801091107,O'Malley,6.1,13.1,15.5
118011346,Rose Bay - Vaucluse - Watsons Bay,5.2,13.3,15.8
304021089,Fig Tree Pocket,3.9,12.9,15.9
121031409,Pymble,3.7,12.4,16
121031410,St Ives,4.2,13,16
121031412,Wahroonga (East) - Warrawee,4.3,12.9,16.1
118011343,Double Bay - Bellevue Hill,5.5,13.7,16.3
121031408,Lindfield - Roseville,4.1,13,16.4
503011035,Nedlands - Dalkeith - Crawley,4.9,13.5,16.4
122031432,Terrey Hills - Duffys Forest,5.1,14.6,16.9
118011344,Dover Heights,4.6,13.3,17.2
304021091,Pinjarra Hills - Pullenvale,4.4,13.3,17.3
304021087,Brookfield - Kenmore Hills,5.1,13.9,17.5
305011105,Brisbane City,3.8,14,17.5
304021088,Chapel Hill,4.8,14,17.5
121031411,Turramurra,5,14.4,17.5
118011347,Woollahra,5.8,14.4,17.6
121041417,North Sydney - Lavender Bay,5.2,14.4,17.7
122021420,Avalon - Palm Beach,6.1,14.7,17.8
206061138,Toorak,7,15.3,17.8
308041528,Banana,6.8,15.8,17.8
118011345,Paddington - Moore Park,4.6,14.6,17.9
503011034,Mosman Park - Peppermint Grove,5.6,15.1,17.9
503011030,City Beach,5.7,15.1,17.9
206041118,Docklands,4,15.8,17.9
507041184,Winthrop,5.3,13.5,18
503011032,Cottesloe,5.3,14.3,18
211021262,Warrandyte - Wonga Park,5.5,14.6,18.2
701041038,Durack - Marlow Lagoon,3.3,12.5,18.3
117031337,Sydney - Haymarket - The Rocks,3.5,15.8,18.4
314011387,Samford Valley,5.2,14.6,18.5
304021086,Bellbowrie - Moggill,4.4,14.8,18.5
305031124,Hamilton (Qld),5.6,15.3,18.5
304021090,Kenmore,5.2,15.5,18.5
503011031,Claremont (WA),6.6,15.8,18.5
114021289,Southern Highlands,8.9,16.9,18.5
305011110,South Brisbane,4,15.3,18.6
507011260,Jandakot,6,15.1,18.7
503011036,Swanbourne - Mount Claremont,5.5,15.2,18.7
503011033,Floreat,4.4,14.7,18.8
801061063,Forrest,6.7,15.5,18.8
122021421,Bayview - Elanora Heights,6.5,15.6,18.8
115011296,West Pennant Hills,4.7,13.7,18.9
304031096,St Lucia,4.2,15.9,19
114021288,Robertson - Fitzroy Falls,8.5,17.3,19
122021422,Newport - Bilgola,5.3,14.8,19.1
401031012,Glenside - Beaumont,5.8,15.9,19.2
101061542,Yass Region,7.1,17.2,19.2
211021261,Donvale - Park Orchards,5.7,15.5,19.3
213051466,Point Cook - South,2.6,16,19.3
304011085,Westlake,5.6,14.9,19.4
126011496,Pennant Hills - Cheltenham,5,15,19.4
507011158,North Coogee,5.2,15.5,19.4
208011169,Brighton (Vic.),6.4,15.9,19.4
309101269,Main Beach,9.8,17.4,19.4
305031128,Newstead - Bowen Hills,4.7,15.2,19.5
506071147,South Perth - Kensington,5.5,15.5,19.5
309051243,Currumbin Valley - Tallebudgera,5.9,15.5,19.5
505011080,Ocean Reef,5.2,15.7,19.5
407021155,Naracoorte Region,8.1,16.1,19.5
206041126,Southbank,3.9,16.6,19.5
115011558,Cherrybrook,4.6,14.6,19.6
115011555,Castle Hill - North,5.1,15,19.6
121041415,Mosman,6,16.1,19.6
121041413,Cremorne - Cammeray,5.5,15.5,19.7
121041414,Crows Nest - Waverton,4.8,15.9,19.7
507041176,Bateman,5.3,16,19.7
304011081,Jindalee - Mount Ommaney,6,16.3,19.7
206041119,East Melbourne,7.3,17.3,19.7
126021499,Hunters Hill - Woolwich,5.5,15.4,19.8
121011402,Willoughby - Castle Cove - Northbridge,5.2,15.5,19.8
507041175,Applecross - Ardross,5.9,15.6,19.8
121011400,Lane Cove - Greenwich,4.8,15.8,19.8
604031094,North West,8.1,18.3,19.8
126011495,Epping - North Epping,4.3,14.7,19.9
505011082,Sorrento - Marmion,6.3,15.9,19.9
210021233,Macedon,6.6,16.2,19.9
507041179,Bull Creek,6.2,16.4,19.9
114021284,Bowral,9.7,18.3,19.9
115011291,Baulkham Hills (West) - Bella Vista,4.5,14.6,20
301031019,Wakerley,3.5,15.9,20
309051244,Mudgeeraba - Bonogin,5.5,16.4,20
206051128,Albert Park,5.9,16.5,20
209011201,Ivanhoe East - Eaglemont,6.4,16.7,20
505011075,Hillarys,5.5,15.7,20.1
314011385,Eatons Hill,4.3,15.8,20.1
122011418,Balgowlah - Clontarf - Seaforth,5,16.4,20.1
122021423,Warriewood - Mona Vale,5.4,16.4,20.1
109021179,Wentworth-Balranald Region,8.1,17.8,20.1
110011189,Walcha,9.8,18.1,20.1
125011473,Homebush Bay - Silverwater,3.4,14.9,20.2
309051245,Reedy Creek - Andrews,4.4,16.6,20.2
121021406,Normanhurst - Thornleigh - Westleigh,5.3,16.6,20.2
701011002,Darwin City,3.9,13,20.3
122031428,Frenchs Forest - Belrose,5.3,17,20.3
110011187,Armidale Region - North,8.5,18.1,20.3
214021378,Flinders,10.2,18.2,20.3
121011399,Chatswood (West) - Lane Cove North,4.2,15.7,20.4
401031011,Burnside - Wattle Park,6.2,16.7,20.4
401021004,Aldgate - Stirling,7,17,20.4
121021579,Waitara - Wahroonga (West),4.3,15.7,20.5
115011553,Castle Hill - Central,4.8,15.7,20.5
510021269,Port Hedland,5.1,16,20.5
122031427,Forestville - Killarney Heights,5.3,16.9,20.5
309031239,Paradise Point - Hollywell,8.4,17.2,20.5
306041165,Port Douglas,8.1,18.4,20.5
115011557,Castle Hill - West,3.5,12.4,20.6
115011556,Castle Hill - South,5,15.5,20.6
303041069,Robertson,4.7,16.6,20.6
505011072,Duncraig,5.9,16.7,20.6
401021010,Uraidla - Summertown,7,16.8,20.6
118011339,Bondi - Tamarama - Bronte,4.6,16.6,20.7
305031125,Hendra,5.4,16.8,20.7
121041416,Neutral Bay - Kirribilli,5.9,17.3,20.7
503021042,Subiaco - Shenton Park,6,17.4,20.7
128011605,Lilli Pilli - Port Hacking - Dolans Bay,5.2,16.1,20.8
208011170,Brighton East,5.8,16.8,20.8
122011419,Manly - Fairlight,5.3,17.4,20.8
201021012,Gordon (Vic.),8.4,18.8,20.8
115011559,Kellyville,3.7,14.8,20.9
507041180,Leeming,5.6,15.1,20.9
303031064,Rochedale - Burbank,4,16.1,20.9
305041133,Auchenflower,4.9,17.1,20.9
314011384,Dayboro,6.2,17.2,20.9
501031020,Pemberton,10.5,19,20.9
701021026,Rapid Creek,5.3,16,21
305021114,Bulimba,4.4,16.5,21
125041490,North Rocks,5.6,16.8,21
208041194,Malvern - Glen Iris,5.7,17.3,21
208011168,Beaumaris,6.6,17.3,21
509011226,Albany Region,9.5,18.7,21
509011229,Gnowangerup,8.9,18.8,21
305011111,Spring Hill,3.5,16.8,21.1
505011071,Currambine - Kinross,4.6,16.9,21.1
504031060,Gidgegannup,7.2,17,21.1
207011151,Hawthorn,5,17.4,21.1
211051282,Mount Dandenong - Olinda,7.9,18,21.1
206041122,Melbourne,2.9,18.2,21.1
309031240,Runaway Bay,9.3,18.5,21.1
309041242,Tamborine - Canungra,8.8,19,21.1
108011153,Forster-Tuncurry Region,11.5,20.8,21.1
121011401,St Leonards - Naremburn,4.1,15.9,21.2
304011084,Seventeen Mile Rocks - Sinnamon Park,4.9,15.9,21.2
121011398,Chatswood (East) - Artarmon,4.3,16.4,21.2
507041178,Booragoon,6.1,17.2,21.2
505031255,Alkimos - Eglinton,3,17.4,21.2
118011341,Bondi Junction - Waverly,5.1,17.6,21.2
316051544,Peregian Springs,6.2,19.5,21.2
801061129,Barton,5.9,14.9,21.3
207031167,Surrey Hills (East) - Mont Albert,5.6,16.9,21.3
506011116,Roleystone,7.4,18.4,21.3
401021005,Hahndorf - Echunga,8.1,18.5,21.3
109031183,Deniliquin Region,9.7,18.9,21.3
115041302,Rouse Hill - Beaumont Hills,3.6,15.6,21.4
305011108,Kangaroo Point,5.7,16.7,21.4
207011153,Kew,6,17.1,21.4
304041103,The Gap,6,17.5,21.4
212051321,Glen Waverley - East,6.1,18,21.4
308041529,Biloela,5.6,19.1,21.4
126021497,Eastwood - Denistone,5.1,15.9,21.5
506041133,Canning Vale - East,4,16.4,21.5
305031129,Wilston,4.5,17,21.5
305031122,Clayfield,5.2,17.3,21.5
115021297,Dural - Kenthurst - Wisemans Ferry,6.3,17.3,21.5
208011173,Sandringham - Black Rock,6.5,17.5,21.5
403031065,Belair,7.5,18,21.5
206041125,South Yarra - West,7.4,18.5,21.5
701021030,Wulagi,5.6,18.8,21.5
113021262,Tumut Region,9.6,19.2,21.5
113021260,Tumbarumba,10.3,19.7,21.5
213051464,Point Cook - East,3.4,16.3,21.6
305021118,Norman Park,4.3,16.7,21.6
118011340,Bondi Beach - North Bondi,4.3,16.9,21.6
207021159,Templestowe,6.7,17.3,21.6
120021387,Balmain,6,17.5,21.6
305031121,Ascot,6,17.5,21.6
505011079,Mullaloo - Kallaroo,6,17.5,21.6
115011294,Glenhaven,6.8,17.8,21.6
118021564,Kensington (NSW),4.3,17.9,21.6
117031329,Darlinghurst,5.4,18,21.6
316051434,Noosa Heads,9.7,18.5,21.6
701011005,Larrakeyah,4.6,15.3,21.7
128021609,Woronora Heights,5,15.3,21.7
125021476,Carlingford,5.4,17,21.7
121021403,Asquith - Mount Colah,5.4,17.1,21.7
505011074,Heathridge - Connolly,5.9,17.2,21.7
212051322,Glen Waverley - West,5.4,17.8,21.7
401031013,Toorak Gardens,7,17.9,21.7
401011002,North Adelaide,8.5,19,21.7
114021286,Mittagong,9.3,19.6,21.7
801091109,Phillip,5,20.2,21.7
101031015,Cooma Region,10.7,20.2,21.7
208021177,Caulfield - North,5.4,16.9,21.8
208021178,Caulfield - South,5.8,17,21.8
304031094,Indooroopilly,4.9,17.1,21.8
314011383,Cashmere,4.4,17.2,21.8
507041182,Murdoch - Kardinya,7,17.5,21.8
207011149,Camberwell,6,17.7,21.8
401061022,Walkerville,7.5,18.2,21.8
211031268,Ringwood North,6.7,18.3,21.8
122031425,Cromer,5.9,18.4,21.8
309041241,Guanaba - Springbrook,7.7,18.4,21.8
401021003,Adelaide Hills,8.4,19,21.8
509021236,Chittering,8.1,19.8,21.8
120031575,Strathfield,4.5,16.8,21.9
121021578,Hornsby - West,5.5,16.9,21.9
121021577,Hornsby - East,4.2,17.1,21.9
314011382,Albany Creek,6,18,21.9
505021096,Wembley Downs - Churchlands - Woodlands,6,18,21.9
209031214,Research - North Warrandyte,6.8,18,21.9
301021008,Ormiston,7.5,18.7,21.9
110011188,Armidale Region - South,9.5,19.5,21.9
108011151,Bulahdelah - Stroud,10.4,19.8,21.9
206061135,Armadale,6.2,17.7,22
128011604,Cronulla - Kurnell - Bundeena,6.8,18.2,22
507041181,Melville,6.2,18.3,22
304031097,Taringa,5.3,18.6,22
401021008,Mount Barker Region,7.8,19,22
201021011,Daylesford,10.4,19,22
701031034,Virginia,6.8,17.3,22.1
701031031,Howard Springs,7.5,17.4,22.1
207011155,Surrey Hills (West) - Canterbury,6,17.6,22.1
207011150,Glen Iris - East,5.7,17.7,22.1
302011023,Bridgeman Downs,6,17.7,22.1
207011152,Hawthorn East,5.3,18,22.1
208041195,Malvern East,5.3,18.1,22.1
308031220,Rockhampton Region - West,8.2,18.3,22.1
309071253,Hope Island,8.7,19.3,22.1
403031066,Bellevue Heights,7.7,19.5,22.1
801051127,Reid,8.7,20,22.1
319021507,Kingaroy Region - South,10.3,20.3,22.1
118021569,Randwick - North,4.7,17.3,22.2
305041137,Toowong,4.6,17.6,22.2
122031431,Narrabeen - Collaroy,5.9,18.1,22.2
505021089,Karrinyup - Gwelup - Carine,6.2,18.2,22.2
212051327,Wheelers Hill,7.2,18.4,22.2
301021012,Thornlands,5.7,18.5,22.2
214021381,Mount Eliza,7.4,19.1,22.2
509021242,Mukinbudin,10.5,21.1,22.2
604011076,Burnie - Ulverstone Region,10.3,21.5,22.2
503021041,Perth City,4.7,17.1,22.3
505011083,Woodvale,5.8,17.1,22.3
207011147,Balwyn,6.5,18.1,22.3
212051323,Mount Waverley - North,6.1,18.4,22.3
207011154,Kew East,5.9,18.6,22.3
309031235,Arundel,6.9,19,22.3
506051140,Kalamunda - Maida Vale - Gooseberry Hill,8.2,19.1,22.3
201021009,Bacchus Marsh Region,8.4,20.3,22.3
128021534,Illawong - Alfords Point,5.8,15.7,22.4
303051073,Calamvale - Stretton,4,15.9,22.4
128011606,Woolaware - Burraneer,5.8,17.3,22.4
303011051,Carindale,6,17.4,22.4
119031374,South Hurstville - Blakehurst,5.3,17.5,22.4
305031119,Albion,5.4,18.4,22.4
601051031,Sandy Bay,7.5,18.9,22.4
109021177,Hay,9.5,20,22.4
113031271,Wagga Wagga Region,8.6,20.4,22.4
313011363,Bribie Island,13.9,21.6,22.4
701041041,Palmerston - North,3.4,16.4,22.5
120031396,Homebush,3.5,17.4,22.5
510011262,Broome,5.7,17.7,22.5
801061069,Red Hill (ACT),6.6,17.7,22.5
503021043,Wembley - West Leederville - Glendalough,4.9,17.8,22.5
122031426,Dee Why - North Curl Curl,5,18,22.5
801051053,Civic,5.8,18.3,22.5
403031067,Blackwood,7.5,19.6,22.5
501031017,Bridgetown - Boyup Brook,10.7,20.6,22.5
301021011,Sheldon - Mount Cotton,4.9,17.6,22.6
302011026,McDowall,5.9,17.8,22.6
128011603,Caringbah South,6.5,18.5,22.6
506051141,Lesmurdie - Bickley - Carmel,7.4,18.9,22.6
316081549,Noosa Hinterland,9.2,19.6,22.6
405011110,Barossa - Angaston,9.3,20.7,22.6
105011095,Nyngan - Warren,9.7,21.4,22.6
217031473,Colac Region,10.8,21.8,22.6
701031032,Humpty Doo,5.8,17.7,22.7
122031430,Manly Vale - Allambie Heights,4.8,17.9,22.7
121021404,Berowra - Brooklyn - Cowan,5.8,18.2,22.7
305031131,Wooloowin - Lutwyche,4.8,18.3,22.7
403031069,Mitcham (SA),7.1,18.8,22.7
401021006,Lobethal - Woodside,8.4,19.7,22.7
128021535,Menai - Lucas Heights - Woronora,5.7,17,22.8
506071146,Manning - Waterford,6,18.1,22.8
112011238,Bangalow,8.3,18.8,22.8
304041104,Upper Kedron - Ferny Grove,5.6,18.9,22.8
212051324,Mount Waverley - South,6.1,18.9,22.8
128021608,Loftus - Yarrawarrah,6.7,19.2,22.8
801061070,Yarralumla,9.3,19.2,22.8
125041494,Winston Hills,6.1,19.5,22.8
309101270,Surfers Paradise,7.8,19.8,22.8
405041128,Yorke Peninsula - South,13.4,22.2,22.8
122031429,Freshwater - Brookvale,4.5,17.5,22.9
119031371,Oatley - Hurstville Grove,6,17.9,22.9
504031068,The Vines,5.2,18.4,22.9
305011106,Fortitude Valley,3.9,18.8,22.9
505011073,Greenwood - Warwick,7.1,19,22.9
601051029,Mount Nelson - Dynnyrne,7.1,19.1,22.9
207031161,Blackburn,6.1,19.2,22.9
501031018,Donnybrook - Balingup,10,19.9,22.9
207011148,Balwyn North,5.9,18,23
206051129,Elwood,5.2,18.1,23
118021570,Randwick - South,4.7,18.2,23
505011077,Joondalup - Edgewater,6,18.4,23
314011386,The Hills District,5.8,18.5,23
207031164,Box Hill North,6.1,19,23
801051124,Campbell,6.9,19.2,23
112021249,Lismore Region,9.9,19.5,23
217011423,Southern Grampians,10.2,20.1,23
405011112,Lyndoch,8.3,21,23
114021287,Moss Vale - Berrima,9.3,21.1,23
405041127,Yorke Peninsula - North,12.6,22,23
304031092,Chelmer - Graceville,5.2,18,23.1
115011290,Baulkham Hills (East),5.3,18.1,23.1
115021298,Galston - Laughtondale,7.2,19,23.1
504021050,Glen Forrest - Darlington,7.9,19.4,23.1
207031166,Burwood East,7.1,19.7,23.1
316071546,Diddillibah - Rosemount,9.3,20.9,23.1
407011147,Strathalbyn Region,10.1,21.2,23.1
319011493,Bargara - Burnett Heads,10.5,21.6,23.1
506011113,Forrestdale - Harrisdale - Piara Waters,2.8,17,23.2
303031060,Eight Mile Plains,4.8,17.5,23.2
507021164,East Fremantle,6.5,18.3,23.2
801061131,Kingston (ACT),5.7,18.4,23.2
211031265,Croydon Hills - Warranwood,6.5,18.6,23.2
108011152,Forster,12.6,22,23.2
506071145,Como,6.1,18.4,23.3
305021115,East Brisbane,5,19,23.3
801091102,Garran,6.9,19.5,23.3
128011531,Sylvania - Taren Point,7.6,19.8,23.3
301021007,Cleveland,9.3,20.5,23.3
105011093,Cobar,8.1,20.8,23.3
313011362,Beachmere - Sandstone Point,11.5,22.1,23.3
116021310,Parklea - Kellyville Ridge,3.4,17.4,23.4
209031212,Panton Hill - St Andrews,7.9,18.3,23.4
128021536,Oyster Bay - Como - Jannali,6,18.7,23.4
316051437,Sunshine Beach,8.4,19.4,23.4
701011006,Ludmilla - The Narrows,7.2,19.6,23.4
801091101,Farrer,7.4,19.8,23.4
506011115,Mount Nasura - Mount Richon - Bedfordale,8.2,20.1,23.4
316071547,Eumundi - Yandina,8.4,20.1,23.4
316061443,Maroochy Hinterland,11.3,20.1,23.4
211031452,Croydon South,7.4,20.2,23.4
509021241,Moora,9.1,20.8,23.4
312021353,Seaforth - Calen,9.2,20.8,23.4
307031185,Southern Downs - East,10.8,21.4,23.4
301021527,Redland Islands,14.6,22.3,23.4
126021500,Macquarie Park - Marsfield,4.8,18.3,23.5
211051274,Belgrave - Selby,7.2,18.5,23.5
309101267,Benowa,6.9,18.9,23.5
101021011,Queanbeyan Region,6.9,19.5,23.5
309011227,Mermaid Beach - Broadbeach,7.5,19.5,23.5
211041273,Vermont South,7.6,19.6,23.5
128021607,Engadine,6.5,20.3,23.5
115031299,Bilpin - Colo - St Albans,10.5,21.3,23.5
319011499,Bundaberg Region - South,12.1,21.9,23.5
506031125,Canning Vale - West,5.4,17.2,23.6
303051074,Pallara - Willawong,4.2,17.5,23.6
118021568,Maroubra - West,5,18.8,23.6
210021234,Riddells Creek,7.1,19.3,23.6
509031247,Kulin,9.1,19.6,23.6
128011529,Gymea - Grays Point,6.3,19.7,23.6
303041071,Tarragindi,5.6,19.9,23.6
210021232,Gisborne,6.8,20.1,23.6
801011026,Weetangera,7.7,20.2,23.6
801011001,Aranda,7.5,20.8,23.6
109021178,Wentworth - Buronga,10.1,21,23.6
604031096,Waratah,10.2,21,23.6
215011393,West Wimmera,11.6,21.8,23.6
319011498,Bundaberg Region - North,10.7,22,23.6
702011049,Mount Johns,4.9,14.8,23.7
126021590,Putney,5.4,17.3,23.7
305041134,Bardon,4.9,17.8,23.7
305041132,Ashgrove,5,18.3,23.7
701021027,Tiwi,6.2,18.4,23.7
117031334,Pyrmont - Ultimo,4.6,18.7,23.7
206051133,St Kilda,5.5,19.2,23.7
206051130,Port Melbourne,6.6,19.5,23.7
123031446,Douglas Park - Appin,6.2,19.8,23.7
801011013,Hawker,7.9,20.3,23.7
402051051,Highbury - Dernancourt,8,20.4,23.7
308051535,Gladstone Hinterland,7.2,20.5,23.7
312011339,Clermont,7.8,20.6,23.7
505031257,Two Rocks,8,21.7,23.7
701021025,Nightcliff,5,16.8,23.8
120031576,Strathfield South,5.4,17.8,23.8
301011002,Belmont - Gumdale,6.2,18.8,23.8
507031261,Casuarina - Wandi,4.7,19.3,23.8
316051543,Peregian Beach - Marcus Beach,8.3,19.5,23.8
312021357,Walkerston - Eton,8.1,20.9,23.8
103041079,Orange Region,8.9,21.5,23.8
109031185,Tocumwal - Finley - Jerilderie,11,21.5,23.8
509021239,Gingin - Dandaragan,11.7,22.8,23.8
701011007,Parap,4.9,15.8,23.9
305021116,Hawthorne,4,16.5,23.9
116021309,Glenwood,4.2,17.5,23.9
304011083,Riverhills,5.7,18.6,23.9
207021424,Doncaster East (North),6.7,18.9,23.9
507041177,Bicton - Palmyra,6.9,19.5,23.9
208011172,Hampton,6.5,19.7,23.9
505031105,Mindarie - Quinns Rocks - Jindalee,5.3,19.8,23.9
305031130,Windsor,4.8,19.9,23.9
210021235,Romsey,8.2,20.2,23.9
117031333,Potts Point - Woolloomooloo,7.3,20.4,23.9
602011038,Launceston,9,20.5,23.9
403041076,Coromandel Valley,7.6,20.6,23.9
403041075,Clarendon,9.4,20.7,23.9
113031268,Wagga Wagga - North,6,21.1,23.9
211031451,Croydon - West,7.7,21.1,23.9
701011008,Stuart Park,4.7,16.2,24
120021389,Lilyfield - Rozelle,5.2,18,24
507011148,Banjup,4.1,18.8,24
506031131,Willetton,5.8,18.8,24
309101268,Bundall,6.8,18.8,24
317011452,Middle Ridge,7.2,19.4,24
122031424,Beacon Hill - Narraweena,6.1,19.5,24
701031035,Weddell,7.5,19.6,24
313021369,Wamuran,8,19.9,24
211051285,Wandin - Seville,7.6,20,24
316061440,Caloundra Hinterland,12.4,21.1,24
102011030,Calga - Kulnura,10.1,21.2,24
308051530,Agnes Water - Miriam Vale,12.2,22.3,24
116021562,Acacia Gardens,4,15.7,24.1
305041136,Red Hill (Qld),4.8,18.7,24.1
118021566,Maroubra - North,6.1,19.6,24.1
302011024,Carseldine,7.3,20.4,24.1
112011240,Byron Bay,9.1,21.2,24.1
101051540,Goulburn Region,10.7,21.6,24.1
201021010,Creswick - Clunes,10.8,21.6,24.1
113031264,Gundagai,9.8,21.8,24.1
109031181,Corowa Region,11.3,22.7,24.1
108011154,Tuncurry,15.6,23.4,24.1
505011078,Kingsley,7.1,18.5,24.2
123031448,The Oaks - Oakdale,6.9,19,24.2
301011006,Wellington Point,7,19.9,24.2
801091104,Isaacs,9.2,20.2,24.2
313051542,Scarborough - Newport - Moreton Island,9.8,20.8,24.2
215011387,Ararat Region,11.7,22,24.2
305041135,Paddington - Milton,4.6,17.4,24.3
303031061,Macgregor (Qld),5.5,19.3,24.3
305031120,Alderley,5.1,19.4,24.3
126021498,Gladesville - Huntleys Point,6.1,19.4,24.3
505011081,Padbury,6.5,19.6,24.3
504011048,Noranda,8.2,19.6,24.3
505021094,Trigg - North Beach - Watermans Bay,7.7,19.9,24.3
112011242,Lennox Head - Skennars Head,8.2,20,24.3
128021533,Heathcote - Waterfall,7.5,20.4,24.3
207031162,Blackburn South,7.1,20.8,24.3
316051435,Noosaville,11.6,21.1,24.3
106031123,Seaham - Woodville,8.8,21.8,24.3
509031250,Wagin,11.2,21.9,24.3
701021013,Brinkin - Nakara,4.9,16.7,24.4
125011586,Lidcombe,4.6,18.2,24.4
701021011,Anula,5.5,18.3,24.4
211011255,Lysterfield,5.7,18.3,24.4
304011082,Middle Park - Jamboree Heights,6.2,18.3,24.4
701021029,Wanguri,6,19.3,24.4
305031123,Grange,4.8,19.4,24.4
212021299,Narre Warren North,6.8,19.4,24.4
209011200,Ivanhoe,6.6,19.5,24.4
309081259,Clear Island Waters,9.2,20.4,24.4
309091541,Southport - South,7.8,20.7,24.4
301021013,Victoria Point,9.3,21.9,24.4
319041517,Craignish - Dundowran Beach,10.7,22.8,24.4
701011004,Fannie Bay - The Gardens,6.2,18.2,24.5
208021179,Elsternwick,5.9,19.4,24.5
212051325,Mulgrave,6.6,20.4,24.5
801091100,Curtin,7.4,21.2,24.5
212011287,Beaconsfield - Officer,5.9,21.5,24.5
114021285,Hill Top - Colo Vale,7.7,21.6,24.5
215011389,Horsham Region,9.9,21.6,24.5
101061544,Young Region,11.6,21.9,24.5
509011231,Kojonup,10.3,22,24.5
109031180,Corowa,11.4,22.5,24.5
109031184,Moama,10.5,22.8,24.5
407011149,Yankalilla,13.4,23.1,24.5
106011113,Singleton Region,11,24.2,24.5
305021113,Balmoral,4.7,18.2,24.6
119031368,Hurstville,4.8,18.2,24.6
112031551,Terranora - North Tumblegum,7.3,19.2,24.6
801011003,Bruce,4.9,19.4,24.6
206041124,Parkville,5.3,19.7,24.6
104021088,Korora - Emerald Beach,9,20.6,24.6
302041041,Bracken Ridge,6.5,20.8,24.6
309031236,Biggera Waters,7.8,21.1,24.6
207031165,Burwood,5.6,21.3,24.6
407011145,Kangaroo Island,11.3,21.4,24.6
407021150,Grant,9.8,21.6,24.6
307031184,Clifton - Greenmount,10.3,21.6,24.6
401011001,Adelaide,6.7,21.7,24.6
501021010,Dardanup,9.8,22.6,24.6
318011465,Ingham Region,12.2,22.8,24.6
509021240,Merredin,10.1,22.9,24.6
319021508,Monto - Eidsvold,11.8,22.9,24.6
701021021,Lyons (NT),2.1,15.2,24.7
305031126,Kelvin Grove - Herston,3.4,18,24.7
505021093,Stirling - Osborne Park,6.2,19.4,24.7
211051284,Upwey - Tecoma,7.3,19.8,24.7
801041039,Franklin,3,20.3,24.7
505021092,Scarborough,5.9,20.3,24.7
309011224,Broadbeach Waters,7.7,20.3,24.7
115011554,Castle Hill - East,7.5,20.6,24.7
207021157,Doncaster,7.6,20.9,24.7
316061444,Palmwoods,8.8,20.9,24.7
308011191,Central Highlands - West,9.1,22.1,24.7
217031476,Otway,12.9,22.9,24.7
407031166,Murray Bridge Region,10.9,23,24.7
801071076,Fadden,7.8,18.5,24.8
701021028,Wagaman,5.7,18.6,24.8
119031369,Mortdale - Penshurst,5.9,19.7,24.8
303031066,Wishart,6.2,19.8,24.8
401041014,Athelstone,7.6,20.2,24.8
101031016,Jindabyne - Berridale,8.5,20.6,24.8
211041272,Vermont,6.9,20.8,24.8
317011450,Highfields,8,21.3,24.8
214021382,Mount Martha,8.5,21.7,24.8
306031158,Babinda,11,21.9,24.8
312011338,Broadsound - Nebo,7.7,22.5,24.8
603021069,Bruny Island - Kettering,13,22.7,24.8
407031163,Loxton Region,11.4,23.3,24.8
126021503,West Ryde - Meadowbank,4.7,18.2,24.9
701021010,Alawa,6,18.4,24.9
126021501,North Ryde - East Ryde,6.1,19.5,24.9
209031209,Eltham,7.3,19.7,24.9
118021348,Coogee - Clovelly,5.8,20.1,24.9
301021009,Redland Bay,7,20.8,24.9
505021086,Dianella,7.7,20.8,24.9
211031267,Ringwood East,7.2,21.1,24.9
207021160,Templestowe Lower,8,21.1,24.9
801081091,Chapman,8.7,21.3,24.9
801091103,Hughes,7.6,21.5,24.9
501011003,Busselton Region,8.9,21.9,24.9
112031252,Murwillumbah Region,11.4,22.2,24.9
306011138,Brinsmead,6.1,18.9,25
208031183,Aspendale Gardens - Waterways,6.2,20,25
207031163,Box Hill,5.3,20.2,25
115031300,Kurrajong Heights - Ebenezer,7.3,20.2,25
208021176,Carnegie,5.5,20.5,25
303041070,Salisbury - Nathan,6.1,20.9,25
403041077,Flagstaff Hill,8.1,21.3,25
211051275,Chirnside Park,8.1,21.5,25
110011186,Armidale,8.5,21.6,25
407031161,Karoonda - Lameroo,10.8,22.2,25
407021158,Wattle Range,11.4,22.3,25
319011494,Branyan - Kensington,8.7,22.5,25
101021007,Braidwood,12.1,22.6,25
305011109,New Farm,6.7,20.2,25.1
304031095,Sherwood,6,20.4,25.1
308051536,Kin Kora - Sun Valley,6.4,20.4,25.1
601051027,Hobart,8.5,20.9,25.1
104021086,Coramba - Nana Glen - Bucca,9.4,20.9,25.1
306051169,Malanda - Yungaburra,11,21.7,25.1
405011111,Light,9.2,22.1,25.1
204021067,Wangaratta Region,11.2,22.3,25.1
509011228,Denmark,12.2,22.6,25.1
309031237,Coombabah,11.1,22.8,25.1
104021087,Dorrigo,13.6,23,25.1
206051134,St Kilda East,5,19.9,25.2
306011139,Clifton Beach - Kewarra Beach,8.3,20.6,25.2
601051032,South Hobart - Fern Tree,8,20.8,25.2
212011289,Emerald - Cockatoo,8,20.9,25.2
211011254,Knoxfield - Scoresby,6.8,21.2,25.2
505031258,Yanchep,6,21.3,25.2
801081098,Weston,7.8,21.6,25.2
602031058,Dilston - Lilydale,10.4,21.7,25.2
801081094,Holder,8.7,22.6,25.2
110021193,Inverell Region - West,12,24,25.2
303051075,Parkinson - Drewvale,4.3,17.5,25.3
503021039,Mount Lawley - Inglewood,5.8,18.5,25.3
120011383,Concord - Mortlake - Cabarita,6.8,19.6,25.3
407021157,Tatiara,8.9,21,25.3
308051534,Gladstone,8.1,21.3,25.3
128011530,Miranda - Yowie Bay,7.4,21.4,25.3
128011602,Caringbah,7,21.6,25.3
203021046,Newtown (Vic.),8.2,21.6,25.3
208031190,Mentone,7.7,21.7,25.3
212011288,Bunyip - Garfield,9.1,22.1,25.3
306051168,Kuranda,10.7,22.2,25.3
310021277,Boonah,10.6,22.4,25.3
204021064,Benalla Region,12.6,22.8,25.3
217031475,Corangamite - South,10.3,22.9,25.3
109031182,Deniliquin,11,23.1,25.3
405041124,Kadina,11.3,24.4,25.3
211011258,Rowville - South,6.4,19.3,25.4
305011107,Highgate Hill,5.4,19.7,25.4
118021565,Kingsford,4.5,19.9,25.4
115041301,Pitt Town - McGraths Hill,6.9,20.5,25.4
303021053,Coorparoo,5.8,20.6,25.4
308051531,Boyne Island - Tannum Sands,6.5,20.8,25.4
302041042,Brighton (Qld),7.5,21,25.4
301011003,Birkdale,7.6,21.3,25.4
209011202,Montmorency - Briar Hill,8.1,21.3,25.4
203031049,Lorne - Anglesea,11.6,21.9,25.4
317011445,Cambooya - Wyreema,7.1,22,25.4
302041045,Taigum - Fitzgibbon,6.2,22.1,25.4
103011060,Bathurst Region,11,22.5,25.4
307031186,Southern Downs - West,12.6,23.6,25.4
204011062,Yea,13.5,23.9,25.4
602021054,Deloraine,12.5,24.2,25.4
504021049,Chidlow,8.3,19.3,25.5
126021591,Ryde,5.3,19.7,25.5
509011232,Little Grove - Elleker,10.6,20.6,25.5
505031107,Tapping - Ashby - Sinagra,5.3,20.9,25.5
305021117,Morningside - Seven Hills,4.9,21.2,25.5
208031191,Moorabbin - Heatherton,6.8,21.2,25.5
302031039,Nudgee - Banyo,6.6,21.3,25.5
209011198,Heidelberg - Rosanna,7.3,21.8,25.5
316071545,Bli Bli,8.5,22.2,25.5
113031267,Wagga Wagga - East,8.6,22.3,25.5
203011036,Winchelsea,10.1,22.8,25.5
112021245,Casino Region,12.1,23.1,25.5
103021069,West Wyalong,11,23.5,25.5
509021244,Toodyay,12.9,23.8,25.5
318011463,Dalrymple,10.4,23.9,25.5
120011384,Concord West - North Strathfield,3.9,18.6,25.6
120011385,Drummoyne - Rodd Point,6.7,20.1,25.6
402041171,Mawson Lakes - Globe Derby Park,4.7,20.8,25.6
506031129,Riverton - Shelley - Rossmoyne,6.8,20.8,25.6
211011257,Rowville - North,6.4,20.9,25.6
505021097,Yokine - Coolbinia - Menora,7.3,21.1,25.6
301031015,Manly - Lota,7.8,21.3,25.6
401051017,Norwood (SA),8.3,21.5,25.6
507011152,Coogee,7.5,21.6,25.6
211051280,Montrose,8.1,21.6,25.6
105031103,Dubbo Region,9.8,21.7,25.6
112011237,Ballina Region,10.4,22.2,25.6
203011035,Golden Plains - South,9.4,22.3,25.6
509031246,Brookton,12,22.6,25.6
109011175,Albury Region,10.2,22.8,25.6
509021238,Dowerin,11.2,23,25.6
124011449,Blackheath - Megalong Valley,12.6,23.2,25.6
501011001,Augusta,11,23.3,25.6
602031100,Scottsdale - Bridport,12.1,23.3,25.6
101031013,Bombala,12.1,23.4,25.6
319021503,Gayndah - Mundubbera,11.7,24,25.6
319011500,Millbank - Avoca,11.3,24.1,25.6
701021020,Leanyer,5.6,18,25.7
120031391,Burwood - Croydon,5.3,19.9,25.7
208011171,Cheltenham - Highett (West),6.3,21,25.7
507021165,Fremantle,8.2,21.2,25.7
210011228,Keilor,8.7,21.5,25.7
204011060,Seymour Region,9.3,21.5,25.7
128021538,Sutherland - Kirrawee,7,21.7,25.7
602011051,West Launceston,8.8,22,25.7
312021351,Pioneer Valley,7.5,22.1,25.7
201011005,Buninyong,8.5,22.4,25.7
108041165,Port Macquarie Region,11.7,22.6,25.7
404031109,West Beach,8.9,22.7,25.7
211051276,Healesville - Yarra Glen,9.8,22.8,25.7
302041043,Deagon,8.7,23,25.7
407021151,Kingston - Robe,12.9,23.1,25.7
120021388,Leichhardt - Annandale,5.2,19.4,25.8
206061137,South Yarra - East,5.3,20.4,25.8
801041037,Crace,3.4,20.8,25.8
312021348,Mount Pleasant - Glenella,7.3,21.2,25.8
124011450,Blaxland - Warrimoo - Lapstone,8.2,21.3,25.8
203021042,Highton,8,22.3,25.8
316071548,Nambour,9.2,23,25.8
602021055,Grindelwald - Lanena,12,23.5,25.8
801041044,Harrison,3.3,19.2,25.9
507011161,Success - Hammond Park,4.1,20.1,25.9
210011231,Strathmore,6.7,20.2,25.9
401071024,Unley - Parkside,7.5,20.7,25.9
119041378,Kogarah,5,20.8,25.9
701021024,Moil,6.3,21.1,25.9
102021049,Jilliby - Yarramalong,8.4,21.1,25.9
211051279,Monbulk - Silvan,8.6,21.3,25.9
504021053,Mundaring,8.8,21.6,25.9
124011454,Springwood - Winmalee,8.6,21.8,25.9
211031450,Croydon - East,7.7,22,25.9
801091108,Pearce,8.8,22.2,25.9
107031140,Kiama Hinterland - Gerringong,10.3,22.2,25.9
124011455,Wentworth Falls,11.1,22.3,25.9
214011373,Frankston South,8.8,22.5,25.9
407021156,Penola,10.7,22.5,25.9
104021083,Bellingen,10.7,22.6,25.9
101061541,Yass,9.1,22.7,25.9
202021031,Woodend,9.7,23,25.9
403031070,Panorama,9.2,23.3,25.9
306011141,Redlynch,5.7,20,26
209031213,Plenty - Yarrambat,6.9,20,26
206071140,Carlton North - Princes Hill,7,20.7,26
303021059,Yeronga,6.8,21.2,26
302041044,Sandgate - Shorncliffe,7.7,21.2,26
125041588,Pendle Hill - Girraween,5.2,21.5,26
317011457,Toowoomba - East,8.4,21.7,26
801091106,Mawson,7.9,22.3,26
801091099,Chifley,8.1,22.5,26
306031160,Johnstone,10.7,22.5,26
112031550,Banora Point,11.5,23.8,26
101041020,Bega-Eden Hinterland,13.4,23.8,26
204011057,Mansfield (Vic.),12.2,23.9,26
315011400,Tablelands,12,24.2,26
510031272,Karratha,4.7,17.5,26.1
116021563,Quakers Hill,4.9,19.5,26.1
312011341,Moranbah,5.5,20.2,26.1
119031372,Peakhurst - Lugarno,7.5,21.2,26.1
119011358,Padstow,7.2,21.3,26.1
212051319,Ashwood - Chadstone,6.1,21.6,26.1
211031263,Bayswater North,7.1,21.6,26.1
506061143,Mundijong,7.5,21.6,26.1
302031035,Boondall,7.6,21.6,26.1
403021059,Hallett Cove,8.1,21.7,26.1
302011025,Everton Park,7.1,22.2,26.1
602011049,Trevallyn,8.9,22.2,26.1
313021367,Elimbah,7.9,22.3,26.1
302021027,Aspley,8.9,22.3,26.1
801081092,Duffy,8.3,23.9,26.1
105011094,Coonamble,11.9,24.6,26.1
405041125,Moonta,14.8,25.4,26.1
127031600,Prestons - Edmondson Park,4.3,19.4,26.2
506021123,Victoria Park - Lathlain - Burswood,5.8,20.2,26.2
208021182,Ormond - Glen Huntly,5.3,20.4,26.2
801091110,Torrens,7.8,21.4,26.2
211011446,Boronia,8.3,22.3,26.2
403011057,Glenelg (SA),9.5,22.3,26.2
308051539,West Gladstone,8.5,22.8,26.2
401021009,Nairne,7.8,22.9,26.2
306041164,Daintree,10.7,23,26.2
405021117,Gilbert Valley,11.9,23.4,26.2
217041477,Moyne - East,10.4,23.7,26.2
113031266,Temora,11.6,24.4,26.2
505031103,Madeley - Darch - Landsdale,4.7,20.4,26.3
303011047,Camp Hill,4.9,20.4,26.3
303061080,Sunnybank Hills,6.3,20.7,26.3
117011321,Botany,5.3,20.8,26.3
214011376,Skye - Sandhurst,6.4,21.3,26.3
211011448,Ferntree Gully (South) - Upper Ferntree Gul,7.6,21.6,26.3
601051028,Lenah Valley - Mount Stuart,8.5,21.7,26.3
211041270,Mitcham (Vic.),7.1,21.9,26.3
308031209,Glenlee - Rockyview,7.5,21.9,26.3
211051281,Mooroolbark,7.6,22.1,26.3
316061442,Landsborough,8.7,22.3,26.3
302021029,Chermside West,8,22.4,26.3
113011257,Griffith Region,9.2,22.5,26.3
303031065,Upper Mount Gravatt,6.5,22.9,26.3
211051278,Lilydale - Coldstream,8.8,22.9,26.3
403011056,Brighton (SA),9.9,22.9,26.3
511041292,Northampton - Mullewa - Greenough,11.8,23.2,26.3
602011039,Legana,9.6,23.4,26.3
217011420,Glenelg (Vic.),12.6,23.9,26.3
407011146,Strathalbyn,11.2,24.2,26.3
214021383,Point Nepean,13.3,24.2,26.3
101041024,Eurobodalla Hinterland,13.8,24.6,26.3
205021082,Bruthen - Omeo,12.9,25.1,26.3
603031074,Triabunna - Bicheno,15.7,25.2,26.3
702011051,Ross,9.4,19.6,26.4
305011112,West End,5.4,19.8,26.4
701021023,Millner,6.1,20,26.4
308051538,Telina - Toolooa,5.4,20.9,26.4
506051138,Forrestfield - Wattle Grove,6.5,21.4,26.4
206051132,South Melbourne,6.9,21.6,26.4
308011192,Emerald,6,21.7,26.4
309091263,Ashmore,8.3,21.7,26.4
801061062,Deakin,8.5,21.7,26.4
119011359,Panania - Milperra - Picnic Point,7,21.8,26.4
307031188,Stanthorpe Region,12,23,26.4
401021007,Mount Barker,8.5,23.1,26.4
511041291,Morawa,11.2,23.4,26.4
318011461,Burdekin,10.8,23.6,26.4
604031095,Smithton,10,23.7,26.4
403041083,McLaren Vale,10.8,23.7,26.4
604021092,Turners Beach - Forth,11.7,23.9,26.4
214021377,Dromana,12.9,24,26.4
405011113,Mallala,11.2,24.6,26.4
110021194,Tenterfield,14.6,24.6,26.4
602031061,Northern Midlands,12.4,25.1,26.4
407011144,Goolwa - Port Elliot,16.4,25.8,26.4
125011585,Berala,5.6,19.7,26.5
127011597,West Hoxton - Middleton Grange,4.3,20.1,26.5
311051324,Cornubia - Carbrook,7.2,20.3,26.5
310031290,Karana Downs,6.7,20.4,26.5
211011256,Rowville - Central,6.9,20.4,26.5
208021174,Bentleigh - McKinnon,6.3,20.9,26.5
801041047,Nicholls,7.3,21,26.5
505011070,Craigie - Beldon,6.8,21.2,26.5
209011203,Viewbank - Yallambie,8,22.5,26.5
313021364,Burpengary - East,7.5,22.6,26.5
403041088,Willunga,10.1,22.7,26.5
317011455,Rangeville,9.4,23,26.5
405011115,Tanunda,10.4,23,26.5
123031445,Bargo,8.5,23.2,26.5
201011002,Ballarat,9.7,23.4,26.5
316061441,Glass House Mountains,9.9,23.8,26.5
101061543,Young,10.5,24,26.5
307011174,Inglewood - Waggamba,11.9,24.3,26.5
108051167,Gloucester,14.1,24.6,26.5
103021068,Parkes Region,13,25.6,26.5
801041040,Gungahlin,4.9,19.5,26.6
125041492,Parramatta - Rosehill,3.5,20.4,26.6
401061020,Nailsworth - Broadview,7,21,26.6
207011146,Ashburton (Vic.),6.3,21.3,26.6
509031248,Murray,10,21.4,26.6
302031040,Nundah,5.7,21.6,26.6
124031463,Mulgoa - Luddenham - Orchard Hills,6.6,21.6,26.6
127021518,Horsley Park - Kemps Creek,7.9,21.8,26.6
309081261,Robina,8.4,22,26.6
309061246,Carrara,9.2,22,26.6
308031219,Rockhampton Region - North,10.5,22.2,26.6
309011225,Burleigh Heads,9.5,22.8,26.6
112021247,Kyogle,13.3,24,26.6
503021038,Mount Hawthorn - Leederville,5.1,19.9,26.7
303061077,Kuraby,5.1,20.1,26.7
120031390,Ashfield,5.6,20.9,26.7
504031058,Bullsbrook,7.7,20.9,26.7
212051320,Clayton,3.9,21.5,26.7
302011022,Bald Hills,6.7,21.9,26.7
601041026,Taroona - Bonnet Hill,9.7,22.4,26.7
506051139,High Wycombe,7.6,22.5,26.7
208031189,Edithvale - Aspendale,7.7,22.5,26.7
203031053,Torquay,8.1,22.6,26.7
402021033,One Tree Hill,10.1,23.1,26.7
306031161,Tully,11.1,23.6,26.7
316051438,Tewantin,11.9,23.9,26.7
203031052,Point Lonsdale - Queenscliff,14.2,23.9,26.7
702051067,Katherine,8.8,24.3,26.7
801091105,Lyons (ACT),9.1,24.3,26.7
205031087,Foster,14.1,24.8,26.7
303041068,Moorooka,6.3,22.2,26.8
209041435,South Morang (North),4.8,22.4,26.8
207021156,Bulleen,8.7,22.6,26.8
211051286,Yarra Valley,10.4,23.8,26.8
307021182,Pittsworth,9.8,24.2,26.8
312011340,Collinsville,11.9,24.8,26.8
217031474,Corangamite - North,12.6,24.9,26.8
103031074,Mudgee Region - West,12.4,25.2,26.8
215011390,Nhill Region,12.9,25.3,26.8
303061079,Sunnybank,5.9,21,26.9
302031038,Northgate - Virginia,6.3,21.6,26.9
309061249,Pacific Pines - Gaven,5.8,22,26.9
306011142,Trinity Beach - Smithfield,6.9,22,26.9
303011049,Carina,6.8,22.2,26.9
309011228,Mermaid Waters,8.8,23,26.9
202021026,Bendigo Region - South,9.6,23.4,26.9
602011043,Norwood (Tas.),10.7,23.4,26.9
113021261,Tumut,10.9,25,26.9
405021118,Goyder,13.1,25.1,26.9
113031263,Cootamundra,12.9,25.4,26.9
216021412,Moira,13.5,25.8,26.9
307011178,Tara,14.6,26.4,26.9
309091265,Parkwood,6.4,20.4,27
211011260,Wantirna South,7.5,20.6,27
119041379,Kogarah Bay - Carlton - Allawah,6.3,21.4,27
211011259,Wantirna,7.9,21.4,27
306011140,Freshwater - Stratford,7.6,21.5,27
123011434,Elderslie - Harrington Park,5.8,22.1,27
501031019,Manjimup,9.6,22.4,27
125041493,Toongabbie - Constitution Hill,7.1,22.6,27
102011039,Terrigal - North Avoca,9,22.7,27
407031168,Renmark Region,10.3,22.7,27
312031359,Airlie - Whitsundays,8.5,22.9,27
402051054,Redwood Park,8.6,23,27
110031196,Moree Region,9.6,23,27
211041269,Forest Hill,7.9,23.1,27
403021060,Marino - Seaview Downs,9.2,23.3,27
203011034,Bannockburn,7.4,23.5,27
402051049,Golden Grove,8.7,23.6,27
801011005,Cook,9.4,23.6,27
124011452,Katoomba - Leura,12.2,23.8,27
113031265,Junee,10.7,24.3,27
309021230,Coolangatta,12.2,24.3,27
114011272,Berry - Kangaroo Valley,14,24.5,27
103021064,Cowra Region,13.1,24.8,27
319011497,Bundaberg North - Gooburrum,12.5,25.2,27
604021091,Sheffield - Railton,13.6,26.2,27
119011571,Bankstown - North,5.3,20.9,27.1
206071145,Yarra - North,6.7,20.9,27.1
601051033,West Hobart,7.9,21.4,27.1
401071023,Goodwood - Millswood,7.4,21.7,27.1
208021426,Bentleigh East (North),6.3,22,27.1
209011197,Greensborough,8.1,22.1,27.1
303031062,Mansfield (Qld),7.1,22.7,27.1
119041382,Sans Souci - Ramsgate,8.8,22.8,27.1
301031016,Manly West,7.9,23.4,27.1
404011092,Henley Beach,8.9,23.4,27.1
215031401,Gannawarra,13.1,24.6,27.1
801041035,Bonner,3,19.8,27.2
311061335,Underwood,5.3,21,27.2
125041491,Northmead,4.8,21.9,27.2
211051283,Mount Evelyn,7.9,22.7,27.2
202011024,Strathfieldsaye,8,23,27.2
309011229,Miami,8.2,23.1,27.2
317011451,Lockyer Valley - West,9.4,23.6,27.2
202011023,Maiden Gully,8.1,23.7,27.2
506061144,Serpentine - Jarrahdale,9.5,23.9,27.2
205051102,Rosedale,10.8,24.3,27.2
215031405,Swan Hill Region,11.7,24.6,27.2
602021057,Westbury,12.6,24.8,27.2
204011054,Alexandra,14.5,25.3,27.2
117031330,Erskineville - Alexandria,4.6,20.3,27.3
208021181,Murrumbeena,5.7,20.7,27.3
801061064,Griffith (ACT),7,20.7,27.3
304031093,Corinda,6.5,21.1,27.3
208021427,Bentleigh East (South),7.1,22.2,27.3
403031068,Colonel Light Gardens,7.2,22.4,27.3
208031193,Mordialloc - Parkdale,7.4,22.5,27.3
211041271,Nunawading,7.2,23.2,27.3
801011009,Flynn (ACT),8.9,23.2,27.3
201011007,Smythes Creek,8.8,23.4,27.3
208031188,Cheltenham - Highett (East),8.2,23.5,27.3
402051055,St Agnes - Ridgehaven,9.8,23.9,27.3
509011234,Plantagenet,12.2,24,27.3
511011274,Esperance,10.3,24.3,27.3
406011131,Kimba - Cleve - Franklin Harbour,11.4,24.7,27.3
307021181,Millmerran,11.8,24.7,27.3
204011055,Euroa,14.3,24.7,27.3
405031121,Peterborough - Mount Remarkable,14.7,25.8,27.3
407011148,Victor Harbor,16.3,26.5,27.3
127011593,Cecil Hills,5.7,19.3,27.4
127031524,Holsworthy - Wattle Grove,4.9,19.9,27.4
303051072,Algester,6.4,21.7,27.4
213051465,Point Cook - North,4.3,21.9,27.4
120031392,Canterbury (North) - Ashbury,6.7,21.9,27.4
119021364,Kingsgrove (North) - Earlwood,7.8,22.8,27.4
312021354,Shoal Point - Bucasia,7.2,23.4,27.4
309021233,Elanora,9.4,23.4,27.4
501011004,Margaret River,8.2,23.5,27.4
404031105,Fulham,10,23.8,27.4
801011022,Melba,9.3,23.9,27.4
102011041,Wamberal - Forresters Beach,9,24,27.4
307011175,Miles - Wandoan,10.1,24.3,27.4
125021478,Oatlands - Dundas Valley,6.6,21.3,27.5
119041376,Bexley,6.2,21.7,27.5
123011433,Camden - Ellis Lane,7.7,22.4,27.5
125031482,Greystanes - Pemulwuy,7,22.9,27.5
314021390,North Lakes - Mango Hill,5.1,23,27.5
504011047,Morley,7.9,23.2,27.5
602011046,Riverside,9.6,23.4,27.5
208031187,Chelsea Heights,8.6,23.5,27.5
309011226,Burleigh Waters,9.1,23.7,27.5
309031238,Labrador,9.4,23.7,27.5
602031062,Perth - Evandale,10.9,23.9,27.5
407021154,Naracoorte,9.5,24.3,27.5
212011290,Koo Wee Rup,9.7,24.5,27.5
319041516,Booral - River Heads,11.6,24.7,27.5
405031120,Jamestown,12.3,24.7,27.5
319011492,Ashfield - Kepnock,9.8,25,27.5
509021245,York - Beverley,14.2,25.4,27.5
602031060,Longford,12.8,25.6,27.5
507011259,Beeliar - Wattleup,5.2,21.4,27.6
401051019,St Peters - Marden,7.4,21.7,27.6
301031018,Tingalpa,7.1,22.6,27.6
112011243,Mullumbimby,11.1,22.6,27.6
119041380,Monterey - Brighton-le-Sands - Kyeemagh,8.1,23.1,27.6
306011143,Yorkeys Knob - Machans Beach,10.4,23.5,27.6
210011229,Keilor East,9.1,23.7,27.6
309091540,Southport - North,7.7,23.8,27.6
203031050,Ocean Grove - Barwon Heads,9.3,24,27.6
316021423,Parrearra - Warana,10.1,24.2,27.6
509011227,Bayonet Head - Lower King,10.2,24.4,27.6
112031250,Kingscliff - Fingal Head,10.7,24.6,27.6
311011305,Beaudesert,11.2,25.2,27.6
502011024,Halls Head - Erskine,11,25.4,27.6
604031097,West Coast (Tas.),12.4,25.9,27.6
110021190,Glen Innes,13.7,26.1,27.6
602021053,Beauty Point - Beaconsfield,15.9,26.3,27.6
309091264,Molendinar,6.8,21,27.7
505031100,Carramar,4.2,21.2,27.7
209031210,Hurstbridge,8,22.4,27.7
801011010,Fraser,9.7,22.6,27.7
212051326,Oakleigh - Huntingdale,6.3,22.7,27.7
309071254,Jacobs Well - Alberton,10.1,23.2,27.7
401041016,Rostrevor - Magill,8.1,23.3,27.7
309021231,Currumbin - Tugun,9.7,23.8,27.7
404011096,West Lakes,11.7,24.2,27.7
217031471,Camperdown,14,26.5,27.7
503021040,North Perth,6,20.9,27.8
119021363,Canterbury (South) - Campsie,5.9,21.9,27.8
125011584,Auburn - South,5.6,22,27.8
209041437,Wollert,3.8,22.2,27.8
505031101,Clarkson,5.8,22.2,27.8
102011028,Avoca Beach - Copacabana,8,22.5,27.8
311061334,Springwood,8,22.9,27.8
211011447,Ferntree Gully (North),8.5,23.5,27.8
316021418,Buddina - Minyama,10.4,23.9,27.8
801081096,Stirling,10.6,23.9,27.8
202021028,Castlemaine Region,13.9,24.9,27.8
103041076,Blayney,11.2,25.2,27.8
405011114,Nuriootpa,11,25.3,27.8
205031090,Leongatha,11.8,25.5,27.8
407031169,The Coorong,13.1,25.6,27.8
701041036,Bakewell,4.4,19.4,27.9
212031306,Lynbrook - Lyndhurst,4.3,21,27.9
313041374,Morayfield,8.5,21.3,27.9
125041489,North Parramatta,5.4,21.6,27.9
504011046,Maylands,6.2,21.6,27.9
119031370,Narwee - Beverly Hills,7.4,22.3,27.9
119011360,Revesby,7.1,22.5,27.9
118021350,Malabar - La Perouse - Chifley,7.9,23,27.9
211031266,Ringwood,7.5,23.2,27.9
124011453,Lawson - Hazelbrook - Linden,9.7,23.4,27.9
110031198,Narrabri Region,11.1,23.9,27.9
402011025,Gawler - North,8.6,24.2,27.9
407021173,Mount Gambier - East,9.8,24.3,27.9
211051277,Kilsyth,9.4,24.4,27.9
318021489,Townsville - South,10.9,24.6,27.9
103011061,Oberon,12.3,24.8,27.9
316021421,Golden Beach - Pelican Waters,12.9,25.1,27.9
108051170,Taree Region,15.6,26.2,27.9
110021192,Inverell Region - East,13.2,27.2,27.9
602031064,St Helens - Scamander,16.8,27.4,27.9
309061250,Worongary - Tallai,8.3,22.2,28
212021294,Berwick - South,5.3,22.6,28
213041463,Caroline Springs,5.3,23,28
310031294,Ripley,5.8,23.4,28
124031465,Warragamba - Silverdale,7.5,23.4,28
212041313,Dingley Village,9.3,23.5,28
505021084,Balcatta - Hamersley,8.7,23.7,28
214021385,Somerville,9.7,23.9,28
102011029,Box Head - MacMasters Beach,11.1,24.4,28
603021070,Cygnet,13.7,25.4,28
509021237,Cunderdin,12.4,25.8,28
101041025,Merimbula - Tura Beach,14.7,26,28
205051104,Yarram,14.8,26.3,28
319051525,Maryborough Region - South,17.1,27.8,28
701021022,Malak - Marrara,7.4,20.6,28.1
125011583,Auburn - North,3.8,21.5,28.1
125011582,Auburn - Central,4.9,22.1,28.1
801011021,McKellar,8.9,22.1,28.1
125021477,Ermington - Rydalmere,6.5,22.3,28.1
801051060,Turner,6.6,22.5,28.1
125041589,Wentworthville - Westmead,5.1,22.7,28.1
206061136,Prahran - Windsor,6,22.8,28.1
309071252,Helensvale,8.3,23.1,28.1
301011005,Thorneside,9.1,23.3,28.1
312021352,Sarina,10,24.2,28.1
310031288,Ipswich - North,7.8,24.5,28.1
111011213,Valentine - Eleebana,10.3,24.5,28.1
111031228,Merewether - The Junction,8.8,24.8,28.1
214021380,Mornington,11.9,25.2,28.1
601041024,Margate - Snug,9.5,25.3,28.1
103021062,Condobolin,11.9,25.6,28.1
209031215,Wattle Glen - Diamond Creek,7.3,21.7,28.2
212021453,Endeavour Hills - North,7.5,22.7,28.2
116011560,Blacktown (South),6.5,23.3,28.2
207021425,Doncaster East (South),7.9,23.5,28.2
208031185,Carrum - Patterson Lakes,9.3,23.8,28.2
302021030,Geebung,7.7,24.1,28.2
404031106,Lockleys,8.6,24.2,28.2
107031139,Kiama Downs - Minnamurra,10.1,24.3,28.2
306051166,Atherton,11.7,24.9,28.2
103021066,Grenfell,14.2,25.9,28.2
319041518,Pialba - Eli Waters,14.5,27.7,28.2
511031280,Kalgoorlie - North,5.8,21.7,28.3
318021468,Annandale,7,22.2,28.3
127031523,Chipping Norton - Moorebank,6.6,22.3,28.3
801011007,Evatt,8.2,22.5,28.3
127011506,Cobbitty - Leppington,5.7,23.2,28.3
124041468,Yarramundi - Londonderry,7.9,23.8,28.3
402051050,Greenwith,7.8,24,28.3
201011001,Alfredton,7.7,24.5,28.3
509011230,Katanning,10.4,25.2,28.3
205031089,Korumburra,12.2,25.3,28.3
602011042,Newstead,10.2,25.4,28.3
102011031,Erina - Green Point,11.3,25.5,28.3
106041129,Scone Region,11.7,26.1,28.3
112031552,Tweed Heads South,14.7,26.8,28.3
319041519,Point Vernon,14.3,27.3,28.3
311051327,Shailer Park,7,21.1,28.4
311061329,Daisy Hill,7.3,21.6,28.4
206031114,Essendon - Aberfeldie,6.7,22,28.4
505031108,Wanneroo,7.1,23.4,28.4
313041376,Upper Caboolture,8.9,23.4,28.4
801011025,Spence,9.6,23.8,28.4
602021056,Hadspen - Carrick,9.9,24.3,28.4
507051191,Singleton - Golden Bay - Secret Harbour,5.5,24.4,28.4
215031400,Buloke,13.4,25.3,28.4
204011058,Nagambie,13.2,25.5,28.4
304041100,Keperra,9.8,25.6,28.4
306051167,Herberton,14.8,26.2,28.4
108051168,Old Bar - Manning Point - Red Head,14.3,26.3,28.4
407031170,Waikerie,13.8,26.5,28.4
103021065,Forbes,12.3,26.9,28.4
303061078,Runcorn,5.1,20.9,28.5
123011435,Mount Annan - Currans Hill,5.5,21.8,28.5
312021350,Ooralea - Bakers Creek,7.2,22.5,28.5
303011048,Cannon Hill,5.8,22.7,28.5
506031128,Parkwood - Ferndale - Lynwood,8,22.7,28.5
119041377,Kingsgrove (South) - Bardwell Park,7.9,23,28.5
120031394,Dulwich Hill - Lewisham,6.7,23.1,28.5
309061247,Highland Park,9,23.6,28.5
402051053,Modbury Heights,9,23.6,28.5
102011033,Kariong,7.7,24.1,28.5
123031447,Picton - Tahmoor - Buxton,8.5,24.3,28.5
217041478,Moyne - West,11.3,25,28.5
210031439,Gowanbrae,7.2,25.3,28.5
319011496,Bundaberg East - Kalkie,9.9,25.3,28.5
316021422,Moffat Beach - Battery Hill,11,25.3,28.5
216011408,Lockington - Gunbower,11.5,25.7,28.5
215011391,St Arnaud,14.3,25.9,28.5
307021179,Crows Nest - Rosalie,13.4,26.4,28.5
117021327,Petersham - Stanmore,6,22.3,28.6
308051533,Clinton - New Auckland,5.4,22.7,28.6
511041288,Geraldton - South,7.6,23.2,28.6
310041303,Springfield,5.7,23.4,28.6
505021095,Tuart Hill - Joondanna,7.1,23.7,28.6
403041071,Aberfoyle Park,8.9,23.9,28.6
801011017,Latham,8.5,24.6,28.6
504031065,Middle Swan - Herne Hill,9.8,24.7,28.6
109011172,Albury - East,8.4,24.8,28.6
215021398,Mildura Region,12.6,24.8,28.6
316061439,Beerwah,10.1,25.2,28.6
217011421,Hamilton (Vic.),12.2,25.5,28.6
603031073,Forestier - Tasman,17.1,26.3,28.6
319051526,Tinana,13.1,27.1,28.6
319021504,Gin Gin,15.6,27.9,28.6
101021012,Queanbeyan West - Jerrabomberra,6,22.2,28.7
801011011,Giralang,8.5,23.3,28.7
505021088,Innaloo - Doubleview,6.9,23.4,28.7
311061332,Rochedale South - Priestdale,7.7,23.5,28.7
316011414,Buderim - South,9,24.2,28.7
112011239,Brunswick Heads - Ocean Shores,11.4,24.4,28.7
212021293,Berwick - North,9.1,24.7,28.7
405021116,Clare,11.1,25,28.7
107031138,Kiama,12.3,25.2,28.7
110041200,Gunnedah Region,12.1,25.3,28.7
407021174,Mount Gambier - West,10.7,25.8,28.7
702011046,East Side,7,20,28.8
401061021,Prospect,6.7,21.4,28.8
301031017,Murarrie,5.8,21.5,28.8
212021454,Endeavour Hills - South,7.6,21.9,28.8
206071139,Abbotsford,5.3,22.3,28.8
119011572,Bankstown - South,6.1,22.3,28.8
120031393,Croydon Park - Enfield,7.1,22.3,28.8
303041067,Coopers Plains,6.1,22.7,28.8
209031211,Kinglake,9.4,23.2,28.8
210011230,Niddrie - Essendon West,7.3,23.5,28.8
212031457,Narre Warren South (East),6.5,24,28.8
214011374,Langwarrin,8.9,25,28.8
114011281,Tomerong - Wandandian - Woollamia,11.9,25,28.8
601041023,Kingston Beach - Blackmans Bay,10.7,25.1,28.8
403041080,Happy Valley,10,25.2,28.8
202021030,Kyneton,11.8,25.6,28.8
108041163,Port Macquarie - East,12.3,26.4,28.8
106011110,Dungog,12.7,26.5,28.8
114011283,Ulladulla Region,15.8,26.7,28.8
405021119,Wakefield - Barunga West,13,27,28.8
319041520,Torquay - Scarness - Kawungan,14.6,27.4,28.8
310021278,Esk,15.4,27.6,28.8
108021159,Nambucca Heads Region,15,27.8,28.8
506041135,Huntingdale - Southern River,4.9,21.6,28.9
120031395,Haberfield - Summer Hill,6.4,21.8,28.9
213051366,Truganina,3.1,22.2,28.9
801071079,Gowrie (ACT),9.1,22.9,28.9
301011004,Capalaba,8,23.2,28.9
507021166,Fremantle - South,8.8,23.5,28.9
314021389,Murrumba Downs - Griffin,6.5,24.7,28.9
401041015,Paradise - Newton,9,24.7,28.9
212041460,Noble Park - West,7.4,24.8,28.9
506011114,Kelmscott,9.7,24.8,28.9
308031206,Bouldercombe,11.2,24.8,28.9
301031021,Wynnum West - Hemmant,8.1,25.1,28.9
113031269,Wagga Wagga - South,8.5,25.2,28.9
306051170,Mareeba,11,25.9,28.9
319031515,Kilkivan,14.5,26.2,28.9
319011502,Walkervale - Avenell Heights,11.8,26.8,28.9
603021071,Geeveston - Dover,14.5,26.8,28.9
319041521,Urangan - Wondunna,13.6,27.3,28.9
801071083,Macarthur,7.5,20,29
211011449,The Basin,7.6,22.3,29
303021057,Holland Park West,6.3,22.8,29
120011386,Five Dock - Abbotsford,7.6,22.9,29
801011016,Kaleen,8.7,23,29
119011356,Condell Park,6.6,23.4,29
801051056,Hackett,8.2,23.7,29
511031278,Boulder,7.8,24.6,29
507051185,Baldivis,5.6,25,29
112031253,Pottsville,10.5,25.5,29
602011052,Youngtown - Relbia,10.9,25.5,29
402051052,Hope Valley - Modbury,10.4,26.1,29
209041225,Whittlesea,10.2,26.3,29
104021085,Coffs Harbour - South,12.1,26.6,29
604021089,Port Sorell,13.9,26.7,29
204021065,Rutherglen,13,26.8,29
114011276,Huskisson - Vincentia,14.4,26.9,29
205051100,Longford - Loch Sport,14.5,26.9,29
604011078,Parklands - Camdale,11.5,27.6,29
108041162,Laurieton - Bonny Hills,16.2,27.9,29
510021270,South Hedland,5.6,20.5,29.1
127011595,Hinchinbrook,5.6,21.6,29.1
701021018,Jingili,6.2,21.6,29.1
310011273,Forest Lake - Doolandella,6.1,22.9,29.1
506041137,Thornlie,7.8,23.1,29.1
116011561,Blacktown (West),6.3,23.2,29.1
212031458,Narre Warren South (West),5.7,23.7,29.1
212041314,Keysborough,6.8,23.9,29.1
501021252,Gelorup - Stratham,9,24,29.1
109011174,Albury - South,10.8,24.2,29.1
119021367,Roselands,7.4,24.5,29.1
308031218,Rockhampton Region - East,11.1,24.5,29.1
117031331,Glebe - Forest Lodge,7.3,24.6,29.1
204031075,Yackandandah,11.4,24.7,29.1
209011196,Bundoora - East,8.5,25,29.1
309021234,Palm Beach,9.7,25.1,29.1
307021180,Jondaryan,10.4,26,29.1
801081097,Waramanga,9.6,26.1,29.1
502011027,Mandurah - North,7.8,26.2,29.1
502011021,Dawesville - Bouvard,11.2,26.6,29.1
101041021,Broulee - Tomakin,14.3,26.8,29.1
106031124,Tea Gardens - Hawks Nest,19.3,27.8,29.1
304041101,Mitchelton,6.6,23.4,29.2
303021055,Greenslopes,5.6,23.5,29.2
309081262,Varsity Lakes,7.1,24.2,29.2
312021358,West Mackay,9.4,24.3,29.2
601021012,South Arm,10.5,24.3,29.2
301031020,Wynnum,8.5,24.5,29.2
504031067,Stratton - Jane Brook,7.7,24.8,29.2
211011251,Bayswater,8.6,25.2,29.2
603021072,Huonville - Franklin,11.2,25.7,29.2
104021090,Urunga,14.5,26.3,29.2
215011394,Yarriambiack,14.2,26.5,29.2
106041127,Muswellbrook Region,11,26.6,29.2
319011501,Svensson Heights - Norville,11.9,26.7,29.2
106031121,Nelson Bay Peninsula,14.7,27.1,29.2
114011273,Callala Bay - Currarong,16.5,28.7,29.2
117011322,Mascot - Eastlakes,5.8,23.1,29.3
310031289,Karalee - Barellan Point,7.6,23.2,29.3
504011045,Bayswater - Embleton - Bedford,7.3,23.5,29.3
310021282,Rosewood,10.4,25.4,29.3
318021483,Magnetic Island,15.6,25.6,29.3
112021246,Goonellabah,11.3,26.2,29.3
509021243,Northam,11.8,26.3,29.3
505031099,Butler - Merriwa - Ridgewood,6.9,26.4,29.3
405031123,Port Pirie Region,12.4,26.6,29.3
405041126,Wallaroo,16.1,27.8,29.3
302021034,Wavell Heights,6.6,23.2,29.4
504031061,Hazelmere - Guildford,8,23.4,29.4
208021180,Hughesdale,6.2,23.5,29.4
116011308,Seven Hills - Toongabbie,7,23.6,29.4
310011275,Oxley (Qld),6.8,24.2,29.4
506061142,Byford,5.5,24.3,29.4
212041309,Clarinda - Oakleigh South,9.3,24.7,29.4
316011413,Buderim - North,11.6,25.7,29.4
304041098,Enoggera,7,25.9,29.4
101051539,Goulburn,10.6,26.2,29.4
112031254,Tweed Heads,13.7,26.9,29.4
217011422,Portland,13.3,27.4,29.4
205031091,Phillip Island,14.1,27.6,29.4
205021086,Paynesville,17.8,28.7,29.4
117031332,Newtown - Camperdown - Darlington,5.1,22,29.5
107041148,Thirroul - Austinmer - Coalcliff,8.4,23.1,29.5
801011002,Belconnen,5.2,23.4,29.5
301011001,Alexandra Hills,8.1,23.4,29.5
506011117,Seville Grove,5.8,24.3,29.5
118021567,Maroubra - South,7.9,24.8,29.5
210041240,Sunbury,8.9,24.8,29.5
801081093,Fisher,9.6,25.7,29.5
204031072,Towong,14.8,26.8,29.5
101041027,Narooma - Bermagui,17.7,27.5,29.5
511031279,Kalgoorlie,6.4,22.8,29.6
119041381,Rockdale - Banksia,5.6,22.9,29.6
403021063,Sheidow Park - Trott Park,7.1,23,29.6
318021490,Townsville City - North Ward,9,23.4,29.6
309081260,Merrimac,7.8,23.8,29.6
213021346,Williamstown,8.2,23.9,29.6
124031459,Emu Plains - Leonay,9.1,24.6,29.6
303031063,Mount Gravatt,6.8,24.8,29.6
216031418,Shepparton Region - East,11.6,24.8,29.6
208031186,Chelsea - Bonbeach,9.2,25.1,29.6
203021039,Geelong,10,25.1,29.6
601051030,New Town,9.7,25.3,29.6
404031107,Plympton,8.6,25.7,29.6
507011160,Spearwood,9.7,25.7,29.6
205051101,Maffra,12.1,26.4,29.6
203021044,Leopold,10.2,26.5,29.6
112011236,Ballina,14.2,26.6,29.6
316021420,Caloundra - West,9.3,27.2,29.6
604021090,Quoiba - Spreyton,11.5,27.4,29.6
101041026,Moruya - Tuross Head,16.6,27.6,29.6
801071073,Calwell,7.6,22.2,29.7
511041287,Geraldton - North,8.4,24.8,29.7
209041434,Mernda,5.1,25.3,29.7
310041296,Bellbird Park - Brookwater,5.8,25.3,29.7
119011354,Bass Hill - Georges Hall,8.2,25.3,29.7
604011079,Penguin - Sulphur Creek,12.1,26.2,29.7
104021091,Woolgoolga - Arrawarra,12,26.3,29.7
307021183,Wambo,10.3,26.6,29.7
106011107,Branxton - Greta - Pokolbin,10.2,26.9,29.7
202031032,Bendigo Region - North,12.9,28,29.7
319021509,Nanango,17,29.8,29.7
313041375,Narangba,6.4,24.1,29.8
504031059,Ellenbrook,5.2,24.5,29.8
102011036,Niagara Park - Lisarow,8.9,24.5,29.8
801051061,Watson,7.1,24.9,29.8
504021051,Helena Valley - Koongamia,9.2,25.1,29.8
308031222,The Range - Allenstown,9.2,25.2,29.8
312031361,Proserpine,11.4,25.2,29.8
111031229,Newcastle - Cooks Hill,9.6,25.3,29.8
107041146,Figtree - Keiraville,8.8,25.5,29.8
407031164,Mannum,15.3,27.3,29.8
502011026,Mandurah - East,13.6,27.5,29.8
106011109,Cessnock Region,12.5,27.9,29.8
125011587,Regents Park,6.8,22.7,29.9
127011596,Hoxton Park - Carnes Hill - Horningsea Park,4.9,23,29.9
801011019,Macgregor (ACT),5.7,23.5,29.9
212041459,Noble Park - East,6.9,25.1,29.9
210011226,Airport West,9.3,25.4,29.9
205011077,Mount Baw Baw Region,13.3,26.4,29.9
113031270,Wagga Wagga - West,10.1,26.6,29.9
319031514,Gympie Region,13.4,27.1,29.9
103031071,Lithgow Region,13.5,27.4,29.9
202031033,Loddon,16.3,28.3,29.9
701041037,Driver,5.5,18,30
801071088,Theodore,7.7,23,30
119021573,Lakemba,4.8,23.4,30
209021205,Kingsbury,5.8,23.4,30
507011159,South Lake - Cockburn Central,7.9,24,30
101021010,Queanbeyan - East,8.2,24.3,30
102021051,Ourimbah - Fountaindale,9.4,24.4,30
311051325,Loganholme - Tanah Merah,7.9,24.6,30
210051444,Craigieburn - West,3.7,25,30
402011027,Lewiston - Two Wells,9.4,25.2,30
407031159,Barmera,12.6,26.2,30
203021041,Grovedale,9.1,26.3,30
502011022,Falcon - Wannanup,12.4,27.3,30
217031472,Colac,12.2,27.7,30
215031402,Kerang,14.3,27.7,30
205021085,Orbost,16.8,28.4,30
124031460,Glenmore Park - Regentville,6.3,22.8,30.1
801051058,O'Connor (ACT),7.7,24,30.1
117011323,Pagewood - Hillsdale - Daceyville,7.7,25,30.1
316031428,Mooloolaba - Alexandra Headland,10.7,25,30.1
317011449,Gowrie (Qld),7.7,25.1,30.1
209011204,Watsonia,9.1,25.2,30.1
212021297,Hallam,7.8,25.5,30.1
509031249,Narrogin,11.5,26.2,30.1
501021007,Capel,11.6,26.7,30.1
313051379,Redcliffe,13.9,27.1,30.1
202021027,Castlemaine,14.2,27.1,30.1
110041205,Tamworth Region,12.7,27.3,30.1
202011020,East Bendigo - Kennington,12.5,27.7,30.1
310021280,Lockyer Valley - East,11.7,27.9,30.1
213041462,Burnside Heights,3.9,22.7,30.2
302021031,Kedron - Gordon Park,6.1,23.9,30.2
303021058,Woolloongabba,5.4,24.5,30.2
119021574,Wiley Park,5.3,24.6,30.2
801071082,Kambah,10.4,25.4,30.2
302021033,Stafford Heights,9.5,25.6,30.2
307011173,Goondiwindi,10.1,26.8,30.2
201011003,Ballarat - North,10.8,26.9,30.2
204031069,Bright - Mount Beauty,14.2,27.5,30.2
105031104,Gilgandra,13.7,27.7,30.2
102011034,Kincumber - Picketts Valley,12.7,27.8,30.2
201031014,Beaufort,14.7,28.2,30.2
201031013,Avoca,16.7,28.2,30.2
103031073,Mudgee Region - East,16.8,29.2,30.2
319051522,Burrum - Fraser,17.8,29.7,30.2
317011458,Toowoomba - West,7.8,24,30.3
303011050,Carina Heights,7.4,24.7,30.3
127011505,Austral - Greendale,9.3,24.7,30.3
506021119,East Victoria Park - Carlisle,6.7,24.8,30.3
601021005,Cambridge,10,25.2,30.3
307011176,Roma,9,26.5,30.3
307011172,Chinchilla,10.3,27.3,30.3
101041018,Batemans Bay - South,16.2,28.1,30.3
318021474,Douglas,5,22,30.4
305031127,Newmarket,5.4,23.5,30.4
209041216,Bundoora - North,5.9,23.7,30.4
511041289,Irwin,13.4,26.4,30.4
406011130,Eyre Peninsula,12.6,26.7,30.4
509011225,Albany,12.8,26.7,30.4
101031014,Cooma,12.7,26.9,30.4
318011464,Ingham,13.8,27.3,30.4
801011024,Scullin,9,27.8,30.4
205031093,Wonthaggi - Inverloch,14.9,28.3,30.4
106031119,Anna Bay,13.5,28.4,30.4
604011081,Somerset,13.6,28.4,30.4
604011083,West Ulverstone,14.3,29.5,30.4
119041375,Arncliffe - Bardwell Valley,5,23.2,30.5
314031393,Petrie,8,23.9,30.5
212021456,Narre Warren - South West,7.4,24.5,30.5
506021118,Belmont - Ascot - Redcliffe,7.9,25.1,30.5
801051057,Lyneham,8.3,25.7,30.5
401051018,Payneham - Felixstow,9.4,26.1,30.5
113011256,Griffith (NSW),9.4,26.8,30.5
601021007,Howrah - Tranmere,12,27.2,30.5
214011375,Seaford (Vic.),11.3,27.4,30.5
407031162,Loxton,12.6,27.4,30.5
403021064,Warradale,10.6,27.7,30.5
317011448,Gatton,9.6,28.2,30.5
108021156,Kempsey Region,15.8,28.5,30.5
303021052,Annerley,5.9,24,30.6
206031116,Moonee Ponds,7.1,24.1,30.6
119011361,Yagoona - Birrong,7.4,24.7,30.6
504011044,Bassendean - Eden Hill - Ashfield,8.7,24.9,30.6
506041132,Beckenham - Kenwick - Langford,7.1,25.4,30.6
309021232,Currumbin Waters,10,25.7,30.6
306021145,Cairns City,9.1,25.9,30.6
501021253,South Bunbury - Bunbury,10.8,25.9,30.6
104021089,Sawtell - Boambee,12.3,27,30.6
313031371,Woodford - D'Aguilar,11.9,27.2,30.6
307031187,Stanthorpe,13.8,27.4,30.6
203031048,Clifton Springs,12.6,27.6,30.6
215011392,Stawell,14,27.9,30.6
502011029,Pinjarra,12,28.2,30.6
105031099,Coonabarabran,15,28.2,30.6
604011082,Ulverstone,14.3,28.7,30.6
210051246,Greenvale - Bulla,7,23.5,30.7
315021405,Mount Isa,7,24.1,30.7
801071071,Banks,6.9,25.5,30.7
504021054,Swan View - Greenmount - Midvale,10.6,25.8,30.7
102011037,Point Clare - Koolewong,11,25.8,30.7
203021043,Lara,9.1,26.3,30.7
313051377,Clontarf,11.3,26.3,30.7
107041548,Wollongong - East,10.2,26.4,30.7
102011038,Saratoga - Davistown,10.8,26.6,30.7
801011014,Higgins,9.3,27.2,30.7
501021014,Harvey,11.7,27.4,30.7
113011258,Leeton,11.4,27.5,30.7
101041019,Bega - Tathra,13.4,27.6,30.7
602011047,South Launceston,9.7,27.7,30.7
205041094,Churchill,13.4,28.5,30.7
310021281,Lowood,11.5,28.6,30.7
214021384,Rosebud - McCrae,15.5,28.7,30.7
216011410,Rushworth,16,29.1,30.7
114011282,Ulladulla,16.2,29.1,30.7
108041164,Port Macquarie - West,14.9,29.4,30.7
101041023,Eden,16.7,29.4,30.7
107011547,Windang - Primbee,14.9,29.6,30.7
504031057,Beechboro,6.6,23.5,30.8
312021343,East Mackay,9.4,25.1,30.8
123021441,Leumeah - Minto Heights,9.4,26.3,30.8
316031426,Marcoola - Mudjimba,11.6,26.8,30.8
112021248,Lismore,12.1,27.1,30.8
403041089,Woodcroft,9.6,27.3,30.8
203021037,Belmont,10.4,27.5,30.8
105031105,Narromine,12.7,27.7,30.8
214021379,Hastings - Somers,12.6,28,30.8
203031051,Portarlington,18,28.9,30.8
319021506,Kingaroy Region - North,15.1,29.7,30.8
801071077,Gilmore,9.2,23.5,30.9
107041147,Helensburgh,7.3,23.9,30.9
123021440,Ingleburn - Denham Court,6.9,24.2,30.9
309071255,Ormeau - Yatala,6.7,24.8,30.9
801071080,Greenway,9.4,25.2,30.9
209041430,Doreen,5.9,25.7,30.9
124051580,Colyton - Oxley Park,8.4,26.4,30.9
801011020,Macquarie,9.4,26.6,30.9
316021424,Wurtulla - Birtinya,9.7,26.7,30.9
602011044,Prospect Vale - Blackstone,11.5,26.7,30.9
310011272,Durack,8.9,26.8,30.9
601021008,Lindisfarne - Rose Bay,12.3,27.1,30.9
216011409,Rochester,14.1,27.9,30.9
302021028,Chermside,9.1,28.4,30.9
117021328,Sydenham - Tempe - St Peters,6.5,24.3,31
316011415,Mountain Creek,7.3,26.1,31
215011388,Horsham,12.1,28,31
319021505,Kingaroy,11.4,28.8,31
311021310,Wolffdene - Bahrs Scrub,7.6,23.3,31.1
303021054,Fairfield - Dutton Park,5.7,23.8,31.1
310011271,Darra - Sumner,7.3,24.3,31.1
116011307,Lalor Park - Kings Langley,8.3,24.8,31.1
116021312,Riverstone - Marsden Park,6.2,25.4,31.1
801041046,Ngunnawal,6.6,25.5,31.1
102011035,Narara,9.7,25.8,31.1
506011112,Camillo - Champion Lakes,9.3,26.1,31.1
107011132,Horsley - Kembla Grange,7.9,26.8,31.1
506021122,Rivervale - Kewdale - Cloverdale,7.9,26.8,31.1
308031223,Yeppoon,11,27.1,31.1
202011021,Flora Hill - Spring Gully,10.6,27.8,31.1
103031072,Mudgee,10.7,28.1,31.1
103021063,Cowra,14.5,29.1,31.1
310041304,Springfield Lakes,4.4,24.1,31.2
309071256,Oxenford - Maudsland,7.4,24.5,31.2
116011303,Blacktown (East) - Kings Park,6.2,24.7,31.2
213021345,Seabrook,7.6,25.7,31.2
316021417,Aroona - Currimundi,11,27.2,31.2
507011153,Coolbellup,9.4,27.6,31.2
102011043,Wyoming,11.4,27.7,31.2
313031370,Kilcoy,12.4,27.7,31.2
604021088,Miandetta - Don,11.5,28.2,31.2
104021084,Coffs Harbour - North,12.5,28.2,31.2
217041479,Warrnambool - North,11.2,28.3,31.2
111021218,Morisset - Cooranbong,13.5,29,31.2
506031127,Cannington - Queens Park,5.1,24.1,31.3
125031481,Granville - Clyde,6.4,25.6,31.3
505021090,Nollamara - Westminster,7,26.3,31.3
604011080,Romaine - Havenview,11.8,28.5,31.3
108041166,Wauchope,13.2,28.7,31.3
306021153,Mount Sheridan,7.9,25,31.4
206071143,Fitzroy North,7.9,25.9,31.4
210051443,Craigieburn - South,5.7,26,31.4
119021362,Belmore - Belfield,8,26.2,31.4
317011446,Darling Heights,9.2,27.3,31.4
316021419,Caloundra - Kings Beach,15.4,27.9,31.4
404011095,Seaton - Grange,11.3,28,31.4
112011241,Evans Head,14.5,28,31.4
201031015,Golden Plains - North,12.9,28.9,31.4
110021191,Inverell,12.7,29.1,31.4
210051442,Craigieburn - North,4.3,22.9,31.5
309071258,Upper Coomera - Willow Vale,6,24.4,31.5
312021355,Slade Point,10.5,25.1,31.5
215031403,Robinvale,10.1,25.7,31.5
801071081,Isabella Plains,9.2,26,31.5
308031213,Norman Gardens,8.4,26.9,31.5
404011091,Flinders Park,10.3,27.5,31.5
307031189,Warwick,12.7,28.9,31.5
110041201,Quirindi,14.9,29.3,31.5
201031017,Maryborough Region,17.1,30,31.5
801071084,Monash,10,24.8,31.6
127031522,Casula,7.5,25.4,31.6
311041322,Logan Village,9.5,26.2,31.6
101021009,Queanbeyan,9,26.6,31.6
801051055,Downer,8.6,26.8,31.6
106021116,Maitland - North,9.8,27,31.6
203021040,Geelong West - Hamlyn Heights,9.5,27.1,31.6
507051187,Port Kennedy,7.9,27.6,31.6
124041466,Richmond - Clarendon,11,27.9,31.6
313051380,Rothwell - Kippa-Ring,11.3,28.1,31.6
214011371,Frankston,11.5,28.1,31.6
312011337,Bowen,12.2,28.3,31.6
111031222,Adamstown - Kotara,10.1,28.5,31.6
403021061,Mitchell Park,11.1,29,31.6
205021084,Lakes Entrance,17.5,29.9,31.6
602031059,George Town,15.4,30,31.6
116031315,Hassall Grove - Plumpton,6,23.3,31.7
504031056,Ballajura,7.6,24,31.7
212021455,Narre Warren - North East,7.1,24.5,31.7
116031319,Rooty Hill - Minchinbury,6.7,25,31.7
306021156,Whitfield - Edge Hill,10,25.8,31.7
209041436,South Morang (South),6.9,25.9,31.7
505031098,Alexander Heights - Koondoola,8.4,25.9,31.7
504031062,Lockridge - Kiara,7.6,26.1,31.7
309061248,Nerang - Mount Nathan,10.1,26.4,31.7
212041310,Clayton South,7.5,26.7,31.7
107041549,Wollongong - West,8.1,26.7,31.7
308031208,Frenchville - Mount Archer,9.7,27.2,31.7
801081095,Rivett,10.4,27.3,31.7
302041046,Zillmere,8.2,27.4,31.7
213021341,Altona,10.3,27.7,31.7
124031461,Jamisontown - South Penrith,10,27.9,31.7
402031037,Northgate - Oakden - Gilles Plains,8.9,28.4,31.7
106031125,Williamtown - Medowie - Karuah,11.2,28.4,31.7
103021067,Parkes (NSW),12.1,29.5,31.7
604011084,Wynyard,15.6,30.7,31.7
303021056,Holland Park,6.8,25.3,31.8
701041044,Woodroffe,6.8,26.9,31.8
313051378,Margate - Woody Point,12.7,28,31.8
317011456,Toowoomba - Central,10.8,28.2,31.8
204011056,Kilmore - Broadford,11.1,28.3,31.8
215011386,Ararat,13.7,29.5,31.8
213051468,Werribee - West,8.2,25.8,31.9
206041123,North Melbourne,5.7,26,31.9
801051050,Ainslie,9.7,26.1,31.9
506031124,Bentley - Wilson - St James,7.5,26.8,31.9
103041078,Orange - North,9.4,28,31.9
403041086,Reynella,11.4,28.2,31.9
112031251,Murwillumbah,12.9,28.7,31.9
205051103,Sale,12,28.9,31.9
601061035,Sorell - Richmond,12.6,29.1,31.9
702011048,Larapinta,5.8,19.8,32
127011594,Green Valley,6.8,24,32
311031316,Hillcrest,7.7,24.7,32
119011357,Greenacre - Mount Lewis,7.5,26.7,32
511041286,Geraldton - East,9.4,27.3,32
403021062,Morphettville,10.6,28,32
111021220,Wangi Wangi - Rathmines,14.1,28.6,32
501011002,Busselton,12.4,28.8,32
212011292,Pakenham - South,8.1,29,32
403041072,Aldinga,11.4,29.9,32
108021160,South West Rocks,18.7,30.5,32
801041034,Amaroo,6,24.3,32.1
801011006,Dunlop,6.4,24.3,32.1
801061067,Narrabundah,8.2,24.5,32.1
801071090,Wanniassa,10,24.9,32.1
206021111,Northcote,7.1,25.4,32.1
212041312,Dandenong North,9.2,27.4,32.1
206041117,Carlton,5.4,27.5,32.1
204031068,Beechworth,14.2,27.8,32.1
509011233,McKail - Willyung,10.6,28.1,32.1
313021368,Morayfield - East,9.2,28.2,32.1
101041017,Batemans Bay,17,29.8,32.1
319011495,Bundaberg,13.3,30.2,32.1
213051365,Tarneit,4.1,26.3,32.2
127031598,Liverpool,7.4,26.9,32.2
403021058,Edwardstown,9.6,27.6,32.2
314031392,Lawnton,9.6,28.3,32.2
113011259,Narrandera,13.4,28.5,32.2
205011079,Warragul,12.5,28.9,32.2
502011028,Mandurah - South,15.1,29.8,32.2
112021244,Casino,14,30.1,32.2
213011340,Taylors Lakes,8.6,24.3,32.3
124031458,Castlereagh - Cranebrook,7,25.5,32.3
117031336,Surry Hills,6.4,25.8,32.3
403041078,Hackham - Onkaparinga Hills,11.3,27.4,32.3
205041098,Yallourn North - Glengarry,11.7,27.7,32.3
215021470,Mildura - South,11.8,29.1,32.3
111021216,Bonnells Bay - Silverwater,13.6,29.3,32.3
602011037,Kings Meadows - Punchbowl,11.7,29.5,32.3
114011277,North Nowra - Bomaderry,13.4,29.6,32.3
507031169,Bertram - Wellard (West),3.9,24,32.4
124051470,St Clair,7.9,24.2,32.4
801011008,Florey,9.4,25.3,32.4
306021148,Gordonvale - Trinity,10.3,27.7,32.4
215021395,Irymple,11.1,27.9,32.4
311021309,Mount Warren Park,10.3,28,32.4
204031070,Chiltern - Indigo Valley,12.9,28,32.4
402031038,Windsor Gardens,8.7,28.1,32.4
312021349,North Mackay,11.4,28.1,32.4
313041372,Burpengary,9.9,28.5,32.4
318011460,Ayr,12.6,28.5,32.4
103011059,Bathurst - East,10.3,28.7,32.4
603011065,Central Highlands,17.2,30.2,32.4
506041136,Maddington - Orange Grove - Martin,8.3,26.8,32.5
212041318,Springvale South,8.3,27,32.5
203021047,North Geelong - Bell Park,11.4,28.2,32.5
306031159,Innisfail,12.3,28.3,32.5
316031427,Maroochydore - Kuluin,13.3,28.9,32.5
205011078,Trafalgar (Vic.),13.1,29.1,32.5
215031404,Swan Hill,11.6,29.2,32.5
217041480,Warrnambool - South,12.4,29.2,32.5
216021413,Numurkah,13.7,29.4,32.5
603011066,Derwent Valley,14.7,30.4,32.5
204021063,Benalla,15.9,30.4,32.5
319051523,Granville,16.1,31.5,32.5
311031318,Munruben - Park Ridge South,8.7,24.4,32.6
501021251,Dalyellup,5.9,26.7,32.6
314031394,Strathpine - Brendale,9.5,27.6,32.6
107031141,Shellharbour - Flinders,8.8,27.7,32.6
407021152,Millicent,13.7,28.9,32.6
501021016,Waroona,13.3,29.3,32.6
216011407,Kyabram,13.4,29.4,32.6
319031511,Cooloola,21.5,31.9,32.6
312021344,Eimeo - Rural View,5.9,23,32.7
116031314,Glendenning - Dean Park,5.9,24.5,32.7
801051054,Dickson,7.2,24.8,32.7
801071078,Gordon (ACT),8.4,25.7,32.7
311041320,Greenbank,8,26,32.7
213051368,Werribee - South,10.1,27.5,32.7
212041316,Noble Park North,9.9,27.6,32.7
209041217,Bundoora - West,10.6,27.9,32.7
501021005,Australind - Leschenault,9.7,28,32.7
110031197,Narrabri,11.4,28.6,32.7
111011208,Charlestown - Dudley,11.4,29.2,32.7
507051190,Safety Bay - Shoalwater,12.7,29.4,32.7
316011416,Sippy Downs,9.7,29.5,32.7
319051524,Maryborough (Qld),15.8,31.1,32.7
213031349,Maribyrnong,6.3,24.3,32.8
316031425,Coolum Beach,10.6,27.4,32.8
402041172,Pooraka - Cavan,10.1,28.6,32.8
601021004,Bellerive - Rosny,13.7,29.1,32.8
507011163,Yangebup,7.5,26,32.9
404031108,Richmond (SA),8.9,27.5,32.9
213041461,Burnside,8.1,28.5,32.9
107011134,Unanderra - Mount Kembla,10.2,28.5,32.9
111011211,Redhead,12,28.9,32.9
308031207,Emu Park,13.1,28.9,32.9
111011214,Warners Bay - Boolaroo,12.5,29,32.9
213041359,Rockbank - Mount Cottrell,11.9,29.4,32.9
109011176,Lavington,13.1,29.4,32.9
604011077,Burnie - Wivenhoe,13.5,29.6,32.9
604021087,Latrobe,14,30.1,32.9
108051171,Wingham,15,30.2,32.9
202021029,Heathcote,17.6,30.6,32.9
108021157,Macksville - Scotts Head,16.3,31,32.9
213011329,Cairnlea,6.1,23.2,33
801071086,Oxley (ACT),9.6,23.7,33
801041048,Palmerston,7.6,24.8,33
210051445,Mickleham - Yuroke,5,25.5,33
311031319,Regents Park - Heritage Park,7.4,25.6,33
505031104,Marangaroo,8.5,26.4,33
124031457,Cambridge Park,9.7,27.2,33
123021437,Campbelltown - Woodbine,9.2,28.2,33
106041128,Scone,10.9,29.1,33
104011081,Grafton Region,16.5,30.4,33
105031106,Wellington,15.4,31.4,33
314031391,Bray Park,8.8,27.2,33.1
210041241,Sunbury - South,9.7,27.9,33.1
511041285,Geraldton,12.6,28.7,33.1
402041041,Para Hills,10.4,28.8,33.1
212011291,Pakenham - North,8,29.2,33.1
201011006,Delacombe,10.6,29.4,33.1
102011040,Umina - Booker Bay - Patonga,14.3,30.1,33.1
108051169,Taree,15.8,31.6,33.1
309071251,Coomera,5.6,24.8,33.2
123021444,Rosemeadow - Glen Alpine,9.3,27.4,33.2
212031303,Cranbourne South,9.3,27.5,33.2
507041183,Willagee,8.7,27.9,33.2
107041150,Woonona - Bulli - Russell Vale,9.9,28.8,33.2
102021055,Tuggerah - Kangy Angy,10.1,28.9,33.2
105031101,Dubbo - South,10.5,29.1,33.2
127031599,Lurnea - Cartwright,9.4,29.5,33.2
308031214,Park Avenue,11.4,30.4,33.2
124051469,Erskine Park,6.9,22.5,33.3
701041043,Rosebery - Bellamack,3.4,23.5,33.3
127021510,Bossley Park - Abbotsbury,8.8,25.7,33.3
204031071,Myrtleford,14.8,29.1,33.3
318021486,Northern Beaches,12.7,29.4,33.3
403041087,Seaford (SA),10.8,30.2,33.3
111011206,Belmont - Bennetts Green,12.8,30.5,33.3
201011008,Wendouree - Miners Rest,13.7,31.2,33.3
206021110,Alphington - Fairfield,7.2,25.4,33.4
206031113,Ascot Vale,7.2,25.5,33.4
801051051,Braddon,6.3,25.7,33.4
213011339,Sydenham,7,26,33.4
212041317,Springvale,8.3,27.8,33.4
213021342,Altona Meadows,9.8,28.3,33.4
210051245,Gladstone Park - Westmeadows,11,28.6,33.4
601041022,Kingston - Huntingfield,11.3,29.3,33.4
507051192,Waikiki,9.9,29.5,33.4
602011048,Summerhill - Prospect,11.9,29.8,33.4
215021396,Merbein,13.3,30.3,33.4
209041431,Epping - East,7.9,26.9,33.5
117031335,Redfern - Chippendale,6.4,27.2,33.5
312021342,Andergrove - Beaconsfield,8.9,27.2,33.5
404021099,Largs Bay - Semaphore,10.9,28,33.5
308031216,Rockhampton - West,11.2,29.1,33.5
601061034,Dodges Ferry - Lewisham,13,29.1,33.5
501021012,Eaton - Pelican Point,10.4,29.5,33.5
310031292,North Ipswich - Tivoli,12.8,30.6,33.5
407031167,Renmark,14,30.6,33.5
111031232,Stockton - Fullerton Cove,15.8,31,33.5
801041036,Casey,4.1,23.5,33.6
702011045,Charles,8.8,23.5,33.6
116011306,Doonside - Woodcroft,7,25.6,33.6
311041321,Jimboomba,7.8,27.6,33.6
212031308,Pearcedale - Tooradin,10.8,28,33.6
507011154,Hamilton Hill,10.4,28.6,33.6
102011032,Gosford - Springfield,11.7,28.7,33.6
310031285,Churchill - Yamanto,8.9,28.8,33.6
314021388,Dakabin - Kallangur,9,28.9,33.6
103011058,Bathurst,11.5,29,33.6
601021006,Geilston Bay - Risdon,12.4,29.7,33.6
801011023,Page,10.4,30.2,33.6
318011462,Charters Towers,12.8,30.4,33.6
602011040,Mowbray,10.4,31.5,33.6
104011082,Maclean - Yamba - Iluka,18.7,32.1,33.6
209041433,Epping - West,4.6,24.4,33.7
209041220,Mill Park - North,8.5,26.3,33.7
206011107,Brunswick West,7.8,27.3,33.7
125031485,Merrylands - Holroyd,7.1,27.4,33.7
306021149,Kanimbla - Mooroobool,9.5,27.5,33.7
117031338,Waterloo - Beaconsfield,5.9,28.3,33.7
506041134,Gosnells,9.8,29.1,33.7
109011173,Albury - North,12,29.4,33.7
111031225,Lambton - New Lambton,10.7,29.5,33.7
402041047,Salisbury East,11.7,29.9,33.7
317011447,Drayton - Harristown,12.6,30.7,33.7
111011212,Swansea - Caves Beach,15,30.8,33.7
402021035,Virginia - Waterloo Corner,13.1,31.1,33.7
404011093,Hindmarsh - Brompton,8.9,27.9,33.8
102021047,Chittaway Bay - Tumbi Umbi,11.3,29.1,33.8
402011026,Gawler - South,12.2,30.1,33.8
205041097,Traralgon,11.9,30.6,33.8
403041074,Christies Beach,13.6,31.4,33.8
311031313,Chambers Flat - Logan Reserve,8.9,26.4,33.9
124051581,St Marys - North St Marys,9.2,28.4,33.9
213051467,Werribee - East,8.9,28.7,33.9
215021469,Mildura - North,12.3,30.2,33.9
204021066,Wangaratta,13.7,30.5,33.9
317011459,Wilsonton,13.5,31,33.9
102011042,Woy Woy - Blackwall,14.8,31.1,33.9
203021045,Newcomb - Moolap,14.3,31.3,33.9
107011131,Dapto - Avondale,12.9,31.4,33.9
114011274,Culburra Beach,17.6,31.5,33.9
313041373,Deception Bay,12.9,31.7,33.9
502011023,Greenfields,14.4,32.1,33.9
114011280,Sussex Inlet - Berrara,20.7,32.2,33.9
318021470,Bohle Plains,7,26.9,34
116011304,Blacktown (North) - Marayong,8.1,27.3,34
119021366,Punchbowl,7.6,27.6,34
123021442,Macquarie Fields - Glenfield,8,28.4,34
107031136,Albion Park - Macquarie Pass,9.4,29.3,34
107041144,Balgownie - Fairy Meadow,11.1,29.4,34
317011454,North Toowoomba - Harlaxton,11.7,30,34
216031419,Shepparton Region - West,13.8,30.7,34
402041040,Ingle Farm,12,31.5,34
407031165,Murray Bridge,13.5,32,34
206071144,Richmond (Vic.),7.2,27,34.1
117021326,Marrickville,7.7,27.1,34.1
206011109,Pascoe Vale South,8.3,27.9,34.1
210051249,Roxburgh Park - Somerton,6.6,28.6,34.1
801011015,Holt,11.4,29.7,34.1
103041077,Orange,13.6,31.1,34.1
204011059,Seymour,15.2,31.4,34.1
105031102,Dubbo - West,11.7,31.6,34.1
604011075,Acton - Upper Burnie,14.9,33.1,34.1
101021008,Karabar,10.2,27.4,34.2
124041467,Windsor - Bligh Park,10.1,29.1,34.2
212041311,Dandenong,7.6,30.1,34.2
602011036,Invermay,12.3,30.4,34.2
205011076,Drouin,13,31,34.2
111021219,Toronto - Awaba,14.8,31.1,34.2
206021112,Thornbury,7.7,28.2,34.3
306021146,Earlville - Bayview Heights,11.8,28.7,34.3
318021485,Mundingburra,11.9,29,34.3
202011025,White Hills - Ascot,10.2,30.3,34.3
210031438,Glenroy,8.2,30.5,34.3
111011209,Glendale - Cardiff - Hillsborough,11.5,30.5,34.3
313021365,Caboolture,11.5,31.5,34.3
319031513,Gympie - South,14.3,31.5,34.3
603011067,Southern Midlands,15.2,31.5,34.3
213051361,Hoppers Crossing - North,8.4,27.1,34.4
213021344,Newport,7.1,27.2,34.4
206011106,Brunswick East,6.6,27.7,34.4
209021429,Preston - West,8.2,28.4,34.4
312021356,South Mackay,11,28.7,34.4
214011370,Carrum Downs,9.3,28.8,34.4
106021118,Thornton - Millers Forest,9.6,29.5,34.4
127031601,Warwick Farm,8.7,30.2,34.4
507051188,Rockingham,14.6,31.2,34.4
216011406,Echuca,14,31.5,34.4
103031070,Lithgow,15.2,32.2,34.4
604021085,Devonport,15.6,32.8,34.4
201031016,Maryborough (Vic.),18.2,33.6,34.4
801071075,Conder,8.1,26.5,34.5
206071142,Fitzroy,8.1,27.8,34.5
504031066,Midland - Guildford,10,28.5,34.5
601011003,Old Beach - Otago,11.1,29.4,34.5
303051076,Rocklea - Acacia Ridge,9.1,29.6,34.5
310041297,Camira - Gailes,10.4,30.1,34.5
107011545,Berkeley - Lake Heights - Cringila,11.8,31,34.5
110031195,Moree,13,31.1,34.5
205021081,Bairnsdale,14.6,31.6,34.5
216021414,Yarrawonga,17,32.9,34.5
702011047,Flynn (NT),6.6,22.7,34.6
404011090,Beverley,8.7,27.7,34.6
210031236,Coburg North,8.5,29.2,34.6
210031239,Pascoe Vale,8.1,29.4,34.6
210031440,Hadfield,11,30.6,34.6
214011372,Frankston North,13.4,32,34.6
123021443,Minto - St Andrews,7.4,27.1,34.7
102021056,Warnervale - Wadalba,9.6,31.3,34.7
801071074,Chisholm,9.3,26.2,34.8
308031210,Gracemere,9,29.4,34.8
302021032,Stafford,8.7,29.9,34.8
404021100,North Haven,13.2,30.4,34.8
601031021,West Moonah,11.4,30.6,34.8
501021254,Withers - Usher,12.6,31.5,34.8
107011546,Port Kembla - Warrawong,13.2,31.5,34.8
202011022,Kangaroo Flat - Golden Square,13.7,32.3,34.8
209021208,Reservoir - West,10,30.6,34.9
110041203,Tamworth - North,12.6,31.9,34.9
602011041,Newnham - Mayfield,12.6,32.3,34.9
127021514,Edensor Park,8.3,25.7,35
210051441,Craigieburn - Central,7.8,27.7,35
127021517,Greenfield Park - Prairiewood,9.8,27.7,35
213041360,Taylors Hill,5.5,28,35
106011112,Singleton,10.8,30.4,35
403041084,Morphett Vale - East,12.7,31,35
202011018,Bendigo,13.3,31.5,35
110041202,Tamworth - East,13.4,31.7,35
114011279,St Georges Basin - Erowal Bay,17.5,33.4,35
701021016,Coconut Grove,7.1,26.7,35.1
312021346,Mackay,11.1,29.7,35.1
107031142,Shellharbour - Oak Flats,12.5,30.1,35.1
213021343,Altona North,10.4,31.6,35.1
601031018,Montrose - Rosetta,14.1,31.9,35.1
106031120,Lemon Tree Passage - Tanilba Bay,17.2,32.9,35.1
216021411,Cobram,15.9,33.1,35.1
209041221,Mill Park - South,9.3,27.7,35.2
404011097,Woodville - Cheltenham,9.2,28.7,35.2
209041224,Wallan,8.8,28.8,35.2
125031484,Guildford West - Merrylands West,7.9,29,35.2
601031013,Austins Ferry - Granton,11.6,29.1,35.2
505021085,Balga - Mirrabooka,7.8,29.3,35.2
111031226,Maryland - Fletcher - Minmi,8.7,29.8,35.2
310031286,Ipswich - Central,12.1,30.6,35.2
215021399,Red Cliffs,13.6,31.2,35.2
102021052,Summerland Point - Gwandalan,14.7,32.7,35.2
701021019,Karama,6.3,23,35.3
212031305,Hampton Park - Lynbrook,7.8,29,35.3
318021484,Mount Louisa,7.8,29,35.3
110041199,Gunnedah,13.1,32.2,35.3
318021482,Kirwan - West,8.7,28.3,35.4
318021469,Belgian Gardens - Pallarenda,11.7,29.3,35.4
213011330,Deer Park - Derrimut,7.2,29.4,35.4
102021044,Bateau Bay - Killarney Vale,13.1,31.2,35.4
311031311,Boronia Heights - Park Ridge,11.6,31.4,35.4
201011004,Ballarat - South,12.8,32.7,35.4
308031215,Parkhurst - Kawana,9.7,30.9,35.5
212031301,Cranbourne East,5.4,31,35.5
318021467,Aitkenvale,11.1,31.1,35.5
127021520,St Johns Park - Wakeley,9.9,27.3,35.6
318021487,Oonoonba,7,28,35.6
206011105,Brunswick,7.1,29.1,35.6
213011332,Keilor Downs,10.7,29.2,35.6
111031224,Hamilton - Broadmeadow,11.5,30.1,35.6
108021158,Nambucca Heads,21.4,34.2,35.6
213051362,Hoppers Crossing - South,9.7,29.6,35.7
127021519,Smithfield - Wetherill Park,10.3,29.6,35.7
124031462,Kingswood - Werrington,8.5,30.2,35.7
602011050,Waverley - St Leonards,11.9,30.4,35.7
311051323,Bethania - Waterford,10.6,31.8,35.7
111031235,Wickham - Carrington - Tighes Hill,11.1,30.3,35.8
506011110,Armadale - Wungong - Brookdale,10.8,31.3,35.8
406011133,Port Lincoln,12.9,31.7,35.8
308031205,Berserker,12.4,33.3,35.8
801071072,Bonython,8.8,26.6,35.9
119031373,Riverwood,10.2,29.2,35.9
212031302,Cranbourne North,6.6,29.7,35.9
125031479,Chester Hill - Sefton,9.1,30,35.9
209021428,Preston - East,8.7,30.3,35.9
507051193,Warnbro,11.2,31.1,35.9
310031293,Raceview,10.2,31.5,35.9
402031036,Enfield - Blair Athol,9.7,32,35.9
111021217,Edgeworth - Cameron Park,10,32.8,35.9
213051363,Laverton,5.5,27.6,36
209011199,Heidelberg West,9.8,30.6,36
310031287,Ipswich - East,12.8,32.4,36
407031160,Berri,15.1,33.5,36
102021050,Lake Munmorah - Mannering Park,16.9,33.9,36
123021438,Claymore - Eagle Vale - Raby,8.8,28.1,36.1
210051250,Tullamarine,11.7,30.7,36.1
402041043,Parafield Gardens,10.3,32,36.1
311021308,Edens Landing - Holmview,7.9,28,36.2
318021488,South Townsville - Railway Estate,11.5,30,36.2
125031483,Guildford - South Granville,8.6,31.9,36.2
501021015,East Bunbury - Glen Iris,13.1,32.1,36.2
310031284,Bundamba,12.2,32.6,36.2
111031233,Wallsend - Elermore Vale,13.1,32.6,36.2
114011278,Nowra,14.5,35.2,36.2
309071257,Pimpama,6.5,28.2,36.3
212031304,Cranbourne West,5.8,29.4,36.3
213041355,Hillside,6.3,27.6,36.4
127021516,Fairfield - West,9.5,29.9,36.4
111021221,West Wallsend - Barnsley - Killingworth,12.5,32.6,36.4
102021046,Budgewoi - Buff Point - Halekulani,16.2,33.8,36.4
206011108,Coburg,8.6,30.1,36.5
105031100,Dubbo - East,11.6,30.7,36.5
102021053,The Entrance,16.7,33.6,36.5
213041353,Bacchus Marsh,11.6,32,36.6
501021009,Collie,15,33.3,36.6
405031122,Port Pirie,15.5,34.4,36.6
111021215,Bolton Point - Teralba,15.5,34.8,36.6
311051326,Loganlea,9.3,30.4,36.7
317011453,Newtown (Qld),12.3,31.9,36.7
206041121,Kensington (Vic.),7,28.5,36.8
318021472,Cranbrook,12.2,31.7,36.8
406021142,Port Augusta,13.7,32.6,36.8
313021366,Caboolture - South,11.4,33.8,36.8
310041299,Collingwood Park - Redbank,9,31.2,36.9
310031283,Brassall,11.2,32.9,36.9
306021154,Westcourt - Bungalow,12.5,32.6,37
701041040,Moulden,8.7,33.1,37
502011025,Mandurah,17.1,33.7,37
507031170,Calista,11.6,34.3,37
319031512,Gympie - North,15.4,34.3,37
213031352,Yarraville,7.5,29.4,37.1
318021473,Deeragun,7.4,30.7,37.1
206071141,Collingwood,7.6,31.4,37.1
318021491,Wulguru - Roseneath,12.9,31.8,37.1
108021155,Kempsey,16.9,35.4,37.1
213031350,Seddon - Kingsville,7.1,29.6,37.2
213011333,Kings Park (Vic.),11.2,32.1,37.2
209021207,Reservoir - East,10.4,33.2,37.2
202011019,California Gully - Eaglehawk,14.8,35.1,37.2
213011336,Sunshine,8.1,30.7,37.3
505031102,Girrawheen,9.9,31.7,37.3
213011328,Ardeer - Albion,9.1,32,37.3
205041095,Moe - Newborough,16.8,34.8,37.3
801011004,Charnwood,10.8,31.1,37.4
210031237,Fawkner,9.5,33.4,37.4
107031137,Albion Park Rail,14.1,34.6,37.4
604021086,East Devonport,17.9,34.9,37.4
111031231,Shortland - Jesmond,10.1,35.3,37.4
308031217,Rockhampton City,15.5,32.9,37.5
111031234,Waratah - North Lambton,11.2,33.4,37.5
124031464,Penrith,11.7,33.5,37.5
507031174,Parmelia - Orelia,12.1,33.5,37.5
102021054,Toukley - Norah Head,16.8,34.6,37.5
801071087,Richardson,10.3,28.7,37.6
213051369,Wyndham Vale,6.6,31.1,37.6
209041219,Lalor,11.3,33.6,37.6
212021295,Doveton,10,33.7,37.6
213031351,West Footscray - Tottenham,7.7,30.6,37.7
209041223,Thomastown,12.2,32.9,37.7
404021101,Port Adelaide,13.5,33.7,37.7
402041046,Salisbury,12.4,34.2,37.7
308031211,Lakes Creek,10.8,33.1,37.8
308031212,Mount Morgan,19.2,34.8,37.8
507051186,Cooloongup,13.5,33.3,37.9
123021436,Bradbury - Wedderburn,11.5,33.4,37.9
106021115,Maitland - East,13,33.8,37.9
306021144,Bentley Park,8.3,31,38
318021478,Hermit Park - Rosslea,10.8,31.7,38
306021155,White Rock,11.7,32.5,38
213011338,Sunshine West,10.5,32.9,38
107041145,Corrimal - Tarrawanna - Bellambi,13.4,33.3,38
111011207,Belmont South - Blacksmiths,17,34.8,38
127021515,Fairfield,9.9,31.7,38.1
311021307,Eagleby,14.4,35.7,38.1
306021157,Woree,13.4,32.6,38.2
310011276,Wacol,11.1,34,38.2
403041085,Morphett Vale - West,15.1,34.4,38.2
310041300,Goodna,10.1,35.4,38.2
204031074,Wodonga,13,33.5,38.3
601031019,Moonah,12.9,34.2,38.3
102021057,Wyong,15.1,36.2,38.3
204031073,West Wodonga,13,34.2,38.4
203021038,Corio - Norlane,14.4,35.2,38.4
701041039,Gray,8.4,30,38.5
311031312,Browns Plains,8.8,31.4,38.5
213011337,Sunshine North,9.7,31.5,38.5
111031227,Mayfield - Warabrook,11.9,32.6,38.5
106021114,Maitland,11.5,33.8,38.5
216031416,Shepparton - North,12.6,33.8,38.5
216031417,Shepparton - South,13,34.5,38.5
104011080,Grafton,16.8,35.9,38.5
106031122,Raymond Terrace,15.2,35.7,38.6
205041096,Morwell,18,36.5,38.6
213031348,Footscray,7.1,31.3,38.7
404011094,Royal Park - Hendon - Albert Park,11.6,33.4,38.7
212031300,Cranbourne,10.8,34,38.7
106011111,Kurri Kurri - Abermain,15.2,37.3,38.8
801031113,Canberra East,20.8,32.2,38.9
306021147,Edmonton,10.2,33.6,38.9
213011334,St Albans - North,11,33.9,38.9
601031016,Derwent Park - Lutana,14.3,35.1,38.9
127021512,Cabramatta West - Mount Pritchard,10.2,32.1,39.1
213011335,St Albans - South,10.5,33.2,39.1
318021476,Gulliver - Currajong - Vincent,12.7,35,39.1
102021048,Gorokan - Kanwal - Charmhaven,15.5,35.6,39.1
127021511,Cabramatta - Lansvale,9.5,30.2,39.2
402041044,Paralowie,9.8,31.6,39.2
402021028,Craigmore - Blakeview,10.1,34,39.3
311061330,Kingston (Qld.),11.5,35.4,39.3
601031015,Claremont (Tas.),15.5,36.6,39.3
125031480,Fairfield - East,9.4,31.2,39.4
310041302,Redbank Plains,7.6,32.9,39.5
311061333,Slacks Creek,10.7,33,39.5
107031143,Warilla,16.4,36.4,39.5
106041126,Muswellbrook,12.8,35.4,39.6
318021471,Condon - Rasmussen,12.8,35.3,39.7
601031020,New Norfolk,17.5,37.8,39.7
213011331,Delahey,9.5,31.2,40
318021479,Hyde Park - Pimlico,11.7,32.6,40
601011002,Brighton - Pontville,12.9,36,40
210051243,Campbellfield - Coolaroo,11.9,37.2,40
106011108,Cessnock,16,38.2,40
127021513,Canley Vale - Canley Heights,9.6,30.8,40.1
206031115,Flemington,8.1,32.4,40.1
213041357,Melton South,10.1,35.8,40.1
102021045,Blue Haven - San Remo,13.1,36.4,40.1
105021097,Broken Hill,17.4,37.1,40.1
318021481,Kirwan - East,13.4,35.5,40.3
311061331,Logan Central,11.6,36.3,40.4
601031014,Berriedale - Chigwell,14.5,35.9,40.6
106021117,Maitland - West,12.6,36.7,40.6
402021031,Elizabeth East,14.4,37.7,40.7
501021008,College Grove - Carey Park,14.6,35.2,40.8
311061336,Woodridge,10.5,35.1,40.9
402021032,Munno Para West - Angle Vale,9.2,35.9,40.9
311021306,Beenleigh,13.3,36.1,40.9
306021152,Manunda,14.4,36.3,40.9
318021477,Heatley,14.7,36.5,41
111031223,Beresfield - Hexham,16.7,38.1,41.1
311051328,Waterford West,12.1,35.3,41.2
318021475,Garbutt - West End,14.4,35.9,41.2
403041073,Christie Downs,16.1,38.2,41.2
127021509,Bonnyrigg Heights - Bonnyrigg,9.9,31.2,41.3
213041358,Melton West,9.7,35.3,41.4
406011136,Whyalla,15.1,37.5,41.4
213031347,Braybrook,8.7,34.2,41.5
213041356,Melton,12.7,35.9,41.7
404021102,The Parks,11.4,36.3,41.8
403041079,Hackham West - Huntfield Heights,17,38.5,42.1
209041432,Epping - South,12.1,36.3,42.2
318021480,Kelso,11.4,35.7,42.4
210051242,Broadmeadows,11.2,38.1,42.4
111011210,Mount Hutton - Windale,17.1,40.4,42.4
310031291,Leichhardt - One Mile,14,39.4,42.5
116031317,Mount Druitt - Whalan,9.5,36,42.9
310011274,Inala - Richlands,11.7,37.8,42.9
216031415,Mooroopna,17.8,39.2,43
601031017,Glenorchy,16.5,39.8,43
311031317,Marsden,8.4,34.6,43.2
602011045,Ravenswood,18.5,39.9,43.3
311031314,Crestmead,8.6,33.5,43.4
402041048,Salisbury North,11.9,38.4,44.2
601021009,Mornington - Warrane,16.1,40.6,44.3
127011504,Ashcroft - Busby - Miller,13.9,40.6,45.3
601021010,Risdon Vale,16.3,41.9,45.5
402021029,Davoren Park,13.5,44.5,45.7
402021030,Elizabeth,19,44.8,45.9
306021151,Manoora,15.4,40.2,46
210051247,Meadow Heights,11,39,46.3
310031295,Riverview,15.9,41.8,46.7
601021011,Rokeby,16.7,44,46.9
116031316,Lethbridge Park - Tregear,12.4,43,47
402021034,Smithfield - Elizabeth North,18.6,45.4,47.9
110041204,Tamworth - West,16.4,45,48.8
116031313,Bidwill - Hebersham - Emerton,14.6,43.9,49.3
601011001,Bridgewater - Gagebrook,23.3,55.1,58.6
801111141,Namadgi,NA,NA,NA
205051099,Alps - West,NA,NA,NA
114011275,Ettrema - Sassafras - Budawang,NA,NA,NA
503021037,Kings Park (WA),NA,NA,NA
801041118,Jacka,NA,NA,NA
507031172,Hope Valley - Postans,NA,NA,NA
507021167,O'Connor (WA),NA,NA,NA
101041022,Deua - Wadbilliga,NA,NA,NA
701041042,Palmerston - South,1.9,NA,NA
801041119,Kenny,NA,NA,NA
507031173,Kwinana Industrial,NA,NA,NA
111031230,Newcastle Port - Kooragang,NA,NA,NA
801041120,Moncrieff,2.7,NA,NA
506031130,Welshpool,NA,NA,NA
801031114,Canberra Airport,NA,NA,NA
801071089,Tuggeranong,NA,NA,NA
127011592,Badgerys Creek,NA,NA,NA
117011320,Banksmeadow,NA,NA,NA
304041099,Enoggera Reservoir,NA,NA,NA
205031088,French Island,13.5,NA,NA
505031256,Carabooda - Pinjar,7.8,17.4,NA
801101139,Wright,3.5,17,NA
302031037,Eagle Farm - Pinkenba,6,15.5,NA
312021347,Mackay Harbour,7.4,14,NA
701011009,Woolner - Bayview - Winnellie,3.8,12.4,NA
801041038,Forde,3.1,15.6,NA
119011355,Chullora,2.6,NA,NA
406021143,Roxby Downs,4.5,14.6,NA
801011018,Lawson,2.4,NA,NA
403041082,Lonsdale,NA,NA,NA
801101135,Coombs,3.5,24.1,NA
801031115,Majura,11.2,NA,NA
801041043,Hall,9.6,24.7,NA
701021012,Berrimah,7.4,20.8,NA
204011061,Upper Yarra Valley,15.7,NA,NA
308051532,Callemondah,NA,NA,NA
801111140,ACT - South West,7.8,NA,NA
312021345,Eungella Hinterland,NA,NA,NA
